,"(deg C) Minimum Temperature (gridMET) at -79.2103E,35.1464N, 1979-01-01 to 2026-04-10"
"1979-01-01",12.388
"1979-01-02",-0.7026
"1979-01-03",-8.9931
"1979-01-04",-9.862
"1979-01-05",-4.6324
"1979-01-06",0.5172
"1979-01-07",5.7177
"1979-01-08",-1.7026
"1979-01-09",-6.1628
"1979-01-10",-7.2321
"1979-01-11",-5.9626
"1979-01-12",-2.983
"1979-01-13",0.2671
"1979-01-14",-2.3325
"1979-01-15",-5.5232
"1979-01-16",-3.6724
"1979-01-17",-0.8931
"1979-01-18",-1.6128
"1979-01-19",-6.1932
"1979-01-20",-2.273
"1979-01-21",3.1775
"1979-01-22",-1.1128
"1979-01-23",-2.7622
"1979-01-24",-0.9028
"1979-01-25",-4.5523
"1979-01-26",-4.2622
"1979-01-27",-3.2124
"1979-01-28",-1.8531
"1979-01-29",-3.903
"1979-01-30",-5.562
"1979-01-31",-3.2427
"1979-02-01",-6.6131
"1979-02-02",-8.1726
"1979-02-03",-4.4334
"1979-02-04",-0.4829
"1979-02-05",-2.9126
"1979-02-06",-6.6325
"1979-02-07",-4.5729
"1979-02-08",-7.8534
"1979-02-09",-8.1035
"1979-02-10",-9.1423
"1979-02-11",-5.8327
"1979-02-12",-5.3133
"1979-02-13",-1.6128
"1979-02-14",-3.0024
"1979-02-15",4.5271
"1979-02-16",4.3365
"1979-02-17",-7.993
"1979-02-18",-10.5429
"1979-02-19",-8.4833
"1979-02-20",-8.9033
"1979-02-21",0.0475
"1979-02-22",4.5174
"1979-02-23",5.4871
"1979-02-24",8.0868
"1979-02-25",7.9168
"1979-02-26",4.0865
"1979-02-27",-0.5824
"1979-02-28",-1.2172
"1979-03-01",2.7127
"1979-03-02",4.9434
"1979-03-03",5.0028
"1979-03-04",8.6729
"1979-03-05",13.223
"1979-03-06",7.4933
"1979-03-07",3.413
"1979-03-08",5.9726
"1979-03-09",3.5234
"1979-03-10",4.0635
"1979-03-11",-0.0266
"1979-03-12",-2.2269
"1979-03-13",0.3533
"1979-03-14",4.9228
"1979-03-15",-1.0764
"1979-03-16",-3.3568
"1979-03-17",-0.5169
"1979-03-18",1.9226
"1979-03-19",6.5636
"1979-03-20",9.8429
"1979-03-21",6.8937
"1979-03-22",2.4032
"1979-03-23",5.0635
"1979-03-24",6.6631
"1979-03-25",3.9627
"1979-03-26",-1.0363
"1979-03-27",1.9432
"1979-03-28",6.0636
"1979-03-29",9.4036
"1979-03-30",11.1136
"1979-03-31",12.2484
"1979-04-01",13.0688
"1979-04-02",13.0785
"1979-04-03",13.6077
"1979-04-04",10.1985
"1979-04-05",8.2882
"1979-04-06",4.6084
"1979-04-07",-0.4113
"1979-04-08",5.4883
"1979-04-09",7.8477
"1979-04-10",3.0586
"1979-04-11",4.1788
"1979-04-12",12.2787
"1979-04-13",15.0883
"1979-04-14",11.2483
"1979-04-15",7.6486
"1979-04-16",3.1484
"1979-04-17",2.8183
"1979-04-18",4.6582
"1979-04-19",4.4179
"1979-04-20",7.7688
"1979-04-21",5.2286
"1979-04-22",11.1986
"1979-04-23",14.4585
"1979-04-24",15.4488
"1979-04-25",13.5883
"1979-04-26",15.1381
"1979-04-27",16.268
"1979-04-28",11.5287
"1979-04-29",9.338
"1979-04-30",9.1681
"1979-05-01",10.1779
"1979-05-02",9.7276
"1979-05-03",10.9486
"1979-05-04",18.148
"1979-05-05",12.8783
"1979-05-06",11.8078
"1979-05-07",12.7885
"1979-05-08",17.188
"1979-05-09",17.1686
"1979-05-10",16.9877
"1979-05-11",18.8483
"1979-05-12",20.5984
"1979-05-13",20.3884
"1979-05-14",13.7388
"1979-05-15",11.0384
"1979-05-16",14.4682
"1979-05-17",9.5686
"1979-05-18",5.6886
"1979-05-19",10.718
"1979-05-20",12.0579
"1979-05-21",13.098
"1979-05-22",14.1077
"1979-05-23",19.2985
"1979-05-24",19.2087
"1979-05-25",10.8685
"1979-05-26",6.4787
"1979-05-27",8.128
"1979-05-28",13.1186
"1979-05-29",15.6879
"1979-05-30",17.9878
"1979-05-31",18.9102
"1979-06-01",19.3495
"1979-06-02",20.71
"1979-06-03",19.6092
"1979-06-04",15.7097
"1979-06-05",14.3201
"1979-06-06",15.7595
"1979-06-07",16.5593
"1979-06-08",17.0897
"1979-06-09",17.1601
"1979-06-10",18.6699
"1979-06-11",12.8297
"1979-06-12",10.0298
"1979-06-13",13.8092
"1979-06-14",14.3602
"1979-06-15",10.8891
"1979-06-16",12.2994
"1979-06-17",12.7897
"1979-06-18",14.4293
"1979-06-19",20.1797
"1979-06-20",14.9196
"1979-06-21",13.9694
"1979-06-22",15.2898
"1979-06-23",19.0194
"1979-06-24",19.3094
"1979-06-25",13.5895
"1979-06-26",11.6901
"1979-06-27",13.24
"1979-06-28",13.2497
"1979-06-29",15.4391
"1979-06-30",18.0351
"1979-07-01",18.9441
"1979-07-02",16.245
"1979-07-03",16.2644
"1979-07-04",18.2451
"1979-07-05",16.2146
"1979-07-06",13.814
"1979-07-07",14.5349
"1979-07-08",13.4244
"1979-07-09",16.9549
"1979-07-10",17.1249
"1979-07-11",17.654
"1979-07-12",18.7852
"1979-07-13",22.3642
"1979-07-14",19.9745
"1979-07-15",21.6142
"1979-07-16",22.2951
"1979-07-17",22.3048
"1979-07-18",21.9346
"1979-07-19",21.954
"1979-07-20",20.954
"1979-07-21",20.6845
"1979-07-22",21.9941
"1979-07-23",21.0948
"1979-07-24",21.1846
"1979-07-25",19.9842
"1979-07-26",19.9041
"1979-07-27",19.5048
"1979-07-28",20.2743
"1979-07-29",20.8545
"1979-07-30",18.9551
"1979-07-31",19.2682
"1979-08-01",22.6688
"1979-08-02",22.4286
"1979-08-03",22.1883
"1979-08-04",20.1881
"1979-08-05",19.7282
"1979-08-06",20.0983
"1979-08-07",19.7488
"1979-08-08",21.7586
"1979-08-09",21.1482
"1979-08-10",21.6785
"1979-08-11",20.1978
"1979-08-12",14.3286
"1979-08-13",11.1682
"1979-08-14",12.7581
"1979-08-15",15.2279
"1979-08-16",13.9888
"1979-08-17",11.4486
"1979-08-18",15.5289
"1979-08-19",15.7886
"1979-08-20",21.0086
"1979-08-21",21.1081
"1979-08-22",18.449
"1979-08-23",18.5182
"1979-08-24",19.3981
"1979-08-25",20.6287
"1979-08-26",20.0789
"1979-08-27",20.3981
"1979-08-28",19.6881
"1979-08-29",19.7087
"1979-08-30",20.159
"1979-08-31",22.6567
"1979-09-01",21.7161
"1979-09-02",21.4661
"1979-09-03",22.1761
"1979-09-04",19.6359
"1979-09-05",19.3665
"1979-09-06",20.5365
"1979-09-07",22.7368
"1979-09-08",18.4271
"1979-09-09",15.3869
"1979-09-10",15.8663
"1979-09-11",15.586
"1979-09-12",17.0763
"1979-09-13",18.6759
"1979-09-14",21.0171
"1979-09-15",16.2862
"1979-09-16",14.7667
"1979-09-17",13.507
"1979-09-18",13.8965
"1979-09-19",14.6963
"1979-09-20",15.927
"1979-09-21",16.8263
"1979-09-22",20.4867
"1979-09-23",12.0967
"1979-09-24",9.747
"1979-09-25",11.417
"1979-09-26",13.9864
"1979-09-27",16.427
"1979-09-28",17.9271
"1979-09-29",19.977
"1979-09-30",15.6952
"1979-10-01",16.8251
"1979-10-02",15.8153
"1979-10-03",13.7849
"1979-10-04",10.8952
"1979-10-05",6.3852
"1979-10-06",4.6048
"1979-10-07",6.0951
"1979-10-08",4.1351
"1979-10-09",10.4449
"1979-10-10",1.0852
"1979-10-11",0.255
"1979-10-12",4.3851
"1979-10-13",5.055
"1979-10-14",-0.2147
"1979-10-15",0.4249
"1979-10-16",6.9447
"1979-10-17",9.9946
"1979-10-18",12.0955
"1979-10-19",13.4256
"1979-10-20",14.4852
"1979-10-21",13.7752
"1979-10-22",12.9547
"1979-10-23",11.9256
"1979-10-24",4.6849
"1979-10-25",0.9456
"1979-10-26",1.4845
"1979-10-27",-2.2451
"1979-10-28",1.0245
"1979-10-29",7.4447
"1979-10-30",10.0954
"1979-10-31",8.5395
"1979-11-01",8.0698
"1979-11-02",11.3794
"1979-11-03",4.3596
"1979-11-04",-1.131
"1979-11-05",-1.6104
"1979-11-06",1.6896
"1979-11-07",3.0792
"1979-11-08",0.5997
"1979-11-09",5.8293
"1979-11-10",14.95
"1979-11-11",10.2592
"1979-11-12",6.6097
"1979-11-13",5.6594
"1979-11-14",-0.4805
"1979-11-15",-2.1602
"1979-11-16",0.499
"1979-11-17",0.2696
"1979-11-18",3.169
"1979-11-19",6.1097
"1979-11-20",7.1001
"1979-11-21",7.4192
"1979-11-22",7.7591
"1979-11-23",10.3599
"1979-11-24",11.3393
"1979-11-25",11.86
"1979-11-26",6.5891
"1979-11-27",2.3498
"1979-11-28",5.1193
"1979-11-29",-0.7499
"1979-11-30",-5.3569
"1979-12-01",-3.8471
"1979-12-02",-6.1677
"1979-12-03",-7.6872
"1979-12-04",-5.4468
"1979-12-05",-2.7075
"1979-12-06",1.6726
"1979-12-07",5.8026
"1979-12-08",-0.2669
"1979-12-09",-3.3374
"1979-12-10",-1.807
"1979-12-11",1.0026
"1979-12-12",6.0029
"1979-12-13",9.9521
"1979-12-14",0.2429
"1979-12-15",-3.0376
"1979-12-16",3.203
"1979-12-17",-3.8168
"1979-12-18",-5.3666
"1979-12-19",-2.6177
"1979-12-20",-3.1578
"1979-12-21",-2.2876
"1979-12-22",0.1931
"1979-12-23",8.7421
"1979-12-24",6.833
"1979-12-25",3.7928
"1979-12-26",1.4031
"1979-12-27",-0.7972
"1979-12-28",-2.5971
"1979-12-29",-1.9369
"1979-12-30",2.4724
"1979-12-31",4.3887
"1980-01-01",0.629
"1980-01-02",-3.2121
"1980-01-03",-2.112
"1980-01-04",-0.691
"1980-01-05",-1.6313
"1980-01-06",-4.6213
"1980-01-07",-3.5917
"1980-01-08",0.9581
"1980-01-09",1.7279
"1980-01-10",-3.6411
"1980-01-11",3.1889
"1980-01-12",1.2589
"1980-01-13",-1.0718
"1980-01-14",2.6482
"1980-01-15",4.3584
"1980-01-16",2.6388
"1980-01-17",3.1783
"1980-01-18",6.588
"1980-01-19",0.7288
"1980-01-20",0.0389
"1980-01-21",3.1383
"1980-01-22",2.9585
"1980-01-23",-0.7721
"1980-01-24",-5.7415
"1980-01-25",-1.4115
"1980-01-26",2.9385
"1980-01-27",1.239
"1980-01-28",-0.001
"1980-01-29",2.419
"1980-01-30",-4.371
"1980-01-31",-8.0228
"1980-02-01",-11.3127
"1980-02-02",-11.7828
"1980-02-03",-11.5136
"1980-02-04",-7.883
"1980-02-05",-9.4427
"1980-02-06",-4.9928
"1980-02-07",-6.4831
"1980-02-08",-6.7335
"1980-02-09",-3.7727
"1980-02-10",-4.773
"1980-02-11",-5.953
"1980-02-12",-4.4027
"1980-02-13",-4.8529
"1980-02-14",-1.9027
"1980-02-15",0.797
"1980-02-16",1.0368
"1980-02-17",-5.0833
"1980-02-18",-6.2034
"1980-02-19",-3.9432
"1980-02-20",0.8464
"1980-02-21",2.6964
"1980-02-22",10.5666
"1980-02-23",9.5769
"1980-02-24",8.1865
"1980-02-25",5.2469
"1980-02-26",-2.9935
"1980-02-27",-4.8729
"1980-02-28",-1.5737
"1980-02-29",0.9228
"1980-03-01",-9.1171
"1980-03-02",-9.6777
"1980-03-03",-14.767
"1980-03-04",-10.3477
"1980-03-05",0.8029
"1980-03-06",2.7328
"1980-03-07",1.2825
"1980-03-08",9.7427
"1980-03-09",9.1432
"1980-03-10",4.9026
"1980-03-11",4.5029
"1980-03-12",0.8323
"1980-03-13",1.923
"1980-03-14",1.6727
"1980-03-15",-0.8273
"1980-03-16",3.5732
"1980-03-17",10.6829
"1980-03-18",6.4728
"1980-03-19",3.3523
"1980-03-20",7.8021
"1980-03-21",5.2328
"1980-03-22",0.5925
"1980-03-23",-0.5875
"1980-03-24",4.7321
"1980-03-25",8.753
"1980-03-26",8.9728
"1980-03-27",6.5727
"1980-03-28",5.1129
"1980-03-29",9.7227
"1980-03-30",10.7123
"1980-03-31",7.3073
"1980-04-01",5.7077
"1980-04-02",6.6479
"1980-04-03",11.5081
"1980-04-04",10.3174
"1980-04-05",4.4477
"1980-04-06",1.9477
"1980-04-07",8.7083
"1980-04-08",12.9972
"1980-04-09",10.7182
"1980-04-10",6.4775
"1980-04-11",7.3273
"1980-04-12",8.3181
"1980-04-13",12.8773
"1980-04-14",10.958
"1980-04-15",4.0375
"1980-04-16",3.1078
"1980-04-17",-0.3924
"1980-04-18",3.5979
"1980-04-19",7.7375
"1980-04-20",9.8073
"1980-04-21",10.2281
"1980-04-22",9.6181
"1980-04-23",9.7873
"1980-04-24",13.0278
"1980-04-25",13.7776
"1980-04-26",15.0976
"1980-04-27",13.6977
"1980-04-28",10.8075
"1980-04-29",8.9575
"1980-04-30",8.4921
"1980-05-01",5.8123
"1980-05-02",10.2622
"1980-05-03",13.532
"1980-05-04",14.2419
"1980-05-05",12.6728
"1980-05-06",12.232
"1980-05-07",12.8127
"1980-05-08",11.3928
"1980-05-09",7.4519
"1980-05-10",5.0718
"1980-05-11",10.482
"1980-05-12",14.4217
"1980-05-13",17.6222
"1980-05-14",17.3319
"1980-05-15",12.4025
"1980-05-16",9.2525
"1980-05-17",11.7125
"1980-05-18",11.6126
"1980-05-19",17.232
"1980-05-20",18.5026
"1980-05-21",13.7823
"1980-05-22",16.032
"1980-05-23",18.4427
"1980-05-24",19.162
"1980-05-25",18.4826
"1980-05-26",12.9725
"1980-05-27",10.9121
"1980-05-28",12.9525
"1980-05-29",15.7722
"1980-05-30",18.6824
"1980-05-31",15.69
"1980-06-01",16.9006
"1980-06-02",18.0301
"1980-06-03",18.68
"1980-06-04",18.09
"1980-06-05",14.5005
"1980-06-06",13.7506
"1980-06-07",19.1807
"1980-06-08",17.9807
"1980-06-09",12.7809
"1980-06-10",11.3799
"1980-06-11",16.24
"1980-06-12",15.3609
"1980-06-13",12.0804
"1980-06-14",10.7405
"1980-06-15",19.0009
"1980-06-16",18.9104
"1980-06-17",19.3101
"1980-06-18",16.461
"1980-06-19",14.611
"1980-06-20",16.9899
"1980-06-21",13.9105
"1980-06-22",14.551
"1980-06-23",17.3401
"1980-06-24",17.5106
"1980-06-25",19.0409
"1980-06-26",18.8105
"1980-06-27",18.4908
"1980-06-28",20.4607
"1980-06-29",21.6608
"1980-06-30",18.7506
"1980-07-01",15.1305
"1980-07-02",18.7506
"1980-07-03",19.9906
"1980-07-04",22.4012
"1980-07-05",22.7409
"1980-07-06",20.731
"1980-07-07",17.2908
"1980-07-08",18.2311
"1980-07-09",21.3704
"1980-07-10",23.2604
"1980-07-11",21.6302
"1980-07-12",21.0108
"1980-07-13",21.6807
"1980-07-14",18.5108
"1980-07-15",17.9607
"1980-07-16",19.4405
"1980-07-17",20.5007
"1980-07-18",21.3011
"1980-07-19",20.2609
"1980-07-20",20.5912
"1980-07-21",22.3013
"1980-07-22",19.8307
"1980-07-23",21.1107
"1980-07-24",20.3009
"1980-07-25",19.6803
"1980-07-26",19.6109
"1980-07-27",18.8411
"1980-07-28",19.1807
"1980-07-29",20.8709
"1980-07-30",22.2802
"1980-07-31",20.4231
"1980-08-01",20.5242
"1980-08-02",22.1438
"1980-08-03",22.9337
"1980-08-04",22.3037
"1980-08-05",21.8042
"1980-08-06",20.764
"1980-08-07",20.5735
"1980-08-08",22.0134
"1980-08-09",22.2931
"1980-08-10",21.4633
"1980-08-11",20.1739
"1980-08-12",21.4139
"1980-08-13",21.6032
"1980-08-14",20.3232
"1980-08-15",20.9638
"1980-08-16",22.2531
"1980-08-17",17.8232
"1980-08-18",17.1133
"1980-08-19",19.0538
"1980-08-20",20.9638
"1980-08-21",19.4734
"1980-08-22",17.7339
"1980-08-23",17.0933
"1980-08-24",18.7635
"1980-08-25",17.614
"1980-08-26",16.4434
"1980-08-27",16.2236
"1980-08-28",16.4034
"1980-08-29",17.1732
"1980-08-30",17.654
"1980-08-31",18.8587
"1980-09-01",20.9085
"1980-09-02",21.5891
"1980-09-03",21.2694
"1980-09-04",19.759
"1980-09-05",19.9988
"1980-09-06",20.3385
"1980-09-07",20.6394
"1980-09-08",19.6685
"1980-09-09",17.6093
"1980-09-10",15.2891
"1980-09-11",19.2384
"1980-09-12",16.8089
"1980-09-13",15.4584
"1980-09-14",19.9389
"1980-09-15",18.8987
"1980-09-16",19.3394
"1980-09-17",20.2492
"1980-09-18",20.3185
"1980-09-19",19.8084
"1980-09-20",18.8387
"1980-09-21",19.739
"1980-09-22",20.7687
"1980-09-23",20.4795
"1980-09-24",21.8394
"1980-09-25",19.9894
"1980-09-26",13.5485
"1980-09-27",9.2784
"1980-09-28",8.7695
"1980-09-29",10.1094
"1980-09-30",12.882
"1980-10-01",10.4925
"1980-10-02",9.5029
"1980-10-03",13.2628
"1980-10-04",8.2229
"1980-10-05",6.6327
"1980-10-06",4.1527
"1980-10-07",4.6922
"1980-10-08",7.352
"1980-10-09",10.033
"1980-10-10",13.5226
"1980-10-11",13.3628
"1980-10-12",5.723
"1980-10-13",2.4319
"1980-10-14",3.1325
"1980-10-15",5.6324
"1980-10-16",12.332
"1980-10-17",13.7024
"1980-10-18",16.012
"1980-10-19",16.0919
"1980-10-20",8.3228
"1980-10-21",6.2624
"1980-10-22",8.4521
"1980-10-23",8.1829
"1980-10-24",7.292
"1980-10-25",3.592
"1980-10-26",-0.6181
"1980-10-27",1.132
"1980-10-28",8.9928
"1980-10-29",7.8127
"1980-10-30",4.7027
"1980-10-31",5.5843
"1980-11-01",3.5239
"1980-11-02",3.0537
"1980-11-03",1.0039
"1980-11-04",9.2043
"1980-11-05",6.2037
"1980-11-06",3.404
"1980-11-07",1.7338
"1980-11-08",6.8137
"1980-11-09",9.6639
"1980-11-10",7.9338
"1980-11-11",-0.0363
"1980-11-12",-5.0962
"1980-11-13",0.5537
"1980-11-14",2.6835
"1980-11-15",12.5236
"1980-11-16",3.0643
"1980-11-17",1.6539
"1980-11-18",1.2836
"1980-11-19",-2.5562
"1980-11-20",-1.9662
"1980-11-21",0.844
"1980-11-22",-3.2756
"1980-11-23",2.5542
"1980-11-24",9.7838
"1980-11-25",3.7542
"1980-11-26",-1.5266
"1980-11-27",3.0737
"1980-11-28",1.9442
"1980-11-29",-2.3764
"1980-11-30",-1.2222
"1980-12-01",0.5279
"1980-12-02",3.2171
"1980-12-03",-1.5925
"1980-12-04",-4.2723
"1980-12-05",-1.8123
"1980-12-06",5.1776
"1980-12-07",8.5273
"1980-12-08",5.7371
"1980-12-09",7.5577
"1980-12-10",6.0473
"1980-12-11",-1.053
"1980-12-12",-1.1623
"1980-12-13",-0.182
"1980-12-14",-1.643
"1980-12-15",-2.2119
"1980-12-16",4.3172
"1980-12-17",-0.0422
"1980-12-18",-2.7819
"1980-12-19",0.7077
"1980-12-20",-6.5419
"1980-12-21",-10.0621
"1980-12-22",-10.2925
"1980-12-23",-1.7229
"1980-12-24",-2.1519
"1980-12-25",-10.2819
"1980-12-26",-11.4325
"1980-12-27",-6.1822
"1980-12-28",-2.112
"1980-12-29",3.0878
"1980-12-30",2.667
"1980-12-31",3.029
"1981-01-01",-0.4406
"1981-01-02",-2.9807
"1981-01-03",-4.7408
"1981-01-04",-10.9804
"1981-01-05",-14.3302
"1981-01-06",-10.6807
"1981-01-07",-2.9501
"1981-01-08",-7.541
"1981-01-09",-6.15
"1981-01-10",-9.6905
"1981-01-11",-11.6299
"1981-01-12",-12.1307
"1981-01-13",-13.3105
"1981-01-14",-8.161
"1981-01-15",-1.29
"1981-01-16",-4.1901
"1981-01-17",-8.9206
"1981-01-18",-9.9505
"1981-01-19",-6.7506
"1981-01-20",-1.4308
"1981-01-21",1.0901
"1981-01-22",-0.3907
"1981-01-23",-3.7711
"1981-01-24",-3.9607
"1981-01-25",-1.701
"1981-01-26",-1.55
"1981-01-27",2.69
"1981-01-28",2.849
"1981-01-29",-3.2203
"1981-01-30",-10.7806
"1981-01-31",-12.6303
"1981-02-01",-7.3502
"1981-02-02",-0.1704
"1981-02-03",-6.0796
"1981-02-04",-8.5198
"1981-02-05",-8.9797
"1981-02-06",-6.7597
"1981-02-07",-1.5205
"1981-02-08",1.3399
"1981-02-09",-3.9505
"1981-02-10",0.0295
"1981-02-11",2.7195
"1981-02-12",-8.48
"1981-02-13",-7.9702
"1981-02-14",-3.5803
"1981-02-15",-1.9497
"1981-02-16",0.57
"1981-02-17",9.7495
"1981-02-18",11.2495
"1981-02-19",10.1298
"1981-02-20",9.1794
"1981-02-21",5.5299
"1981-02-22",5.7695
"1981-02-23",5.1495
"1981-02-24",3.3702
"1981-02-25",-0.4099
"1981-02-26",1.0003
"1981-02-27",-1.6499
"1981-02-28",0.6222
"1981-03-01",10.5023
"1981-03-02",5.5821
"1981-03-03",-0.1579
"1981-03-04",0.8425
"1981-03-05",8.1018
"1981-03-06",0.2623
"1981-03-07",-2.1677
"1981-03-08",-4.7578
"1981-03-09",-2.1382
"1981-03-10",1.4421
"1981-03-11",0.8618
"1981-03-12",-0.1079
"1981-03-13",-0.0375
"1981-03-14",0.6926
"1981-03-15",-2.2972
"1981-03-16",-0.9675
"1981-03-17",-5.6379
"1981-03-18",2.7627
"1981-03-19",0.4121
"1981-03-20",-3.4179
"1981-03-21",-1.508
"1981-03-22",-0.0375
"1981-03-23",2.5128
"1981-03-24",2.1427
"1981-03-25",1.1627
"1981-03-26",3.1226
"1981-03-27",5.4822
"1981-03-28",3.8028
"1981-03-29",3.3917
"1981-03-30",12.2624
"1981-03-31",10.5137
"1981-04-01",12.0636
"1981-04-02",8.6934
"1981-04-03",9.4031
"1981-04-04",11.2835
"1981-04-05",15.343
"1981-04-06",4.8032
"1981-04-07",1.3535
"1981-04-08",5.5038
"1981-04-09",12.7132
"1981-04-10",12.184
"1981-04-11",13.3433
"1981-04-12",15.653
"1981-04-13",11.4437
"1981-04-14",9.5734
"1981-04-15",6.4531
"1981-04-16",2.4538
"1981-04-17",11.6038
"1981-04-18",13.0731
"1981-04-19",13.3229
"1981-04-20",10.2729
"1981-04-21",6.134
"1981-04-22",2.9239
"1981-04-23",12.6836
"1981-04-24",11.6435
"1981-04-25",6.1033
"1981-04-26",4.8838
"1981-04-27",12.6632
"1981-04-28",16.3332
"1981-04-29",15.6632
"1981-04-30",14.4766
"1981-05-01",11.1768
"1981-05-02",6.8664
"1981-05-03",4.9167
"1981-05-04",8.6764
"1981-05-05",9.947
"1981-05-06",12.7268
"1981-05-07",7.7862
"1981-05-08",5.8161
"1981-05-09",9.5269
"1981-05-10",12.6269
"1981-05-11",15.477
"1981-05-12",10.7567
"1981-05-13",9.1772
"1981-05-14",10.7964
"1981-05-15",13.7964
"1981-05-16",7.7271
"1981-05-17",13.307
"1981-05-18",14.4868
"1981-05-19",14.857
"1981-05-20",8.1268
"1981-05-21",7.0265
"1981-05-22",8.1461
"1981-05-23",13.1867
"1981-05-24",14.7162
"1981-05-25",15.0069
"1981-05-26",15.4963
"1981-05-27",17.2768
"1981-05-28",17.4868
"1981-05-29",16.1469
"1981-05-30",17.5164
"1981-05-31",18.3271
"1981-06-01",19.4774
"1981-06-02",18.477
"1981-06-03",19.357
"1981-06-04",20.1769
"1981-06-05",19.9168
"1981-06-06",22.2866
"1981-06-07",20.9967
"1981-06-08",20.5675
"1981-06-09",19.0073
"1981-06-10",22.2866
"1981-06-11",21.4475
"1981-06-12",19.3468
"1981-06-13",21.527
"1981-06-14",22.1776
"1981-06-15",22.7375
"1981-06-16",22.9169
"1981-06-17",21.8767
"1981-06-18",20.8275
"1981-06-19",19.147
"1981-06-20",20.3075
"1981-06-21",19.977
"1981-06-22",22.1674
"1981-06-23",21.7473
"1981-06-24",21.5372
"1981-06-25",23.0077
"1981-06-26",20.3177
"1981-06-27",16.097
"1981-06-28",12.067
"1981-06-29",13.2275
"1981-06-30",14.4346
"1981-07-01",15.5145
"1981-07-02",16.365
"1981-07-03",17.455
"1981-07-04",17.9649
"1981-07-05",19.0947
"1981-07-06",21.2851
"1981-07-07",21.5145
"1981-07-08",22.0243
"1981-07-09",20.5652
"1981-07-10",22.7852
"1981-07-11",23.8151
"1981-07-12",22.2253
"1981-07-13",21.5349
"1981-07-14",22.1844
"1981-07-15",19.5648
"1981-07-16",19.9044
"1981-07-17",21.485
"1981-07-18",19.3843
"1981-07-19",22.5047
"1981-07-20",21.0546
"1981-07-21",21.7246
"1981-07-22",18.8347
"1981-07-23",19.6545
"1981-07-24",17.8252
"1981-07-25",19.7249
"1981-07-26",20.3949
"1981-07-27",22.1549
"1981-07-28",22.7749
"1981-07-29",22.0743
"1981-07-30",15.7347
"1981-07-31",14.1257
"1981-08-01",16.4853
"1981-08-02",19.9657
"1981-08-03",18.7359
"1981-08-04",21.2953
"1981-08-05",23.0361
"1981-08-06",21.9358
"1981-08-07",22.9259
"1981-08-08",23.3359
"1981-08-09",22.9452
"1981-08-10",21.7053
"1981-08-11",22.3661
"1981-08-12",21.2261
"1981-08-13",21.3555
"1981-08-14",19.0561
"1981-08-15",18.0853
"1981-08-16",20.9059
"1981-08-17",19.7851
"1981-08-18",16.2457
"1981-08-19",14.8661
"1981-08-20",13.7351
"1981-08-21",13.6954
"1981-08-22",13.0356
"1981-08-23",13.2355
"1981-08-24",16.3559
"1981-08-25",19.566
"1981-08-26",16.7158
"1981-08-27",14.3256
"1981-08-28",16.7953
"1981-08-29",17.396
"1981-08-30",19.5762
"1981-08-31",18.7598
"1981-09-01",18.9596
"1981-09-02",19.3593
"1981-09-03",18.8302
"1981-09-04",18.7893
"1981-09-05",15.4293
"1981-09-06",15.7098
"1981-09-07",17.3699
"1981-09-08",18.1693
"1981-09-09",14.5992
"1981-09-10",13.65
"1981-09-11",13.8896
"1981-09-12",14.5493
"1981-09-13",15.5599
"1981-09-14",16.3093
"1981-09-15",18.4202
"1981-09-16",18.9494
"1981-09-17",16.4501
"1981-09-18",11.6197
"1981-09-19",6.6098
"1981-09-20",6.1896
"1981-09-21",9.5598
"1981-09-22",12.2998
"1981-09-23",8.69
"1981-09-24",4.7203
"1981-09-25",6.2895
"1981-09-26",9.2498
"1981-09-27",10.4398
"1981-09-28",10.9202
"1981-09-29",6.5995
"1981-09-30",11.2631
"1981-10-01",16.5137
"1981-10-02",4.894
"1981-10-03",0.7233
"1981-10-04",4.374
"1981-10-05",7.6034
"1981-10-06",13.1537
"1981-10-07",7.0038
"1981-10-08",4.0038
"1981-10-09",4.4035
"1981-10-10",8.3641
"1981-10-11",9.804
"1981-10-12",7.743
"1981-10-13",5.1631
"1981-10-14",3.2135
"1981-10-15",5.3039
"1981-10-16",7.1139
"1981-10-17",6.4031
"1981-10-18",8.7934
"1981-10-19",2.003
"1981-10-20",-0.1965
"1981-10-21",3.4939
"1981-10-22",8.9137
"1981-10-23",11.6038
"1981-10-24",1.7736
"1981-10-25",1.9735
"1981-10-26",9.0636
"1981-10-27",12.0636
"1981-10-28",7.0231
"1981-10-29",10.8941
"1981-10-30",9.7131
"1981-10-31",5.9716
"1981-11-01",6.0818
"1981-11-02",13.4512
"1981-11-03",12.6711
"1981-11-04",12.4815
"1981-11-05",13.9213
"1981-11-06",7.0208
"1981-11-07",1.2218
"1981-11-08",-0.5292
"1981-11-09",4.7612
"1981-11-10",8.891
"1981-11-11",7.131
"1981-11-12",1.1809
"1981-11-13",-3.1182
"1981-11-14",-3.4089
"1981-11-15",-0.6689
"1981-11-16",1.6714
"1981-11-17",5.6219
"1981-11-18",2.0814
"1981-11-19",4.4409
"1981-11-20",4.2718
"1981-11-21",-0.0489
"1981-11-22",-5.6992
"1981-11-23",-4.2389
"1981-11-24",1.1219
"1981-11-25",-1.2684
"1981-11-26",-1.8282
"1981-11-27",6.7017
"1981-11-28",2.9909
"1981-11-29",-0.9391
"1981-11-30",0.0034
"1981-12-01",1.8327
"1981-12-02",6.9232
"1981-12-03",2.573
"1981-12-04",4.3126
"1981-12-05",-0.3066
"1981-12-06",-4.8873
"1981-12-07",-2.3165
"1981-12-08",2.4731
"1981-12-09",-4.2673
"1981-12-10",-7.4467
"1981-12-11",-7.8873
"1981-12-12",-4.4967
"1981-12-13",-5.4471
"1981-12-14",-3.0671
"1981-12-15",2.7933
"1981-12-16",0.0533
"1981-12-17",-1.7374
"1981-12-18",-1.2173
"1981-12-19",-7.0368
"1981-12-20",-9.0467
"1981-12-21",-8.4971
"1981-12-22",-0.2873
"1981-12-23",8.2733
"1981-12-24",6.5235
"1981-12-25",2.7729
"1981-12-26",2.6026
"1981-12-27",1.9031
"1981-12-28",0.0726
"1981-12-29",-0.7166
"1981-12-30",-3.6666
"1981-12-31",-1.8146
"1982-01-01",3.5346
"1982-01-02",-1.0145
"1982-01-03",2.2548
"1982-01-04",5.3755
"1982-01-05",-1.5552
"1982-01-06",0.5554
"1982-01-07",9.8651
"1982-01-08",-0.8255
"1982-01-09",-4.5748
"1982-01-10",-14.2244
"1982-01-11",-15.805
"1982-01-12",-11.4947
"1982-01-13",-4.9444
"1982-01-14",-3.5148
"1982-01-15",-9.7253
"1982-01-16",-4.7947
"1982-01-17",-10.2351
"1982-01-18",-8.4846
"1982-01-19",-1.8749
"1982-01-20",1.3956
"1982-01-21",1.2245
"1982-01-22",-0.8849
"1982-01-23",1.1852
"1982-01-24",-2.475
"1982-01-25",-3.4851
"1982-01-26",-8.0948
"1982-01-27",-8.9956
"1982-01-28",-6.0448
"1982-01-29",-3.2355
"1982-01-30",-0.5949
"1982-01-31",7.959
"1982-02-01",2.3581
"1982-02-02",0.6386
"1982-02-03",3.0783
"1982-02-04",6.4283
"1982-02-05",7.8686
"1982-02-06",7.4183
"1982-02-07",-0.9717
"1982-02-08",0.1989
"1982-02-09",4.4687
"1982-02-10",1.2791
"1982-02-11",0.2583
"1982-02-12",-1.0311
"1982-02-13",-0.8219
"1982-02-14",-1.9414
"1982-02-15",2.1288
"1982-02-16",11.9483
"1982-02-17",5.6392
"1982-02-18",2.1787
"1982-02-19",1.2482
"1982-02-20",-0.3418
"1982-02-21",4.1883
"1982-02-22",-0.4108
"1982-02-23",-1.3008
"1982-02-24",3.089
"1982-02-25",-1.0513
"1982-02-26",-4.191
"1982-02-27",-1.7715
"1982-02-28",-0.4417
"1982-03-01",-0.3026
"1982-03-02",-1.3626
"1982-03-03",3.6083
"1982-03-04",2.6683
"1982-03-05",8.1479
"1982-03-06",1.6083
"1982-03-07",1.7675
"1982-03-08",-2.9919
"1982-03-09",-1.6027
"1982-03-10",2.3677
"1982-03-11",9.568
"1982-03-12",10.7279
"1982-03-13",12.0482
"1982-03-14",8.2275
"1982-03-15",6.2275
"1982-03-16",4.048
"1982-03-17",9.0772
"1982-03-18",8.5983
"1982-03-19",7.6179
"1982-03-20",11.3173
"1982-03-21",10.1575
"1982-03-22",10.5674
"1982-03-23",4.1883
"1982-03-24",6.0481
"1982-03-25",9.6678
"1982-03-26",1.1983
"1982-03-27",-2.6021
"1982-03-28",-4.5225
"1982-03-29",-3.7323
"1982-03-30",3.688
"1982-03-31",10.5449
"1982-04-01",11.0547
"1982-04-02",8.8954
"1982-04-03",11.6548
"1982-04-04",4.8953
"1982-04-05",3.4752
"1982-04-06",-2.0947
"1982-04-07",-4.8553
"1982-04-08",0.7954
"1982-04-09",2.1347
"1982-04-10",0.1549
"1982-04-11",4.2049
"1982-04-12",4.8549
"1982-04-13",9.795
"1982-04-14",10.8752
"1982-04-15",11.4053
"1982-04-16",11.2947
"1982-04-17",16.4452
"1982-04-18",10.735
"1982-04-19",8.5044
"1982-04-20",10.2454
"1982-04-21",12.5746
"1982-04-22",4.7349
"1982-04-23",0.395
"1982-04-24",2.0147
"1982-04-25",8.1253
"1982-04-26",13.5253
"1982-04-27",16.2146
"1982-04-28",9.2947
"1982-04-29",5.4147
"1982-04-30",3.7022
"1982-05-01",7.8116
"1982-05-02",9.5312
"1982-05-03",13.902
"1982-05-04",11.3613
"1982-05-05",7.7118
"1982-05-06",9.1616
"1982-05-07",13.0511
"1982-05-08",11.5918
"1982-05-09",12.6816
"1982-05-10",8.0421
"1982-05-11",11.4219
"1982-05-12",11.1022
"1982-05-13",13.2021
"1982-05-14",16.722
"1982-05-15",14.2514
"1982-05-16",13.1415
"1982-05-17",16.892
"1982-05-18",17.4719
"1982-05-19",15.7618
"1982-05-20",15.832
"1982-05-21",16.7815
"1982-05-22",17.4921
"1982-05-23",16.3917
"1982-05-24",18.5616
"1982-05-25",17.8819
"1982-05-26",18.4618
"1982-05-27",18.2919
"1982-05-28",18.9621
"1982-05-29",20.1719
"1982-05-30",21.4316
"1982-05-31",21.0347
"1982-06-01",19.2652
"1982-06-02",19.2545
"1982-06-03",18.8445
"1982-06-04",18.3549
"1982-06-05",19.1951
"1982-06-06",15.1047
"1982-06-07",14.255
"1982-06-08",16.0149
"1982-06-09",19.2343
"1982-06-10",17.6751
"1982-06-11",15.2449
"1982-06-12",14.9846
"1982-06-13",17.0346
"1982-06-14",18.0447
"1982-06-15",16.5046
"1982-06-16",19.7952
"1982-06-17",19.895
"1982-06-18",18.8552
"1982-06-19",17.0251
"1982-06-20",19.2949
"1982-06-21",20.1945
"1982-06-22",18.8552
"1982-06-23",17.6549
"1982-06-24",17.1451
"1982-06-25",14.9644
"1982-06-26",16.9942
"1982-06-27",18.9051
"1982-06-28",20.3549
"1982-06-29",20.7447
"1982-06-30",19.9473
"1982-07-01",16.4772
"1982-07-02",14.148
"1982-07-03",20.2277
"1982-07-04",19.4874
"1982-07-05",19.8677
"1982-07-06",18.1077
"1982-07-07",19.6181
"1982-07-08",20.7875
"1982-07-09",21.3175
"1982-07-10",21.4375
"1982-07-11",20.8172
"1982-07-12",21.188
"1982-07-13",21.718
"1982-07-14",20.9871
"1982-07-15",20.9978
"1982-07-16",20.5272
"1982-07-17",21.0275
"1982-07-18",20.0673
"1982-07-19",20.5272
"1982-07-20",21.3674
"1982-07-21",22.8374
"1982-07-22",20.8374
"1982-07-23",21.8178
"1982-07-24",21.8582
"1982-07-25",21.188
"1982-07-26",19.9081
"1982-07-27",22.8576
"1982-07-28",22.8279
"1982-07-29",22.5974
"1982-07-30",21.6776
"1982-07-31",20.658
"1982-08-01",18.5985
"1982-08-02",20.0281
"1982-08-03",20.0875
"1982-08-04",19.6585
"1982-08-05",18.6579
"1982-08-06",20.5474
"1982-08-07",19.6882
"1982-08-08",21.0275
"1982-08-09",21.0477
"1982-08-10",19.6074
"1982-08-11",20.368
"1982-08-12",19.7584
"1982-08-13",18.7078
"1982-08-14",17.6585
"1982-08-15",16.8385
"1982-08-16",19.2081
"1982-08-17",19.4684
"1982-08-18",19.0584
"1982-08-19",17.9378
"1982-08-20",18.6781
"1982-08-21",19.8083
"1982-08-22",15.3982
"1982-08-23",18.2574
"1982-08-24",21.6978
"1982-08-25",20.5177
"1982-08-26",16.028
"1982-08-27",17.4778
"1982-08-28",20.5676
"1982-08-29",14.4582
"1982-08-30",14.1278
"1982-08-31",15.3305
"1982-09-01",18.0709
"1982-09-02",19.2105
"1982-09-03",19.5314
"1982-09-04",11.631
"1982-09-05",11.7713
"1982-09-06",11.921
"1982-09-07",13.6014
"1982-09-08",11.511
"1982-09-09",12.5009
"1982-09-10",14.5105
"1982-09-11",15.4707
"1982-09-12",16.0613
"1982-09-13",18.6912
"1982-09-14",19.0406
"1982-09-15",17.9603
"1982-09-16",19.7714
"1982-09-17",18.3406
"1982-09-18",15.7107
"1982-09-19",18.9003
"1982-09-20",18.1208
"1982-09-21",16.671
"1982-09-22",13.681
"1982-09-23",10.981
"1982-09-24",8.0909
"1982-09-25",9.3113
"1982-09-26",12.8111
"1982-09-27",10.161
"1982-09-28",12.5806
"1982-09-29",14.3607
"1982-09-30",12.7089
"1982-10-01",10.9786
"1982-10-02",11.7083
"1982-10-03",15.4481
"1982-10-04",15.2687
"1982-10-05",16.6484
"1982-10-06",18.2883
"1982-10-07",16.6983
"1982-10-08",14.4285
"1982-10-09",17.239
"1982-10-10",12.4285
"1982-10-11",11.4088
"1982-10-12",12.3381
"1982-10-13",12.7386
"1982-10-14",12.3987
"1982-10-15",6.3487
"1982-10-16",3.0486
"1982-10-17",0.0479
"1982-10-18",-0.6615
"1982-10-19",7.4789
"1982-10-20",12.2383
"1982-10-21",12.6887
"1982-10-22",4.8478
"1982-10-23",0.9083
"1982-10-24",-0.0519
"1982-10-25",3.4087
"1982-10-26",4.8787
"1982-10-27",2.2084
"1982-10-28",3.3588
"1982-10-29",3.4978
"1982-10-30",7.1283
"1982-10-31",11.2912
"1982-11-01",12.5818
"1982-11-02",13.4718
"1982-11-03",15.3911
"1982-11-04",12.6709
"1982-11-05",-0.7589
"1982-11-06",-4.0187
"1982-11-07",-3.1084
"1982-11-08",-0.1683
"1982-11-09",2.9714
"1982-11-10",4.8014
"1982-11-11",4.8014
"1982-11-12",13.2508
"1982-11-13",0.6112
"1982-11-14",-2.6592
"1982-11-15",-0.2492
"1982-11-16",-3.4186
"1982-11-17",0.9713
"1982-11-18",8.9109
"1982-11-19",9.6215
"1982-11-20",10.4118
"1982-11-21",11.0214
"1982-11-22",11.5407
"1982-11-23",12.2609
"1982-11-24",3.7212
"1982-11-25",-2.8683
"1982-11-26",3.9209
"1982-11-27",5.6714
"1982-11-28",0.4318
"1982-11-29",10.4118
"1982-11-30",7.4919
"1982-12-01",11.3114
"1982-12-02",13.2413
"1982-12-03",10.8313
"1982-12-04",11.5419
"1982-12-05",13.662
"1982-12-06",8.6316
"1982-12-07",4.4212
"1982-12-08",0.5815
"1982-12-09",1.2423
"1982-12-10",-3.2486
"1982-12-11",3.9518
"1982-12-12",-4.5677
"1982-12-13",-6.8387
"1982-12-14",-5.9985
"1982-12-15",2.4021
"1982-12-16",3.3314
"1982-12-17",-0.0186
"1982-12-18",-2.2884
"1982-12-19",-3.4578
"1982-12-20",-2.4488
"1982-12-21",-2.3288
"1982-12-22",-2.7388
"1982-12-23",-0.2087
"1982-12-24",6.8217
"1982-12-25",12.1016
"1982-12-26",9.5419
"1982-12-27",9.9412
"1982-12-28",11.6714
"1982-12-29",6.6316
"1982-12-30",2.042
"1982-12-31",1.8484
"1983-01-01",2.229
"1983-01-02",3.0383
"1983-01-03",2.1388
"1983-01-04",-2.6111
"1983-01-05",-1.1609
"1983-01-06",-1.8812
"1983-01-07",-0.8615
"1983-01-08",-0.5717
"1983-01-09",-0.4117
"1983-01-10",5.0489
"1983-01-11",2.7485
"1983-01-12",-0.2819
"1983-01-13",-3.5912
"1983-01-14",-2.4909
"1983-01-15",-0.271
"1983-01-16",-5.3517
"1983-01-17",-5.2615
"1983-01-18",-8.7813
"1983-01-19",-10.7618
"1983-01-20",-9.7517
"1983-01-21",-6.571
"1983-01-22",1.3391
"1983-01-23",3.179
"1983-01-24",-0.6919
"1983-01-25",1.968
"1983-01-26",-0.8013
"1983-01-27",2.9782
"1983-01-28",0.6381
"1983-01-29",-1.4219
"1983-01-30",3.2884
"1983-01-31",3.6396
"1983-02-01",4.1699
"1983-02-02",11.1697
"1983-02-03",1.8394
"1983-02-04",-3.59
"1983-02-05",-5.2807
"1983-02-06",-2.1109
"1983-02-07",-3.7006
"1983-02-08",-3.3398
"1983-02-09",-3.3807
"1983-02-10",0.4601
"1983-02-11",-3.501
"1983-02-12",-4.4907
"1983-02-13",-4.0301
"1983-02-14",-1.5806
"1983-02-15",-2.3406
"1983-02-16",0.139
"1983-02-17",4.8192
"1983-02-18",-1.2499
"1983-02-19",0.7692
"1983-02-20",-1.2102
"1983-02-21",-0.0101
"1983-02-22",0.329
"1983-02-23",8.9595
"1983-02-24",5.109
"1983-02-25",-0.8001
"1983-02-26",-3.691
"1983-02-27",-4.3007
"1983-02-28",-0.4262
"1983-03-01",6.2045
"1983-03-02",2.4346
"1983-03-03",3.1646
"1983-03-04",5.6538
"1983-03-05",8.5639
"1983-03-06",12.8737
"1983-03-07",13.8646
"1983-03-08",12.9747
"1983-03-09",10.9641
"1983-03-10",4.1242
"1983-03-11",3.1249
"1983-03-12",0.9543
"1983-03-13",-1.1862
"1983-03-14",2.7846
"1983-03-15",5.4638
"1983-03-16",5.934
"1983-03-17",4.9948
"1983-03-18",11.3249
"1983-03-19",8.7539
"1983-03-20",7.0547
"1983-03-21",6.6843
"1983-03-22",1.6049
"1983-03-23",-1.2956
"1983-03-24",-0.8062
"1983-03-25",-1.9161
"1983-03-26",-3.8257
"1983-03-27",2.0943
"1983-03-28",5.4241
"1983-03-29",3.3341
"1983-03-30",6.5244
"1983-03-31",4.2516
"1983-04-01",1.6722
"1983-04-02",5.572
"1983-04-03",8.072
"1983-04-04",5.4012
"1983-04-05",8.7623
"1983-04-06",10.8318
"1983-04-07",15.9918
"1983-04-08",16.4416
"1983-04-09",16.1614
"1983-04-10",9.5716
"1983-04-11",6.4017
"1983-04-12",7.8917
"1983-04-13",5.1812
"1983-04-14",8.1021
"1983-04-15",13.5218
"1983-04-16",4.6918
"1983-04-17",1.3415
"1983-04-18",3.1718
"1983-04-19",-2.1482
"1983-04-20",-3.6886
"1983-04-21",-1.6984
"1983-04-22",2.1015
"1983-04-23",7.7221
"1983-04-24",8.6721
"1983-04-25",5.7019
"1983-04-26",3.2716
"1983-04-27",8.6517
"1983-04-28",10.0514
"1983-04-29",10.4314
"1983-04-30",12.3302
"1983-05-01",14.0197
"1983-05-02",14.7797
"1983-05-03",15.5301
"1983-05-04",9.2601
"1983-05-05",6.6699
"1983-05-06",10.0201
"1983-05-07",7.7401
"1983-05-08",12.7498
"1983-05-09",9.4802
"1983-05-10",6.5893
"1983-05-11",10.18
"1983-05-12",10.6502
"1983-05-13",12.5298
"1983-05-14",15.7994
"1983-05-15",16.2792
"1983-05-16",12.5598
"1983-05-17",6.6795
"1983-05-18",5.1499
"1983-05-19",10.1692
"1983-05-20",16.4199
"1983-05-21",18.1996
"1983-05-22",18.9596
"1983-05-23",19.4599
"1983-05-24",15.6503
"1983-05-25",13.1298
"1983-05-26",15.7694
"1983-05-27",12.6693
"1983-05-28",9.6798
"1983-05-29",15.4795
"1983-05-30",18.2995
"1983-05-31",16.2841
"1983-06-01",12.454
"1983-06-02",9.8842
"1983-06-03",11.9838
"1983-06-04",16.7145
"1983-06-05",18.3536
"1983-06-06",17.9543
"1983-06-07",19.5837
"1983-06-08",15.524
"1983-06-09",12.1041
"1983-06-10",13.2537
"1983-06-11",12.0945
"1983-06-12",12.2544
"1983-06-13",14.5043
"1983-06-14",16.0543
"1983-06-15",19.2038
"1983-06-16",19.1244
"1983-06-17",19.6643
"1983-06-18",19.6138
"1983-06-19",18.8646
"1983-06-20",19.7942
"1983-06-21",19.8639
"1983-06-22",17.8341
"1983-06-23",16.1638
"1983-06-24",17.0044
"1983-06-25",16.9442
"1983-06-26",20.1141
"1983-06-27",18.344
"1983-06-28",18.4137
"1983-06-29",18.8538
"1983-06-30",20.09
"1983-07-01",19.2591
"1983-07-02",20.1694
"1983-07-03",19.9301
"1983-07-04",20.5794
"1983-07-05",21.3298
"1983-07-06",19.9
"1983-07-07",17.3495
"1983-07-08",15.12
"1983-07-09",15.0094
"1983-07-10",16.5594
"1983-07-11",19.0498
"1983-07-12",16.9394
"1983-07-13",19.6499
"1983-07-14",22.1499
"1983-07-15",22.8991
"1983-07-16",21.2492
"1983-07-17",23.5196
"1983-07-18",23.16
"1983-07-19",23.2093
"1983-07-20",22.4301
"1983-07-21",22.9099
"1983-07-22",23.3296
"1983-07-23",21.2492
"1983-07-24",23.6399
"1983-07-25",20.2896
"1983-07-26",19.52
"1983-07-27",18.0096
"1983-07-28",15.8499
"1983-07-29",15.9702
"1983-07-30",16.9899
"1983-07-31",18.38
"1983-08-01",18.9404
"1983-08-02",20.09
"1983-08-03",19.7605
"1983-08-04",19.7701
"1983-08-05",21.0797
"1983-08-06",20.5205
"1983-08-07",20.9005
"1983-08-08",20.1405
"1983-08-09",21.6497
"1983-08-10",23.0001
"1983-08-11",21.5703
"1983-08-12",20.6203
"1983-08-13",16.0303
"1983-08-14",12.3794
"1983-08-15",14.9396
"1983-08-16",14.9805
"1983-08-17",18.7696
"1983-08-18",18.1696
"1983-08-19",20.9005
"1983-08-20",22.8005
"1983-08-21",21.4404
"1983-08-22",21.5499
"1983-08-23",22.9496
"1983-08-24",21.8794
"1983-08-25",19.7797
"1983-08-26",18.3896
"1983-08-27",18.6193
"1983-08-28",21.5703
"1983-08-29",21.7904
"1983-08-30",19.9698
"1983-08-31",18.2766
"1983-09-01",21.0556
"1983-09-02",19.146
"1983-09-03",18.2057
"1983-09-04",20.286
"1983-09-05",21.9755
"1983-09-06",22.4758
"1983-09-07",19.716
"1983-09-08",21.5956
"1983-09-09",19.5958
"1983-09-10",21.7062
"1983-09-11",19.2663
"1983-09-12",21.3166
"1983-09-13",21.2565
"1983-09-14",14.4261
"1983-09-15",13.1563
"1983-09-16",13.8766
"1983-09-17",14.5765
"1983-09-18",15.8956
"1983-09-19",16.2359
"1983-09-20",16.9466
"1983-09-21",15.1862
"1983-09-22",6.8863
"1983-09-23",3.8163
"1983-09-24",6.8455
"1983-09-25",4.4356
"1983-09-26",8.986
"1983-09-27",7.5561
"1983-09-28",8.2163
"1983-09-29",10.8956
"1983-09-30",7.9277
"1983-10-01",9.028
"1983-10-02",14.7785
"1983-10-03",12.068
"1983-10-04",11.9983
"1983-10-05",17.8076
"1983-10-06",14.6474
"1983-10-07",10.0778
"1983-10-08",8.1286
"1983-10-09",14.7785
"1983-10-10",12.2977
"1983-10-11",9.9179
"1983-10-12",15.1176
"1983-10-13",16.5185
"1983-10-14",9.5776
"1983-10-15",5.7079
"1983-10-16",6.2983
"1983-10-17",6.7481
"1983-10-18",8.6985
"1983-10-19",13.2886
"1983-10-20",11.2274
"1983-10-21",8.1983
"1983-10-22",7.9578
"1983-10-23",10.4085
"1983-10-24",12.8881
"1983-10-25",10.6081
"1983-10-26",5.9881
"1983-10-27",2.888
"1983-10-28",1.8382
"1983-10-29",4.438
"1983-10-30",6.4378
"1983-10-31",6.8286
"1983-11-01",9.4381
"1983-11-02",9.788
"1983-11-03",9.5187
"1983-11-04",3.1586
"1983-11-05",-1.9714
"1983-11-06",0.988
"1983-11-07",3.0383
"1983-11-08",8.8585
"1983-11-09",8.1286
"1983-11-10",11.0483
"1983-11-11",5.5684
"1983-11-12",-1.6119
"1983-11-13",-2.6412
"1983-11-14",-2.1217
"1983-11-15",2.419
"1983-11-16",3.1982
"1983-11-17",-0.2314
"1983-11-18",-0.7917
"1983-11-19",0.798
"1983-11-20",5.109
"1983-11-21",6.219
"1983-11-22",2.3589
"1983-11-23",3.8981
"1983-11-24",10.4987
"1983-11-25",-0.372
"1983-11-26",-1.8018
"1983-11-27",1.7179
"1983-11-28",8.8284
"1983-11-29",0.329
"1983-11-30",-1.7044
"1983-12-01",1.7648
"1983-12-02",0.6549
"1983-12-03",5.9255
"1983-12-04",6.825
"1983-12-05",6.8852
"1983-12-06",7.1148
"1983-12-07",-0.8543
"1983-12-08",-2.3249
"1983-12-09",-1.8247
"1983-12-10",3.4051
"1983-12-11",4.2649
"1983-12-12",9.6449
"1983-12-13",5.5155
"1983-12-14",4.0953
"1983-12-15",2.2855
"1983-12-16",-0.6847
"1983-12-17",1.3848
"1983-12-18",-2.2347
"1983-12-19",-1.1344
"1983-12-20",-3.4445
"1983-12-21",-3.9748
"1983-12-22",3.8247
"1983-12-23",-0.9252
"1983-12-24",-15.4348
"1983-12-25",-16.9752
"1983-12-26",-16.2645
"1983-12-27",-8.5443
"1983-12-28",-1.975
"1983-12-29",-0.4646
"1983-12-30",-8.6947
"1983-12-31",-9.5208
"1984-01-01",-10.0717
"1984-01-02",-6.8814
"1984-01-03",-1.4515
"1984-01-04",-3.6216
"1984-01-05",-0.8011
"1984-01-06",-0.1914
"1984-01-07",-2.5516
"1984-01-08",-3.821
"1984-01-09",-1.8908
"1984-01-10",1.9683
"1984-01-11",-5.6016
"1984-01-12",-7.6408
"1984-01-13",-4.6406
"1984-01-14",-2.431
"1984-01-15",-1.9407
"1984-01-16",-2.5307
"1984-01-17",-2.2606
"1984-01-18",1.6692
"1984-01-19",-2.7614
"1984-01-20",-7.4414
"1984-01-21",-9.601
"1984-01-22",-11.4107
"1984-01-23",-7.2014
"1984-01-24",1.5893
"1984-01-25",6.5184
"1984-01-26",2.119
"1984-01-27",4.2985
"1984-01-28",-0.851
"1984-01-29",1.2287
"1984-01-30",-0.2412
"1984-01-31",-3.8952
"1984-02-01",-5.7245
"1984-02-02",-3.7051
"1984-02-03",0.9957
"1984-02-04",6.7352
"1984-02-05",1.2253
"1984-02-06",-3.5845
"1984-02-07",-6.2647
"1984-02-08",-7.7254
"1984-02-09",-5.175
"1984-02-10",-0.7652
"1984-02-11",9.245
"1984-02-12",8.9656
"1984-02-13",9.8049
"1984-02-14",10.1747
"1984-02-15",4.805
"1984-02-16",3.0349
"1984-02-17",4.1756
"1984-02-18",4.295
"1984-02-19",5.125
"1984-02-20",6.1347
"1984-02-21",0.6653
"1984-02-22",1.4351
"1984-02-23",3.6748
"1984-02-24",2.4147
"1984-02-25",1.3655
"1984-02-26",-2.2351
"1984-02-27",-0.8452
"1984-02-28",-0.9252
"1984-02-29",-2.7753
"1984-03-01",-5.5645
"1984-03-02",-2.8252
"1984-03-03",1.9347
"1984-03-04",2.0147
"1984-03-05",6.5845
"1984-03-06",7.7345
"1984-03-07",2.3347
"1984-03-08",1.2345
"1984-03-09",-4.6047
"1984-03-10",-3.2448
"1984-03-11",-2.9052
"1984-03-12",-2.1656
"1984-03-13",3.5044
"1984-03-14",2.7648
"1984-03-15",2.5248
"1984-03-16",7.3253
"1984-03-17",5.5052
"1984-03-18",2.9746
"1984-03-19",7.8945
"1984-03-20",6.7445
"1984-03-21",5.6455
"1984-03-22",1.5545
"1984-03-23",2.3544
"1984-03-24",1.2148
"1984-03-25",13.3453
"1984-03-26",8.1947
"1984-03-27",6.1648
"1984-03-28",11.0847
"1984-03-29",4.5349
"1984-03-30",1.4652
"1984-03-31",2.8088
"1984-04-01",5.0288
"1984-04-02",3.3687
"1984-04-03",5.5087
"1984-04-04",9.1094
"1984-04-05",7.869
"1984-04-06",6.0095
"1984-04-07",6.8592
"1984-04-08",2.6593
"1984-04-09",4.5187
"1984-04-10",3.0094
"1984-04-11",4.6787
"1984-04-12",3.5496
"1984-04-13",8.9587
"1984-04-14",15.0088
"1984-04-15",14.1486
"1984-04-16",9.9695
"1984-04-17",6.5393
"1984-04-18",6.0489
"1984-04-19",7.4389
"1984-04-20",7.6696
"1984-04-21",9.1094
"1984-04-22",5.729
"1984-04-23",7.0285
"1984-04-24",8.029
"1984-04-25",6.3492
"1984-04-26",11.9693
"1984-04-27",13.2989
"1984-04-28",15.4285
"1984-04-29",15.5189
"1984-04-30",15.054
"1984-05-01",11.094
"1984-05-02",9.9139
"1984-05-03",11.2749
"1984-05-04",12.6845
"1984-05-05",10.6141
"1984-05-06",13.2549
"1984-05-07",18.635
"1984-05-08",14.1742
"1984-05-09",8.284
"1984-05-10",7.6046
"1984-05-11",11.625
"1984-05-12",10.6547
"1984-05-13",15.1143
"1984-05-14",15.0749
"1984-05-15",8.495
"1984-05-16",5.8739
"1984-05-17",3.1241
"1984-05-18",5.5644
"1984-05-19",10.6349
"1984-05-20",13.5539
"1984-05-21",13.5841
"1984-05-22",17.8745
"1984-05-23",18.2339
"1984-05-24",15.5548
"1984-05-25",13.1343
"1984-05-26",18.2745
"1984-05-27",19.2946
"1984-05-28",18.1446
"1984-05-29",17.4943
"1984-05-30",8.8149
"1984-05-31",7.767
"1984-06-01",7.258
"1984-06-02",11.0476
"1984-06-03",15.818
"1984-06-04",18.4275
"1984-06-05",16.8173
"1984-06-06",17.8977
"1984-06-07",19.967
"1984-06-08",18.3881
"1984-06-09",17.5673
"1984-06-10",16.6272
"1984-06-11",17.7273
"1984-06-12",21.2978
"1984-06-13",18.2072
"1984-06-14",18.5376
"1984-06-15",19.647
"1984-06-16",21.8276
"1984-06-17",20.797
"1984-06-18",21.3674
"1984-06-19",21.4972
"1984-06-20",23.7775
"1984-06-21",21.758
"1984-06-22",19.9774
"1984-06-23",16.9471
"1984-06-24",18.6176
"1984-06-25",19.8279
"1984-06-26",16.007
"1984-06-27",16.917
"1984-06-28",19.6679
"1984-06-29",20.0272
"1984-06-30",19.3386
"1984-07-01",19.6088
"1984-07-02",20.7077
"1984-07-03",19.5879
"1984-07-04",20.1385
"1984-07-05",20.7889
"1984-07-06",20.0388
"1984-07-07",20.3078
"1984-07-08",17.1581
"1984-07-09",14.8384
"1984-07-10",18.0078
"1984-07-11",20.0284
"1984-07-12",23.2882
"1984-07-13",23.1978
"1984-07-14",22.5278
"1984-07-15",21.0787
"1984-07-16",21.0683
"1984-07-17",21.088
"1984-07-18",20.258
"1984-07-19",19.2181
"1984-07-20",19.1485
"1984-07-21",19.1485
"1984-07-22",18.0785
"1984-07-23",18.6385
"1984-07-24",20.5188
"1984-07-25",21.7882
"1984-07-26",21.2479
"1984-07-27",21.1482
"1984-07-28",15.1978
"1984-07-29",15.1282
"1984-07-30",15.9386
"1984-07-31",17.8699
"1984-08-01",18.5295
"1984-08-02",20.0794
"1984-08-03",20.6996
"1984-08-04",20.8503
"1984-08-05",22.0305
"1984-08-06",21.2004
"1984-08-07",22.4895
"1984-08-08",21.5204
"1984-08-09",23.4297
"1984-08-10",21.6201
"1984-08-11",20.1304
"1984-08-12",20.9999
"1984-08-13",21.1204
"1984-08-14",21.2595
"1984-08-15",21.6595
"1984-08-16",19.96
"1984-08-17",19.9705
"1984-08-18",19.8997
"1984-08-19",21.2004
"1984-08-20",19.8603
"1984-08-21",18.3603
"1984-08-22",17.0201
"1984-08-23",16.4405
"1984-08-24",19.0303
"1984-08-25",16.0904
"1984-08-26",14.2599
"1984-08-27",14.9404
"1984-08-28",17.7702
"1984-08-29",18.5898
"1984-08-30",19.8499
"1984-08-31",19.7409
"1984-09-01",18.031
"1984-09-02",17.6508
"1984-09-03",18.6906
"1984-09-04",18.0612
"1984-09-05",14.8802
"1984-09-06",12.6602
"1984-09-07",10.7207
"1984-09-08",10.4008
"1984-09-09",13.9806
"1984-09-10",15.6105
"1984-09-11",18.4008
"1984-09-12",18.2304
"1984-09-13",16.5205
"1984-09-14",16.0603
"1984-09-15",17.4201
"1984-09-16",9.791
"1984-09-17",6.6703
"1984-09-18",10.0901
"1984-09-19",10.0808
"1984-09-20",9.8107
"1984-09-21",11.8301
"1984-09-22",14.9601
"1984-09-23",14.6611
"1984-09-24",16.3802
"1984-09-25",16.3211
"1984-09-26",16.3304
"1984-09-27",9.4908
"1984-09-28",9.2508
"1984-09-29",8.2805
"1984-09-30",9.9881
"1984-10-01",8.9285
"1984-10-02",7.4087
"1984-10-03",8.2689
"1984-10-04",7.7287
"1984-10-05",11.3885
"1984-10-06",12.448
"1984-10-07",12.5489
"1984-10-08",12.8491
"1984-10-09",13.4183
"1984-10-10",14.3782
"1984-10-11",11.3688
"1984-10-12",9.4989
"1984-10-13",8.6781
"1984-10-14",8.1889
"1984-10-15",9.6287
"1984-10-16",13.7082
"1984-10-17",15.4888
"1984-10-18",17.2786
"1984-10-19",15.2187
"1984-10-20",17.0283
"1984-10-21",17.4085
"1984-10-22",17.769
"1984-10-23",17.8386
"1984-10-24",15.4482
"1984-10-25",17.4688
"1984-10-26",14.0791
"1984-10-27",14.2681
"1984-10-28",18.169
"1984-10-29",18.3185
"1984-10-30",16.6886
"1984-10-31",13.9922
"1984-11-01",12.9824
"1984-11-02",15.2418
"1984-11-03",6.4326
"1984-11-04",6.5428
"1984-11-05",8.0718
"1984-11-06",2.3219
"1984-11-07",-2.0577
"1984-11-08",-2.7579
"1984-11-09",0.5923
"1984-11-10",3.1322
"1984-11-11",8.4219
"1984-11-12",0.7326
"1984-11-13",-3.9079
"1984-11-14",-3.348
"1984-11-15",0.0521
"1984-11-16",5.882
"1984-11-17",-3.1579
"1984-11-18",-0.6574
"1984-11-19",4.8329
"1984-11-20",-2.4971
"1984-11-21",-5.7581
"1984-11-22",-5.6271
"1984-11-23",-4.8875
"1984-11-24",-3.1579
"1984-11-25",0.292
"1984-11-26",0.6027
"1984-11-27",4.8027
"1984-11-28",5.263
"1984-11-29",-0.0882
"1984-11-30",0.6816
"1984-12-01",2.1411
"1984-12-02",2.6013
"1984-12-03",6.3608
"1984-12-04",-0.1589
"1984-12-05",0.5911
"1984-12-06",-3.6494
"1984-12-07",-8.0894
"1984-12-08",-5.4393
"1984-12-09",-2.6594
"1984-12-10",1.5116
"1984-12-11",5.8113
"1984-12-12",3.4615
"1984-12-13",4.8108
"1984-12-14",9.0016
"1984-12-15",8.3014
"1984-12-16",7.6313
"1984-12-17",11.2609
"1984-12-18",8.5715
"1984-12-19",9.6206
"1984-12-20",9.2717
"1984-12-21",9.9916
"1984-12-22",4.9615
"1984-12-23",0.4914
"1984-12-24",1.2415
"1984-12-25",3.1009
"1984-12-26",-2.0786
"1984-12-27",5.1609
"1984-12-28",4.9708
"1984-12-29",7.4215
"1984-12-30",7.7808
"1984-12-31",10.5874
"1985-01-01",9.4366
"1985-01-02",9.537
"1985-01-03",2.8075
"1985-01-04",1.657
"1985-01-05",-1.0027
"1985-01-06",-2.6124
"1985-01-07",-1.5924
"1985-01-08",-1.9824
"1985-01-09",-4.0628
"1985-01-10",-2.9932
"1985-01-11",-2.9632
"1985-01-12",-5.0425
"1985-01-13",-6.0729
"1985-01-14",-5.5929
"1985-01-15",-6.6026
"1985-01-16",-8.2134
"1985-01-17",-3.7524
"1985-01-18",-2.4324
"1985-01-19",-0.5631
"1985-01-20",-18.3724
"1985-01-21",-20.3224
"1985-01-22",-14.7826
"1985-01-23",-10.2627
"1985-01-24",-6.883
"1985-01-25",-4.8232
"1985-01-26",-8.3127
"1985-01-27",-7.2326
"1985-01-28",-1.0431
"1985-01-29",-1.7931
"1985-01-30",-1.9431
"1985-01-31",3.306
"1985-02-01",6.5957
"1985-02-02",6.5554
"1985-02-03",-1.1043
"1985-02-04",-3.5747
"1985-02-05",-3.1639
"1985-02-06",-1.7147
"1985-02-07",-2.2939
"1985-02-08",-8.0046
"1985-02-09",-9.425
"1985-02-10",-6.7641
"1985-02-11",-3.764
"1985-02-12",-1.7747
"1985-02-13",-4.1448
"1985-02-14",-5.2444
"1985-02-15",-5.5341
"1985-02-16",-4.754
"1985-02-17",-2.7739
"1985-02-18",-1.7343
"1985-02-19",0.8458
"1985-02-20",1.3859
"1985-02-21",-1.5946
"1985-02-22",2.826
"1985-02-23",8.0958
"1985-02-24",12.7956
"1985-02-25",13.4857
"1985-02-26",13.3853
"1985-02-27",7.2858
"1985-02-28",-0.0784
"1985-03-01",1.1009
"1985-03-02",9.8116
"1985-03-03",4.641
"1985-03-04",7.8016
"1985-03-05",10.3009
"1985-03-06",-0.0692
"1985-03-07",-3.1386
"1985-03-08",7.0515
"1985-03-09",10.7117
"1985-03-10",3.1213
"1985-03-11",3.7917
"1985-03-12",6.3915
"1985-03-13",2.3517
"1985-03-14",7.5212
"1985-03-15",4.701
"1985-03-16",0.8216
"1985-03-17",4.2014
"1985-03-18",-1.6685
"1985-03-19",-3.3694
"1985-03-20",-0.4592
"1985-03-21",2.8213
"1985-03-22",3.891
"1985-03-23",3.6417
"1985-03-24",7.6308
"1985-03-25",6.3707
"1985-03-26",4.4714
"1985-03-27",4.671
"1985-03-28",10.7417
"1985-03-29",14.9511
"1985-03-30",16.5412
"1985-03-31",11.7398
"1985-04-01",6.89
"1985-04-02",2.3401
"1985-04-03",2.8006
"1985-04-04",6.5
"1985-04-05",10.7602
"1985-04-06",8.4108
"1985-04-07",6.95
"1985-04-08",4.3399
"1985-04-09",2.3598
"1985-04-10",-1.5992
"1985-04-11",2.0309
"1985-04-12",8.3508
"1985-04-13",12.5602
"1985-04-14",13.0703
"1985-04-15",12.3906
"1985-04-16",12.4899
"1985-04-17",10.4105
"1985-04-18",6.83
"1985-04-19",11.4502
"1985-04-20",12.8003
"1985-04-21",13.6299
"1985-04-22",13.2306
"1985-04-23",13.9207
"1985-04-24",13.7799
"1985-04-25",14.1999
"1985-04-26",10.7498
"1985-04-27",13.0299
"1985-04-28",16.63
"1985-04-29",10.0309
"1985-04-30",7.4946
"1985-05-01",9.9755
"1985-05-02",13.2653
"1985-05-03",7.955
"1985-05-04",5.7649
"1985-05-05",8.105
"1985-05-06",10.1555
"1985-05-07",14.2253
"1985-05-08",12.9549
"1985-05-09",10.7048
"1985-05-10",15.235
"1985-05-11",17.1747
"1985-05-12",17.7055
"1985-05-13",18.4555
"1985-05-14",20.1448
"1985-05-15",19.7248
"1985-05-16",17.9455
"1985-05-17",12.8949
"1985-05-18",10.6748
"1985-05-19",10.8548
"1985-05-20",12.8049
"1985-05-21",17.6951
"1985-05-22",20.3456
"1985-05-23",20.1748
"1985-05-24",13.6749
"1985-05-25",12.6352
"1985-05-26",12.2348
"1985-05-27",14.1953
"1985-05-28",14.7746
"1985-05-29",19.2552
"1985-05-30",15.715
"1985-05-31",14.5449
"1985-06-01",19.0855
"1985-06-02",21.2249
"1985-06-03",20.2452
"1985-06-04",20.9745
"1985-06-05",21.5053
"1985-06-06",21.1845
"1985-06-07",17.3651
"1985-06-08",18.2847
"1985-06-09",20.0652
"1985-06-10",20.2152
"1985-06-11",23.145
"1985-06-12",18.2651
"1985-06-13",11.6648
"1985-06-14",10.2755
"1985-06-15",15.1946
"1985-06-16",18.2755
"1985-06-17",17.4851
"1985-06-18",22.1549
"1985-06-19",19.5055
"1985-06-20",16.4454
"1985-06-21",15.4646
"1985-06-22",16.0254
"1985-06-23",16.4154
"1985-06-24",18.9852
"1985-06-25",18.7648
"1985-06-26",17.6351
"1985-06-27",11.7052
"1985-06-28",14.2945
"1985-06-29",18.5651
"1985-06-30",17.9547
"1985-07-01",13.5249
"1985-07-02",15.3642
"1985-07-03",17.7043
"1985-07-04",19.194
"1985-07-05",19.674
"1985-07-06",20.2348
"1985-07-07",20.3041
"1985-07-08",17.5843
"1985-07-09",19.0544
"1985-07-10",21.9945
"1985-07-11",22.0245
"1985-07-12",20.7645
"1985-07-13",21.3945
"1985-07-14",21.3945
"1985-07-15",21.3241
"1985-07-16",22.5345
"1985-07-17",21.2249
"1985-07-18",19.6048
"1985-07-19",17.8751
"1985-07-20",21.3945
"1985-07-21",21.8941
"1985-07-22",22.3949
"1985-07-23",21.3045
"1985-07-24",20.7148
"1985-07-25",17.4851
"1985-07-26",20.2648
"1985-07-27",21.0945
"1985-07-28",21.1545
"1985-07-29",20.6548
"1985-07-30",20.6145
"1985-07-31",20.7622
"1985-08-01",20.9225
"1985-08-02",15.3423
"1985-08-03",12.6422
"1985-08-04",14.1722
"1985-08-05",16.3023
"1985-08-06",18.6424
"1985-08-07",18.8421
"1985-08-08",20.2521
"1985-08-09",19.0925
"1985-08-10",19.7121
"1985-08-11",17.912
"1985-08-12",21.7718
"1985-08-13",19.9025
"1985-08-14",19.4029
"1985-08-15",19.0428
"1985-08-16",20.1321
"1985-08-17",21.623
"1985-08-18",17.9028
"1985-08-19",14.0522
"1985-08-20",18.3724
"1985-08-21",21.7822
"1985-08-22",19.3429
"1985-08-23",17.8924
"1985-08-24",17.4828
"1985-08-25",19.5829
"1985-08-26",20.3629
"1985-08-27",20.0421
"1985-08-28",20.9929
"1985-08-29",21.2918
"1985-08-30",19.8829
"1985-08-31",19.0763
"1985-09-01",19.516
"1985-09-02",19.1259
"1985-09-03",19.0659
"1985-09-04",20.8464
"1985-09-05",21.1764
"1985-09-06",19.936
"1985-09-07",22.6061
"1985-09-08",23.3561
"1985-09-09",21.7857
"1985-09-10",21.7557
"1985-09-11",20.6156
"1985-09-12",15.8362
"1985-09-13",6.9454
"1985-09-14",3.2656
"1985-09-15",6.0257
"1985-09-16",9.3155
"1985-09-17",10.8063
"1985-09-18",12.9664
"1985-09-19",12.6456
"1985-09-20",16.1858
"1985-09-21",15.8154
"1985-09-22",15.3561
"1985-09-23",14.2161
"1985-09-24",16.6554
"1985-09-25",15.0354
"1985-09-26",12.0964
"1985-09-27",11.306
"1985-09-28",7.2661
"1985-09-29",7.9654
"1985-09-30",13.0529
"1985-10-01",14.193
"1985-10-02",18.804
"1985-10-03",14.463
"1985-10-04",17.1735
"1985-10-05",12.6329
"1985-10-06",6.403
"1985-10-07",6.223
"1985-10-08",6.5634
"1985-10-09",12.3433
"1985-10-10",15.5938
"1985-10-11",17.4135
"1985-10-12",17.1435
"1985-10-13",16.0138
"1985-10-14",15.153
"1985-10-15",17.9536
"1985-10-16",16.5631
"1985-10-17",13.0737
"1985-10-18",11.9533
"1985-10-19",13.1337
"1985-10-20",16.3935
"1985-10-21",11.4433
"1985-10-22",13.323
"1985-10-23",12.0029
"1985-10-24",15.8639
"1985-10-25",16.2435
"1985-10-26",10.054
"1985-10-27",8.5539
"1985-10-28",10.4832
"1985-10-29",6.7238
"1985-10-30",7.8639
"1985-10-31",12.4991
"1985-11-01",14.5196
"1985-11-02",13.6587
"1985-11-03",8.2193
"1985-11-04",9.4089
"1985-11-05",6.6592
"1985-11-06",5.3691
"1985-11-07",6.0788
"1985-11-08",5.5492
"1985-11-09",1.889
"1985-11-10",10.2294
"1985-11-11",13.7292
"1985-11-12",14.5588
"1985-11-13",15.5396
"1985-11-14",14.9996
"1985-11-15",13.8191
"1985-11-16",11.0994
"1985-11-17",15.4588
"1985-11-18",15.7496
"1985-11-19",13.5895
"1985-11-20",16.7893
"1985-11-21",5.7788
"1985-11-22",5.2191
"1985-11-23",4.0387
"1985-11-24",2.8386
"1985-11-25",9.3489
"1985-11-26",12.1691
"1985-11-27",14.5092
"1985-11-28",14.9096
"1985-11-29",14.0488
"1985-11-30",8.9601
"1985-12-01",6.7907
"1985-12-02",-1.0996
"1985-12-03",-4.8394
"1985-12-04",-4.7194
"1985-12-05",-2.6193
"1985-12-06",-1.8393
"1985-12-07",-2.7497
"1985-12-08",-1.41
"1985-12-09",1.3409
"1985-12-10",7.7
"1985-12-11",6.3799
"1985-12-12",14.3707
"1985-12-13",13.0807
"1985-12-14",-4.1101
"1985-12-15",-5.6402
"1985-12-16",-4.7402
"1985-12-17",-3.4397
"1985-12-18",-2.5097
"1985-12-19",-6.8299
"1985-12-20",-7.7392
"1985-12-21",-7.5799
"1985-12-22",-8.1592
"1985-12-23",-2.6701
"1985-12-24",3.8206
"1985-12-25",-6.9591
"1985-12-26",-10.0597
"1985-12-27",-7.9596
"1985-12-28",-4.0894
"1985-12-29",-1.5093
"1985-12-30",-5.2502
"1985-12-31",-2.3908
"1986-01-01",1.629
"1986-01-02",-1.7513
"1986-01-03",4.2488
"1986-01-04",-0.7517
"1986-01-05",-2.7814
"1986-01-06",-4.6514
"1986-01-07",-2.1316
"1986-01-08",-8.1513
"1986-01-09",-10.1614
"1986-01-10",-3.2508
"1986-01-11",-2.4815
"1986-01-12",-3.3117
"1986-01-13",-5.061
"1986-01-14",-6.6311
"1986-01-15",-5.5815
"1986-01-16",-6.0607
"1986-01-17",5.6787
"1986-01-18",8.9493
"1986-01-19",6.9587
"1986-01-20",1.0988
"1986-01-21",-2.2914
"1986-01-22",0.2686
"1986-01-23",-1.7915
"1986-01-24",-4.621
"1986-01-25",-3.1606
"1986-01-26",3.1187
"1986-01-27",-10.381
"1986-01-28",-12.8714
"1986-01-29",-7.4406
"1986-01-30",-1.7709
"1986-01-31",-3.4833
"1986-02-01",-2.4533
"1986-02-02",5.7863
"1986-02-03",9.0167
"1986-02-04",6.4372
"1986-02-05",10.6563
"1986-02-06",8.2267
"1986-02-07",7.1467
"1986-02-08",3.2763
"1986-02-09",5.7472
"1986-02-10",5.1072
"1986-02-11",1.5867
"1986-02-12",-2.9129
"1986-02-13",-7.2538
"1986-02-14",-7.5537
"1986-02-15",-1.7937
"1986-02-16",-3.2334
"1986-02-17",2.3972
"1986-02-18",8.9363
"1986-02-19",6.3665
"1986-02-20",6.7066
"1986-02-21",8.7168
"1986-02-22",6.2763
"1986-02-23",2.1865
"1986-02-24",-1.9436
"1986-02-25",-3.1628
"1986-02-26",-4.7437
"1986-02-27",1.2368
"1986-02-28",1.1412
"1986-03-01",-1.9089
"1986-03-02",-5.3283
"1986-03-03",1.7018
"1986-03-04",1.0412
"1986-03-05",2.6808
"1986-03-06",-0.379
"1986-03-07",-1.9284
"1986-03-08",-7.119
"1986-03-09",-4.4786
"1986-03-10",8.431
"1986-03-11",14.2616
"1986-03-12",5.5212
"1986-03-13",9.6708
"1986-03-14",14.141
"1986-03-15",8.9711
"1986-03-16",10.1413
"1986-03-17",8.5114
"1986-03-18",5.7417
"1986-03-19",12.3612
"1986-03-20",6.4915
"1986-03-21",-2.0784
"1986-03-22",-5.6391
"1986-03-23",-3.2791
"1986-03-24",0.8413
"1986-03-25",3.1915
"1986-03-26",10.2315
"1986-03-27",9.8816
"1986-03-28",4.9409
"1986-03-29",5.7917
"1986-03-30",6.9913
"1986-03-31",8.7744
"1986-04-01",11.5147
"1986-04-02",11.3344
"1986-04-03",11.4148
"1986-04-04",11.895
"1986-04-05",13.4847
"1986-04-06",13.2044
"1986-04-07",13.815
"1986-04-08",13.1642
"1986-04-09",5.8352
"1986-04-10",3.4251
"1986-04-11",2.1245
"1986-04-12",5.3343
"1986-04-13",9.2547
"1986-04-14",9.8849
"1986-04-15",12.0645
"1986-04-16",6.8751
"1986-04-17",1.5247
"1986-04-18",6.2448
"1986-04-19",5.1343
"1986-04-20",7.4542
"1986-04-21",13.1544
"1986-04-22",4.4943
"1986-04-23",-0.8658
"1986-04-24",-1.0657
"1986-04-25",5.105
"1986-04-26",10.025
"1986-04-27",16.4641
"1986-04-28",14.5148
"1986-04-29",13.6151
"1986-04-30",9.1188
"1986-05-01",11.8288
"1986-05-02",10.7389
"1986-05-03",5.2886
"1986-05-04",2.2484
"1986-05-05",5.9286
"1986-05-06",13.4988
"1986-05-07",16.4489
"1986-05-08",18.4286
"1986-05-09",11.0584
"1986-05-10",7.4781
"1986-05-11",6.0688
"1986-05-12",13.6781
"1986-05-13",13.6184
"1986-05-14",12.8382
"1986-05-15",15.8089
"1986-05-16",15.8285
"1986-05-17",17.178
"1986-05-18",18.4286
"1986-05-19",13.7487
"1986-05-20",18.408
"1986-05-21",17.6887
"1986-05-22",15.5688
"1986-05-23",12.8882
"1986-05-24",15.4688
"1986-05-25",17.8484
"1986-05-26",17.8289
"1986-05-27",15.9382
"1986-05-28",18.1581
"1986-05-29",21.7579
"1986-05-30",22.4186
"1986-05-31",20.1128
"1986-06-01",20.0324
"1986-06-02",19.6826
"1986-06-03",14.6028
"1986-06-04",14.882
"1986-06-05",16.1523
"1986-06-06",19.123
"1986-06-07",19.4522
"1986-06-08",22.4327
"1986-06-09",20.943
"1986-06-10",18.6123
"1986-06-11",19.7423
"1986-06-12",22.6022
"1986-06-13",22.7826
"1986-06-14",19.6826
"1986-06-15",19.8629
"1986-06-16",19.0024
"1986-06-17",20.9321
"1986-06-18",18.8426
"1986-06-19",16.7629
"1986-06-20",17.5822
"1986-06-21",18.7525
"1986-06-22",17.1823
"1986-06-23",16.5424
"1986-06-24",20.0129
"1986-06-25",19.4729
"1986-06-26",17.1921
"1986-06-27",19.3023
"1986-06-28",22.2523
"1986-06-29",22.512
"1986-06-30",22.0926
"1986-07-01",22.2219
"1986-07-02",21.6526
"1986-07-03",19.5522
"1986-07-04",18.0527
"1986-07-05",16.0121
"1986-07-06",17.3627
"1986-07-07",18.4526
"1986-07-08",23.3628
"1986-07-09",23.7627
"1986-07-10",21.8927
"1986-07-11",23.5725
"1986-07-12",22.3523
"1986-07-13",21.5319
"1986-07-14",22.1024
"1986-07-15",21.0919
"1986-07-16",21.1527
"1986-07-17",20.7724
"1986-07-18",22.4121
"1986-07-19",22.5729
"1986-07-20",22.562
"1986-07-21",23.8029
"1986-07-22",21.9926
"1986-07-23",21.7525
"1986-07-24",21.5928
"1986-07-25",21.432
"1986-07-26",20.3921
"1986-07-27",20.7322
"1986-07-28",22.9619
"1986-07-29",22.512
"1986-07-30",20.052
"1986-07-31",17.7245
"1986-08-01",20.454
"1986-08-02",23.1542
"1986-08-03",23.2042
"1986-08-04",21.5949
"1986-08-05",20.8843
"1986-08-06",21.0549
"1986-08-07",20.7442
"1986-08-08",21.8047
"1986-08-09",23.014
"1986-08-10",23.2346
"1986-08-11",21.3146
"1986-08-12",20.6844
"1986-08-13",19.8749
"1986-08-14",20.1139
"1986-08-15",20.5149
"1986-08-16",20.2943
"1986-08-17",20.4649
"1986-08-18",20.0542
"1986-08-19",19.3544
"1986-08-20",14.9842
"1986-08-21",18.4841
"1986-08-22",18.9948
"1986-08-23",17.7941
"1986-08-24",19.424
"1986-08-25",16.0849
"1986-08-26",18.8339
"1986-08-27",20.7344
"1986-08-28",11.9744
"1986-08-29",10.0739
"1986-08-30",11.3148
"1986-08-31",14.7495
"1986-09-01",15.1896
"1986-09-02",15.8904
"1986-09-03",17.0498
"1986-09-04",17.3899
"1986-09-05",16.4196
"1986-09-06",16.0599
"1986-09-07",15.9795
"1986-09-08",15.8002
"1986-09-09",14.1095
"1986-09-10",14.6093
"1986-09-11",16.3294
"1986-09-12",20.3899
"1986-09-13",14.6397
"1986-09-14",12.56
"1986-09-15",11.7103
"1986-09-16",17.1802
"1986-09-17",12.7404
"1986-09-18",12.4003
"1986-09-19",15.3504
"1986-09-20",18.8394
"1986-09-21",20.0498
"1986-09-22",18.1103
"1986-09-23",16.6695
"1986-09-24",18.9002
"1986-09-25",21.2494
"1986-09-26",19.7695
"1986-09-27",22.0198
"1986-09-28",20.7594
"1986-09-29",19.0795
"1986-09-30",19.3501
"1986-10-01",18.5004
"1986-10-02",21.8807
"1986-10-03",21.52
"1986-10-04",19.8803
"1986-10-05",19.8401
"1986-10-06",11.9602
"1986-10-07",8.3908
"1986-10-08",13.6607
"1986-10-09",16.5108
"1986-10-10",10.3608
"1986-10-11",9.5806
"1986-10-12",8.28
"1986-10-13",14.8299
"1986-10-14",13.6107
"1986-10-15",6.2003
"1986-10-16",3.3904
"1986-10-17",6.9304
"1986-10-18",5.1409
"1986-10-19",2.0006
"1986-10-20",1.5606
"1986-10-21",4.7399
"1986-10-22",6.7599
"1986-10-23",7.3607
"1986-10-24",9.7708
"1986-10-25",8.7407
"1986-10-26",13.6205
"1986-10-27",12.2199
"1986-10-28",8.9102
"1986-10-29",7.8399
"1986-10-30",8.23
"1986-10-31",8.4397
"1986-11-01",12.5296
"1986-11-02",14.7995
"1986-11-03",10.589
"1986-11-04",9.0091
"1986-11-05",12.9088
"1986-11-06",15.6894
"1986-11-07",16.6488
"1986-11-08",15.559
"1986-11-09",17.2095
"1986-11-10",9.7795
"1986-11-11",7.6291
"1986-11-12",8.1594
"1986-11-13",-0.3703
"1986-11-14",-5.851
"1986-11-15",-3.6811
"1986-11-16",2.2397
"1986-11-17",8.8689
"1986-11-18",9.6491
"1986-11-19",2.7689
"1986-11-20",1.0195
"1986-11-21",1.8692
"1986-11-22",-1.2308
"1986-11-23",2.7689
"1986-11-24",9.5991
"1986-11-25",10.5694
"1986-11-26",10.0989
"1986-11-27",12.8589
"1986-11-28",10.2695
"1986-11-29",8.3897
"1986-11-30",4.6541
"1986-12-01",4.1934
"1986-12-02",5.544
"1986-12-03",2.8036
"1986-12-04",-1.4862
"1986-12-05",-2.6369
"1986-12-06",-5.2066
"1986-12-07",-3.7865
"1986-12-08",3.3241
"1986-12-09",6.5436
"1986-12-10",11.7831
"1986-12-11",4.5834
"1986-12-12",4.4139
"1986-12-13",-5.4859
"1986-12-14",-6.7865
"1986-12-15",-1.2167
"1986-12-16",0.7033
"1986-12-17",2.4135
"1986-12-18",4.2933
"1986-12-19",-3.0563
"1986-12-20",0.9532
"1986-12-21",-3.3366
"1986-12-22",-5.5261
"1986-12-23",-4.3863
"1986-12-24",1.8431
"1986-12-25",6.0438
"1986-12-26",6.4535
"1986-12-27",2.1441
"1986-12-28",-1.2461
"1986-12-29",-3.9169
"1986-12-30",-1.6666
"1986-12-31",-0.7615
"1987-01-01",0.7589
"1987-01-02",1.7193
"1987-01-03",-3.1007
"1987-01-04",-2.0506
"1987-01-05",-4.0113
"1987-01-06",-5.2311
"1987-01-07",-2.4713
"1987-01-08",-2.1209
"1987-01-09",-2.241
"1987-01-10",0.9687
"1987-01-11",-0.2511
"1987-01-12",-3.251
"1987-01-13",-2.6606
"1987-01-14",0.3491
"1987-01-15",6.9588
"1987-01-16",5.2891
"1987-01-17",2.3584
"1987-01-18",1.5289
"1987-01-19",3.6485
"1987-01-20",-1.1812
"1987-01-21",1.769
"1987-01-22",0.0084
"1987-01-23",-4.9608
"1987-01-24",-5.3706
"1987-01-25",-1.5716
"1987-01-26",-6.1806
"1987-01-27",-7.2307
"1987-01-28",-6.0314
"1987-01-29",-2.7806
"1987-01-30",0.6292
"1987-01-31",-1.3434
"1987-02-01",-2.5935
"1987-02-02",1.8771
"1987-02-03",2.0167
"1987-02-04",0.2972
"1987-02-05",-0.2533
"1987-02-06",-1.3737
"1987-02-07",4.7462
"1987-02-08",0.8671
"1987-02-09",-4.7531
"1987-02-10",-5.8832
"1987-02-11",-3.9129
"1987-02-12",-0.4836
"1987-02-13",-0.3138
"1987-02-14",0.5362
"1987-02-15",2.7163
"1987-02-16",-8.0537
"1987-02-17",-5.203
"1987-02-18",-2.4735
"1987-02-19",-1.9739
"1987-02-20",-3.6133
"1987-02-21",0.2269
"1987-02-22",-0.2036
"1987-02-23",1.2369
"1987-02-24",-1.3737
"1987-02-25",2.6871
"1987-02-26",-0.6231
"1987-02-27",0.2171
"1987-02-28",1.265
"1987-03-01",9.9457
"1987-03-02",3.336
"1987-03-03",0.8054
"1987-03-04",-1.4645
"1987-03-05",-2.055
"1987-03-06",-2.5146
"1987-03-07",1.3159
"1987-03-08",6.5955
"1987-03-09",11.0456
"1987-03-10",-2.534
"1987-03-11",-4.0545
"1987-03-12",-1.0244
"1987-03-13",-2.4345
"1987-03-14",-1.684
"1987-03-15",0.4853
"1987-03-16",2.4157
"1987-03-17",-0.3744
"1987-03-18",1.6057
"1987-03-19",4.5753
"1987-03-20",1.4456
"1987-03-21",3.2657
"1987-03-22",1.636
"1987-03-23",1.636
"1987-03-24",2.4157
"1987-03-25",7.015
"1987-03-26",9.4958
"1987-03-27",11.0856
"1987-03-28",12.5855
"1987-03-29",8.5853
"1987-03-30",11.1256
"1987-03-31",1.7247
"1987-04-01",-0.6761
"1987-04-02",0.0041
"1987-04-03",4.7245
"1987-04-04",1.5041
"1987-04-05",0.0441
"1987-04-06",0.3242
"1987-04-07",4.5548
"1987-04-08",8.2241
"1987-04-09",9.604
"1987-04-10",6.9047
"1987-04-11",7.984
"1987-04-12",11.0347
"1987-04-13",12.2643
"1987-04-14",8.9443
"1987-04-15",10.2939
"1987-04-16",11.3646
"1987-04-17",9.3542
"1987-04-18",9.3845
"1987-04-19",12.074
"1987-04-20",13.4647
"1987-04-21",13.044
"1987-04-22",13.8043
"1987-04-23",11.9442
"1987-04-24",13.5739
"1987-04-25",6.4148
"1987-04-26",5.8146
"1987-04-27",2.9943
"1987-04-28",7.3946
"1987-04-29",4.4044
"1987-04-30",9.1487
"1987-05-01",11.4489
"1987-05-02",15.7087
"1987-05-03",15.8493
"1987-05-04",7.6888
"1987-05-05",5.7389
"1987-05-06",8.2792
"1987-05-07",9.9392
"1987-05-08",11.9593
"1987-05-09",9.4493
"1987-05-10",9.5694
"1987-05-11",10.4886
"1987-05-12",15.4492
"1987-05-13",17.2086
"1987-05-14",15.5486
"1987-05-15",16.0688
"1987-05-16",16.6485
"1987-05-17",13.6994
"1987-05-18",17.8586
"1987-05-19",19.0092
"1987-05-20",16.8485
"1987-05-21",14.5991
"1987-05-22",14.8392
"1987-05-23",17.279
"1987-05-24",17.6791
"1987-05-25",19.2591
"1987-05-26",19.5186
"1987-05-27",17.9592
"1987-05-28",17.1892
"1987-05-29",18.8686
"1987-05-30",20.5384
"1987-05-31",18.8611
"1987-06-01",19.1509
"1987-06-02",20.4205
"1987-06-03",21.8913
"1987-06-04",21.6004
"1987-06-05",17.5709
"1987-06-06",15.7606
"1987-06-07",16.071
"1987-06-08",15.6114
"1987-06-09",16.3911
"1987-06-10",15.6708
"1987-06-11",12.3714
"1987-06-12",18.0305
"1987-06-13",20.2313
"1987-06-14",19.8311
"1987-06-15",20.1004
"1987-06-16",20.6909
"1987-06-17",21.2208
"1987-06-18",21.2013
"1987-06-19",20.1307
"1987-06-20",21.2208
"1987-06-21",21.2511
"1987-06-22",22.0513
"1987-06-23",19.9804
"1987-06-24",20.3805
"1987-06-25",18.9811
"1987-06-26",20.0507
"1987-06-27",21.0813
"1987-06-28",16.1705
"1987-06-29",16.841
"1987-06-30",18.1192
"1987-07-01",19.8993
"1987-07-02",20.9493
"1987-07-03",19.8798
"1987-07-04",20.1393
"1987-07-05",20.9893
"1987-07-06",22.3
"1987-07-07",22.8397
"1987-07-08",23.5394
"1987-07-09",24.4391
"1987-07-10",24.6294
"1987-07-11",24.1093
"1987-07-12",22.7899
"1987-07-13",22.0394
"1987-07-14",22.1
"1987-07-15",19.8398
"1987-07-16",18.9692
"1987-07-17",17.8197
"1987-07-18",15.3799
"1987-07-19",15.7995
"1987-07-20",16.9891
"1987-07-21",17.4693
"1987-07-22",20.5892
"1987-07-23",23.1295
"1987-07-24",21.9594
"1987-07-25",22.6396
"1987-07-26",21.3798
"1987-07-27",22.1898
"1987-07-28",22.6396
"1987-07-29",21.5095
"1987-07-30",19.1098
"1987-07-31",20.0463
"1987-08-01",21.7258
"1987-08-02",22.0957
"1987-08-03",22.3466
"1987-08-04",23.4766
"1987-08-05",23.5859
"1987-08-06",23.6962
"1987-08-07",22.2557
"1987-08-08",21.2262
"1987-08-09",22.3866
"1987-08-10",21.6966
"1987-08-11",20.8163
"1987-08-12",19.4959
"1987-08-13",17.3557
"1987-08-14",16.0958
"1987-08-15",16.6366
"1987-08-16",17.4065
"1987-08-17",21.4857
"1987-08-18",22.1465
"1987-08-19",23.256
"1987-08-20",20.9158
"1987-08-21",22.0665
"1987-08-22",20.6065
"1987-08-23",19.3261
"1987-08-24",17.8067
"1987-08-25",16.7664
"1987-08-26",20.3059
"1987-08-27",22.1562
"1987-08-28",23.0365
"1987-08-29",22.8862
"1987-08-30",20.0658
"1987-08-31",18.2814
"1987-09-01",19.5716
"1987-09-02",18.7216
"1987-09-03",18.7216
"1987-09-04",14.4715
"1987-09-05",13.8616
"1987-09-06",17.3319
"1987-09-07",19.0817
"1987-09-08",19.3315
"1987-09-09",20.772
"1987-09-10",21.0315
"1987-09-11",20.1112
"1987-09-12",20.3416
"1987-09-13",20.2615
"1987-09-14",20.162
"1987-09-15",16.802
"1987-09-16",18.5312
"1987-09-17",20.1415
"1987-09-18",20.0918
"1987-09-19",17.7613
"1987-09-20",14.5818
"1987-09-21",12.2513
"1987-09-22",13.602
"1987-09-23",9.6818
"1987-09-24",9.8214
"1987-09-25",14.0617
"1987-09-26",12.6612
"1987-09-27",14.9419
"1987-09-28",15.1215
"1987-09-29",15.6719
"1987-09-30",13.561
"1987-10-01",8.9605
"1987-10-02",6.0515
"1987-10-03",3.4506
"1987-10-04",0.0711
"1987-10-05",3.9405
"1987-10-06",6.391
"1987-10-07",7.3114
"1987-10-08",4.2909
"1987-10-09",2.1107
"1987-10-10",7.7407
"1987-10-11",12.4211
"1987-10-12",4.9106
"1987-10-13",1.251
"1987-10-14",-2.1685
"1987-10-15",1.5408
"1987-10-16",2.4005
"1987-10-17",4.9711
"1987-10-18",8.3409
"1987-10-19",7.5114
"1987-10-20",9.3509
"1987-10-21",2.0112
"1987-10-22",-4.6688
"1987-10-23",-1.5986
"1987-10-24",7.201
"1987-10-25",8.6112
"1987-10-26",3.761
"1987-10-27",5.5108
"1987-10-28",2.0804
"1987-10-29",0.0506
"1987-10-30",4.7711
"1987-10-31",7.2335
"1987-11-01",7.3741
"1987-11-02",6.2234
"1987-11-03",7.4444
"1987-11-04",11.6436
"1987-11-05",6.9837
"1987-11-06",-1.1866
"1987-11-07",0.8444
"1987-11-08",5.3237
"1987-11-09",10.3837
"1987-11-10",6.444
"1987-11-11",-2.1664
"1987-11-12",-5.5859
"1987-11-13",-2.2064
"1987-11-14",0.8941
"1987-11-15",2.9737
"1987-11-16",6.7642
"1987-11-17",13.2538
"1987-11-18",9.4439
"1987-11-19",3.0635
"1987-11-20",1.5441
"1987-11-21",-5.7665
"1987-11-22",-6.2358
"1987-11-23",-2.8563
"1987-11-24",8.2544
"1987-11-25",8.1441
"1987-11-26",11.4943
"1987-11-27",9.764
"1987-11-28",7.7937
"1987-11-29",8.6534
"1987-11-30",3.9481
"1987-12-01",3.7577
"1987-12-02",1.2185
"1987-12-03",-1.6613
"1987-12-04",0.0679
"1987-12-05",-5.2322
"1987-12-06",-5.8713
"1987-12-07",-2.8314
"1987-12-08",0.5783
"1987-12-09",7.4682
"1987-12-10",10.8282
"1987-12-11",5.0684
"1987-12-12",3.6085
"1987-12-13",-0.4923
"1987-12-14",1.5787
"1987-12-15",5.2977
"1987-12-16",-0.9216
"1987-12-17",-4.0015
"1987-12-18",-6.292
"1987-12-19",-4.4914
"1987-12-20",4.518
"1987-12-21",7.028
"1987-12-22",4.6781
"1987-12-23",0.1479
"1987-12-24",-0.1322
"1987-12-25",11.5582
"1987-12-26",9.5077
"1987-12-27",1.9777
"1987-12-28",3.4582
"1987-12-29",-3.7615
"1987-12-30",-6.3515
"1987-12-31",-2.9839
"1988-01-01",5.3365
"1988-01-02",-1.9038
"1988-01-03",-3.4838
"1988-01-04",-1.774
"1988-01-05",-4.7742
"1988-01-06",-4.8133
"1988-01-07",-11.0942
"1988-01-08",-8.0434
"1988-01-09",-8.8833
"1988-01-10",-8.0836
"1988-01-11",-9.0442
"1988-01-12",-8.3938
"1988-01-13",-3.1138
"1988-01-14",-8.0939
"1988-01-15",-8.7742
"1988-01-16",-10.5035
"1988-01-17",-5.1235
"1988-01-18",2.3259
"1988-01-19",2.9257
"1988-01-20",6.3167
"1988-01-21",8.7367
"1988-01-22",0.5966
"1988-01-23",0.0059
"1988-01-24",-2.5634
"1988-01-25",2.2363
"1988-01-26",-6.4737
"1988-01-27",-8.1939
"1988-01-28",-7.1735
"1988-01-29",-3.5034
"1988-01-30",-1.4741
"1988-01-31",6.7717
"1988-02-01",9.1721
"1988-02-02",12.5114
"1988-02-03",4.0817
"1988-02-04",2.9212
"1988-02-05",-3.6688
"1988-02-06",-8.1284
"1988-02-07",-9.8187
"1988-02-08",-5.1281
"1988-02-09",-3.7481
"1988-02-10",-2.9782
"1988-02-11",-2.9288
"1988-02-12",-3.639
"1988-02-13",-7.5688
"1988-02-14",-6.1888
"1988-02-15",-0.518
"1988-02-16",3.2912
"1988-02-17",0.122
"1988-02-18",1.3216
"1988-02-19",4.2817
"1988-02-20",7.2118
"1988-02-21",-1.8188
"1988-02-22",-3.9584
"1988-02-23",0.8517
"1988-02-24",-2.0486
"1988-02-25",-4.6984
"1988-02-26",-6.6587
"1988-02-27",-3.8687
"1988-02-28",-1.7981
"1988-02-29",-2.6002
"1988-03-01",-1.4591
"1988-03-02",0.5598
"1988-03-03",3.7404
"1988-03-04",11.6105
"1988-03-05",4.0599
"1988-03-06",1.9801
"1988-03-07",2.4707
"1988-03-08",6.1903
"1988-03-09",9.7605
"1988-03-10",4.87
"1988-03-11",0.2898
"1988-03-12",0.7804
"1988-03-13",7.3509
"1988-03-14",0.13
"1988-03-15",-4.7892
"1988-03-16",-4.7593
"1988-03-17",-4.2192
"1988-03-18",-0.1296
"1988-03-19",3.3199
"1988-03-20",-0.1894
"1988-03-21",2.9798
"1988-03-22",0.5207
"1988-03-23",1.6101
"1988-03-24",11.3704
"1988-03-25",10.6108
"1988-03-26",13.8202
"1988-03-27",6.1604
"1988-03-28",2.1501
"1988-03-29",4.6908
"1988-03-30",8.2805
"1988-03-31",11.7358
"1988-04-01",10.8659
"1988-04-02",11.9759
"1988-04-03",12.4355
"1988-04-04",14.3051
"1988-04-05",14.1454
"1988-04-06",12.0552
"1988-04-07",5.8858
"1988-04-08",5.9754
"1988-04-09",3.2751
"1988-04-10",5.3354
"1988-04-11",4.9056
"1988-04-12",4.1254
"1988-04-13",2.4558
"1988-04-14",-0.2641
"1988-04-15",6.9855
"1988-04-16",5.3859
"1988-04-17",2.9556
"1988-04-18",7.3658
"1988-04-19",5.3159
"1988-04-20",1.1458
"1988-04-21",5.9858
"1988-04-22",8.8251
"1988-04-23",9.1354
"1988-04-24",10.9452
"1988-04-25",6.1857
"1988-04-26",9.1055
"1988-04-27",8.7654
"1988-04-28",6.8958
"1988-04-29",4.2759
"1988-04-30",2.7499
"1988-05-01",7.3601
"1988-05-02",9.14
"1988-05-03",8.9102
"1988-05-04",11.2899
"1988-05-05",9.7605
"1988-05-06",8.2403
"1988-05-07",7.9599
"1988-05-08",8.8998
"1988-05-09",9.3606
"1988-05-10",12.0702
"1988-05-11",13.0607
"1988-05-12",11.5197
"1988-05-13",12.1103
"1988-05-14",12.5298
"1988-05-15",16.2103
"1988-05-16",15.0509
"1988-05-17",16.6102
"1988-05-18",13.6203
"1988-05-19",12.1207
"1988-05-20",16.37
"1988-05-21",17.3398
"1988-05-22",16.8308
"1988-05-23",19.06
"1988-05-24",18.3499
"1988-05-25",10.8406
"1988-05-26",7.0498
"1988-05-27",5.6698
"1988-05-28",9.6904
"1988-05-29",12.5298
"1988-05-30",14.4097
"1988-05-31",17.2594
"1988-06-01",18.4395
"1988-06-02",17.5398
"1988-06-03",10.5993
"1988-06-04",8.4195
"1988-06-05",11.7392
"1988-06-06",10.9291
"1988-06-07",16.3596
"1988-06-08",17.9994
"1988-06-09",11.0291
"1988-06-10",7.4899
"1988-06-11",12.0793
"1988-06-12",11.2393
"1988-06-13",12.3896
"1988-06-14",15.1198
"1988-06-15",15.7392
"1988-06-16",14.5797
"1988-06-17",17.6397
"1988-06-18",19.9999
"1988-06-19",20.54
"1988-06-20",18.6693
"1988-06-21",20.2895
"1988-06-22",20.6699
"1988-06-23",22.5796
"1988-06-24",22.9692
"1988-06-25",19.9
"1988-06-26",20.6492
"1988-06-27",15.6599
"1988-06-28",12.909
"1988-06-29",15.0095
"1988-06-30",18.6291
"1988-07-01",15.5794
"1988-07-02",12.9595
"1988-07-03",13.7501
"1988-07-04",17.8098
"1988-07-05",17.6099
"1988-07-06",15.2795
"1988-07-07",15.4599
"1988-07-08",18.9692
"1988-07-09",20.9997
"1988-07-10",20.679
"1988-07-11",22.5693
"1988-07-12",21.6891
"1988-07-13",20.7101
"1988-07-14",21.5397
"1988-07-15",22.6992
"1988-07-16",24.6399
"1988-07-17",21.7293
"1988-07-18",23.8195
"1988-07-19",21.9499
"1988-07-20",22.1096
"1988-07-21",20.6193
"1988-07-22",21.3593
"1988-07-23",20.5492
"1988-07-24",20.3596
"1988-07-25",20.1895
"1988-07-26",21.2398
"1988-07-27",21.2996
"1988-07-28",20.7193
"1988-07-29",21.1099
"1988-07-30",23.06
"1988-07-31",23.2771
"1988-08-01",22.9462
"1988-08-02",21.8569
"1988-08-03",22.4073
"1988-08-04",21.3972
"1988-08-05",20.9365
"1988-08-06",21.927
"1988-08-07",22.1671
"1988-08-08",22.9267
"1988-08-09",22.5164
"1988-08-10",22.1671
"1988-08-11",20.9365
"1988-08-12",21.7465
"1988-08-13",21.7764
"1988-08-14",20.6262
"1988-08-15",20.617
"1988-08-16",20.247
"1988-08-17",21.1168
"1988-08-18",22.0671
"1988-08-19",22.5164
"1988-08-20",22.4372
"1988-08-21",22.9163
"1988-08-22",19.1462
"1988-08-23",16.4562
"1988-08-24",20.8261
"1988-08-25",20.1769
"1988-08-26",19.9471
"1988-08-27",18.7969
"1988-08-28",20.2665
"1988-08-29",20.7871
"1988-08-30",19.8264
"1988-08-31",18.0729
"1988-09-01",17.1824
"1988-09-02",15.1233
"1988-09-03",19.1726
"1988-09-04",20.9227
"1988-09-05",18.3832
"1988-09-06",14.1029
"1988-09-07",12.1724
"1988-09-08",10.9027
"1988-09-09",15.8322
"1988-09-10",19.083
"1988-09-11",19.7632
"1988-09-12",19.2025
"1988-09-13",17.1525
"1988-09-14",20.6526
"1988-09-15",17.9833
"1988-09-16",15.6024
"1988-09-17",13.5927
"1988-09-18",15.3531
"1988-09-19",13.0032
"1988-09-20",19.6828
"1988-09-21",16.763
"1988-09-22",13.8432
"1988-09-23",14.7222
"1988-09-24",19.253
"1988-09-25",19.4024
"1988-09-26",15.3324
"1988-09-27",14.4131
"1988-09-28",14.0029
"1988-09-29",15.1934
"1988-09-30",14.9578
"1988-10-01",15.1382
"1988-10-02",15.2577
"1988-10-03",16.2884
"1988-10-04",11.4979
"1988-10-05",8.0978
"1988-10-06",4.9079
"1988-10-07",4.2782
"1988-10-08",1.5779
"1988-10-09",2.3581
"1988-10-10",5.0975
"1988-10-11",6.0582
"1988-10-12",2.1984
"1988-10-13",-1.7223
"1988-10-14",-1.6614
"1988-10-15",0.5977
"1988-10-16",6.188
"1988-10-17",8.5586
"1988-10-18",11.3876
"1988-10-19",7.7082
"1988-10-20",3.398
"1988-10-21",6.0076
"1988-10-22",3.5485
"1988-10-23",1.6882
"1988-10-24",6.1283
"1988-10-25",0.5184
"1988-10-26",5.0079
"1988-10-27",2.5075
"1988-10-28",10.0581
"1988-10-29",6.7476
"1988-10-30",2.5983
"1988-10-31",2.7304
"1988-11-01",4.4793
"1988-11-02",3.4693
"1988-11-03",2.5994
"1988-11-04",6.7798
"1988-11-05",9.1894
"1988-11-06",4.6597
"1988-11-07",1.7399
"1988-11-08",2.5201
"1988-11-09",4.9596
"1988-11-10",9.6697
"1988-11-11",4.1702
"1988-11-12",-0.3204
"1988-11-13",8.5999
"1988-11-14",6.6798
"1988-11-15",6.5994
"1988-11-16",8.7102
"1988-11-17",5.8203
"1988-11-18",-0.2698
"1988-11-19",2.9694
"1988-11-20",11.0302
"1988-11-21",3.1096
"1988-11-22",-1.7499
"1988-11-23",4.5195
"1988-11-24",3.6302
"1988-11-25",0.6494
"1988-11-26",3.7393
"1988-11-27",13.1801
"1988-11-28",1.4997
"1988-11-29",-3.0897
"1988-11-30",-0.8766
"1988-12-01",-0.1859
"1988-12-02",-1.2362
"1988-12-03",-2.9564
"1988-12-04",-1.8866
"1988-12-05",-3.8561
"1988-12-06",-2.5864
"1988-12-07",-1.5361
"1988-12-08",1.1837
"1988-12-09",-1.936
"1988-12-10",-4.0067
"1988-12-11",-5.0558
"1988-12-12",-9.3361
"1988-12-13",-9.6061
"1988-12-14",-3.2057
"1988-12-15",0.8838
"1988-12-16",-2.876
"1988-12-17",-5.2063
"1988-12-18",-6.3565
"1988-12-19",-6.2761
"1988-12-20",-2.8656
"1988-12-21",3.4336
"1988-12-22",7.9036
"1988-12-23",5.8835
"1988-12-24",10.2833
"1988-12-25",2.7235
"1988-12-26",-3.0667
"1988-12-27",-1.9762
"1988-12-28",7.344
"1988-12-29",-3.3666
"1988-12-30",-3.7159
"1988-12-31",0.1875
"1989-01-01",3.358
"1989-01-02",1.5073
"1989-01-03",5.1169
"1989-01-04",-3.0722
"1989-01-05",-4.912
"1989-01-06",0.997
"1989-01-07",2.7873
"1989-01-08",9.5771
"1989-01-09",1.558
"1989-01-10",1.447
"1989-01-11",1.0875
"1989-01-12",6.9169
"1989-01-13",0.1381
"1989-01-14",-3.112
"1989-01-15",4.5379
"1989-01-16",0.7871
"1989-01-17",-1.1721
"1989-01-18",-0.552
"1989-01-19",-0.8729
"1989-01-20",1.2371
"1989-01-21",-4.7829
"1989-01-22",-7.133
"1989-01-23",1.2769
"1989-01-24",-0.5122
"1989-01-25",3.358
"1989-01-26",2.6981
"1989-01-27",3.7778
"1989-01-28",-1.6523
"1989-01-29",2.0177
"1989-01-30",9.787
"1989-01-31",3.7127
"1989-02-01",3.5824
"1989-02-02",11.102
"1989-02-03",14.3424
"1989-02-04",1.9923
"1989-02-05",1.0718
"1989-02-06",1.6027
"1989-02-07",9.3527
"1989-02-08",2.2626
"1989-02-09",-5.058
"1989-02-10",-7.8182
"1989-02-11",-5.8675
"1989-02-12",-2.2072
"1989-02-13",-1.0575
"1989-02-14",12.3928
"1989-02-15",14.2628
"1989-02-16",2.9828
"1989-02-17",-2.0479
"1989-02-18",-3.2676
"1989-02-19",-1.9273
"1989-02-20",-0.8572
"1989-02-21",6.7926
"1989-02-22",7.1328
"1989-02-23",-0.4181
"1989-02-24",-7.4273
"1989-02-25",-12.5377
"1989-02-26",-5.1774
"1989-02-27",-0.2975
"1989-02-28",0.5422
"1989-03-01",-1.1781
"1989-03-02",0.272
"1989-03-03",3.8418
"1989-03-04",3.6523
"1989-03-05",8.9425
"1989-03-06",10.442
"1989-03-07",-2.8176
"1989-03-08",-4.7781
"1989-03-09",-2.7284
"1989-03-10",-5.2679
"1989-03-11",-3.0276
"1989-03-12",0.8824
"1989-03-13",3.8526
"1989-03-14",3.0419
"1989-03-15",12.8126
"1989-03-16",9.0921
"1989-03-17",7.0122
"1989-03-18",13.6427
"1989-03-19",3.0117
"1989-03-20",-0.6582
"1989-03-21",5.9723
"1989-03-22",1.7016
"1989-03-23",0.4023
"1989-03-24",4.2821
"1989-03-25",5.8118
"1989-03-26",9.8026
"1989-03-27",11.0525
"1989-03-28",13.5823
"1989-03-29",16.152
"1989-03-30",14.4316
"1989-03-31",7.1968
"1989-04-01",1.5773
"1989-04-02",0.1972
"1989-04-03",9.3671
"1989-04-04",13.1975
"1989-04-05",12.8874
"1989-04-06",5.1664
"1989-04-07",2.4568
"1989-04-08",-0.4229
"1989-04-09",4.8165
"1989-04-10",3.1975
"1989-04-11",-0.1129
"1989-04-12",-1.7029
"1989-04-13",4.6766
"1989-04-14",5.8275
"1989-04-15",10.6966
"1989-04-16",9.267
"1989-04-17",9.6965
"1989-04-18",10.4469
"1989-04-19",13.1275
"1989-04-20",7.9267
"1989-04-21",4.2266
"1989-04-22",8.6167
"1989-04-23",12.7065
"1989-04-24",12.4471
"1989-04-25",13.4967
"1989-04-26",15.9469
"1989-04-27",17.7469
"1989-04-28",15.4173
"1989-04-29",15.5476
"1989-04-30",19.004
"1989-05-01",17.4839
"1989-05-02",11.6545
"1989-05-03",8.7639
"1989-05-04",6.6346
"1989-05-05",12.2541
"1989-05-06",9.425
"1989-05-07",3.615
"1989-05-08",1.0139
"1989-05-09",4.4848
"1989-05-10",9.004
"1989-05-11",4.8443
"1989-05-12",5.9349
"1989-05-13",10.5446
"1989-05-14",11.1948
"1989-05-15",12.6244
"1989-05-16",10.8848
"1989-05-17",8.2548
"1989-05-18",11.8149
"1989-05-19",10.7642
"1989-05-20",13.4641
"1989-05-21",16.0639
"1989-05-22",19.8147
"1989-05-23",18.005
"1989-05-24",11.7148
"1989-05-25",15.1145
"1989-05-26",17.9242
"1989-05-27",18.4647
"1989-05-28",11.8041
"1989-05-29",8.7844
"1989-05-30",15.965
"1989-05-31",17.2619
"1989-06-01",18.2523
"1989-06-02",21.1224
"1989-06-03",22.2516
"1989-06-04",21.1116
"1989-06-05",20.5421
"1989-06-06",18.8218
"1989-06-07",17.9218
"1989-06-08",18.2717
"1989-06-09",19.472
"1989-06-10",19.1125
"1989-06-11",17.2715
"1989-06-12",15.4716
"1989-06-13",20.6917
"1989-06-14",18.4116
"1989-06-15",21.5724
"1989-06-16",20.5723
"1989-06-17",19.5722
"1989-06-18",19.0824
"1989-06-19",19.4021
"1989-06-20",19.4817
"1989-06-21",19.5915
"1989-06-22",19.4214
"1989-06-23",20.0415
"1989-06-24",20.4625
"1989-06-25",19.4624
"1989-06-26",20.5819
"1989-06-27",20.4625
"1989-06-28",19.6421
"1989-06-29",19.232
"1989-06-30",16.5549
"1989-07-01",14.305
"1989-07-02",15.445
"1989-07-03",18.2246
"1989-07-04",18.905
"1989-07-05",20.2248
"1989-07-06",21.1948
"1989-07-07",21.2551
"1989-07-08",22.055
"1989-07-09",23.195
"1989-07-10",21.4445
"1989-07-11",23.1456
"1989-07-12",23.1745
"1989-07-13",22.9851
"1989-07-14",22.0948
"1989-07-15",20.9053
"1989-07-16",20.8546
"1989-07-17",18.525
"1989-07-18",16.3945
"1989-07-19",19.6144
"1989-07-20",20.6845
"1989-07-21",20.0644
"1989-07-22",20.8848
"1989-07-23",19.8653
"1989-07-24",22.0055
"1989-07-25",21.9645
"1989-07-26",21.7751
"1989-07-27",21.8052
"1989-07-28",22.2649
"1989-07-29",19.9546
"1989-07-30",19.4153
"1989-07-31",21.8511
"1989-08-01",22.5207
"1989-08-02",21.1007
"1989-08-03",19.6602
"1989-08-04",19.9908
"1989-08-05",21.1912
"1989-08-06",22.8005
"1989-08-07",22.5207
"1989-08-08",17.6407
"1989-08-09",15.2605
"1989-08-10",11.8511
"1989-08-11",11.7112
"1989-08-12",16.8107
"1989-08-13",19.3804
"1989-08-14",20.4601
"1989-08-15",20.5904
"1989-08-16",21.4011
"1989-08-17",20.9004
"1989-08-18",21.3902
"1989-08-19",20.3708
"1989-08-20",18.5901
"1989-08-21",20.9511
"1989-08-22",22.8102
"1989-08-23",23.341
"1989-08-24",23.6909
"1989-08-25",21.2503
"1989-08-26",19.9703
"1989-08-27",17.5406
"1989-08-28",15.1
"1989-08-29",20.0306
"1989-08-30",21.0102
"1989-08-31",19.1475
"1989-09-01",16.5284
"1989-09-02",22.248
"1989-09-03",18.5178
"1989-09-04",15.9481
"1989-09-05",16.4681
"1989-09-06",17.958
"1989-09-07",18.6782
"1989-09-08",19.7375
"1989-09-09",18.9183
"1989-09-10",18.2379
"1989-09-11",21.8583
"1989-09-12",21.3179
"1989-09-13",20.7774
"1989-09-14",20.4577
"1989-09-15",20.448
"1989-09-16",21.0174
"1989-09-17",18.9678
"1989-09-18",17.2583
"1989-09-19",14.3677
"1989-09-20",12.5883
"1989-09-21",19.0076
"1989-09-22",18.408
"1989-09-23",14.7984
"1989-09-24",7.1775
"1989-09-25",8.7482
"1989-09-26",16.0277
"1989-09-27",8.6083
"1989-09-28",7.3681
"1989-09-29",13.3579
"1989-09-30",14.831
"1989-10-01",16.0217
"1989-10-02",14.6017
"1989-10-03",15.9119
"1989-10-04",10.0113
"1989-10-05",6.7118
"1989-10-06",10.582
"1989-10-07",12.9514
"1989-10-08",9.4419
"1989-10-09",2.9611
"1989-10-10",2.9611
"1989-10-11",9.1415
"1989-10-12",9.6916
"1989-10-13",12.0719
"1989-10-14",14.3713
"1989-10-15",15.1012
"1989-10-16",15.9216
"1989-10-17",16.7118
"1989-10-18",16.4717
"1989-10-19",11.4011
"1989-10-20",3.2108
"1989-10-21",-0.558
"1989-10-22",1.2311
"1989-10-23",2.1009
"1989-10-24",4.1615
"1989-10-25",5.0518
"1989-10-26",3.5413
"1989-10-27",5.0011
"1989-10-28",5.5211
"1989-10-29",8.0714
"1989-10-30",10.2719
"1989-10-31",14.2628
"1989-11-01",4.0625
"1989-11-02",5.8034
"1989-11-03",6.1725
"1989-11-04",1.9827
"1989-11-05",7.7927
"1989-11-06",8.6927
"1989-11-07",13.1529
"1989-11-08",15.3425
"1989-11-09",9.5831
"1989-11-10",4.4631
"1989-11-11",5.0228
"1989-11-12",6.6129
"1989-11-13",8.0425
"1989-11-14",11.7425
"1989-11-15",13.5232
"1989-11-16",3.9528
"1989-11-17",-0.8271
"1989-11-18",-1.867
"1989-11-19",-2.1577
"1989-11-20",0.5422
"1989-11-21",2.0828
"1989-11-22",-0.8874
"1989-11-23",-0.8572
"1989-11-24",-4.0373
"1989-11-25",-3.5572
"1989-11-26",6.8928
"1989-11-27",8.0727
"1989-11-28",12.1829
"1989-11-29",-1.8067
"1989-11-30",-3.0227
"1989-12-01",-2.0118
"1989-12-02",0.1175
"1989-12-03",-5.0821
"1989-12-04",-6.3319
"1989-12-05",-4.3425
"1989-12-06",1.0574
"1989-12-07",4.7779
"1989-12-08",-2.5028
"1989-12-09",-3.562
"1989-12-10",-3.3919
"1989-12-11",-2.5824
"1989-12-12",2.9177
"1989-12-13",0.3878
"1989-12-14",-1.2819
"1989-12-15",-0.6823
"1989-12-16",-5.8723
"1989-12-17",-6.4128
"1989-12-18",-4.5525
"1989-12-19",-6.1823
"1989-12-20",-5.2727
"1989-12-21",-6.3126
"1989-12-22",-10.4928
"1989-12-23",-12.6222
"1989-12-24",-11.9224
"1989-12-25",-13.5028
"1989-12-26",-5.4018
"1989-12-27",-6.5624
"1989-12-28",-4.0325
"1989-12-29",-2.7923
"1989-12-30",1.9079
"1989-12-31",6.175
"1990-01-01",-2.575
"1990-01-02",-3.555
"1990-01-03",-0.5654
"1990-01-04",5.5256
"1990-01-05",6.5553
"1990-01-06",4.9846
"1990-01-07",3.1254
"1990-01-08",3.8252
"1990-01-09",0.7154
"1990-01-10",0.7858
"1990-01-11",-1.2749
"1990-01-12",-1.2652
"1990-01-13",-5.1948
"1990-01-14",-3.7042
"1990-01-15",0.0253
"1990-01-16",5.6554
"1990-01-17",5.8349
"1990-01-18",8.4655
"1990-01-19",4.9846
"1990-01-20",4.4849
"1990-01-21",8.7651
"1990-01-22",1.545
"1990-01-23",0.4753
"1990-01-24",5.8458
"1990-01-25",7.8749
"1990-01-26",-1.0444
"1990-01-27",-1.5053
"1990-01-28",0.0047
"1990-01-29",6.1053
"1990-01-30",2.1453
"1990-01-31",3.9174
"1990-02-01",1.6966
"1990-02-02",9.1266
"1990-02-03",12.8573
"1990-02-04",11.7669
"1990-02-05",0.3067
"1990-02-06",-1.7528
"1990-02-07",6.3467
"1990-02-08",4.8767
"1990-02-09",7.3073
"1990-02-10",8.5965
"1990-02-11",4.0774
"1990-02-12",0.6366
"1990-02-13",-0.2427
"1990-02-14",6.8367
"1990-02-15",9.2466
"1990-02-16",15.1265
"1990-02-17",4.8876
"1990-02-18",-0.8528
"1990-02-19",5.6869
"1990-02-20",-1.4034
"1990-02-21",-3.5526
"1990-02-22",5.7973
"1990-02-23",11.6565
"1990-02-24",2.3273
"1990-02-25",-5.1827
"1990-02-26",-7.5332
"1990-02-27",-3.5623
"1990-02-28",1.9101
"1990-03-01",5.8797
"1990-03-02",5.0295
"1990-03-03",7.2794
"1990-03-04",1.8397
"1990-03-05",-0.1505
"1990-03-06",4.1793
"1990-03-07",-0.6005
"1990-03-08",-3.1402
"1990-03-09",4.4098
"1990-03-10",5.2794
"1990-03-11",10.2302
"1990-03-12",13.4103
"1990-03-13",13.1799
"1990-03-14",13.42
"1990-03-15",13.6602
"1990-03-16",16.32
"1990-03-17",14.36
"1990-03-18",10.6402
"1990-03-19",8.0095
"1990-03-20",0.1502
"1990-03-21",-2.8601
"1990-03-22",1.6396
"1990-03-23",6.6293
"1990-03-24",7.8397
"1990-03-25",8.4401
"1990-03-26",7.6493
"1990-03-27",4.8803
"1990-03-28",1.5996
"1990-03-29",7.3703
"1990-03-30",7.87
"1990-03-31",10.4704
"1990-04-01",12.1199
"1990-04-02",14.0798
"1990-04-03",5.2199
"1990-04-04",2.3794
"1990-04-05",3.3704
"1990-04-06",8.7494
"1990-04-07",3.0405
"1990-04-08",0.7494
"1990-04-09",2.1502
"1990-04-10",10.3503
"1990-04-11",3.5098
"1990-04-12",0.2594
"1990-04-13",-0.0196
"1990-04-14",4.0204
"1990-04-15",12.1999
"1990-04-16",13.3994
"1990-04-17",12.1696
"1990-04-18",2.6002
"1990-04-19",-0.3604
"1990-04-20",8.8803
"1990-04-21",12.9094
"1990-04-22",12.5601
"1990-04-23",10.5104
"1990-04-24",10.85
"1990-04-25",12.6402
"1990-04-26",14.32
"1990-04-27",15.3897
"1990-04-28",12.6899
"1990-04-29",14.36
"1990-04-30",13.5619
"1990-05-01",18.4825
"1990-05-02",17.4419
"1990-05-03",12.9725
"1990-05-04",18.662
"1990-05-05",16.8221
"1990-05-06",9.1714
"1990-05-07",9.9719
"1990-05-08",9.8615
"1990-05-09",12.6414
"1990-05-10",12.2921
"1990-05-11",6.092
"1990-05-12",11.4516
"1990-05-13",14.8524
"1990-05-14",15.8918
"1990-05-15",17.3218
"1990-05-16",16.662
"1990-05-17",18.1417
"1990-05-18",13.1314
"1990-05-19",10.5516
"1990-05-20",15.2624
"1990-05-21",19.4515
"1990-05-22",9.8615
"1990-05-23",9.0319
"1990-05-24",10.4122
"1990-05-25",15.0222
"1990-05-26",16.5322
"1990-05-27",19.0016
"1990-05-28",14.8221
"1990-05-29",15.4916
"1990-05-30",11.7317
"1990-05-31",14.0119
"1990-06-01",16.0519
"1990-06-02",14.6013
"1990-06-03",16.3212
"1990-06-04",19.4309
"1990-06-05",13.722
"1990-06-06",10.9616
"1990-06-07",17.2611
"1990-06-08",22.6316
"1990-06-09",22.2314
"1990-06-10",21.2514
"1990-06-11",14.8318
"1990-06-12",13.7317
"1990-06-13",12.4109
"1990-06-14",16.5516
"1990-06-15",20.2411
"1990-06-16",18.3612
"1990-06-17",15.8118
"1990-06-18",16.6317
"1990-06-19",19.8809
"1990-06-20",16.4813
"1990-06-21",19.631
"1990-06-22",22.8415
"1990-06-23",20.0519
"1990-06-24",15.551
"1990-06-25",14.3115
"1990-06-26",18.1114
"1990-06-27",20.0919
"1990-06-28",21.1811
"1990-06-29",22.001
"1990-06-30",20.0616
"1990-07-01",21.4006
"1990-07-02",17.4212
"1990-07-03",15.0113
"1990-07-04",18.9009
"1990-07-05",18.3515
"1990-07-06",21.2017
"1990-07-07",20.7517
"1990-07-08",20.8209
"1990-07-09",22.8912
"1990-07-10",22.3115
"1990-07-11",23.061
"1990-07-12",22.9215
"1990-07-13",21.9415
"1990-07-14",20.2714
"1990-07-15",20.6911
"1990-07-16",20.9615
"1990-07-17",20.9409
"1990-07-18",20.7711
"1990-07-19",20.6316
"1990-07-20",21.4212
"1990-07-21",21.8809
"1990-07-22",21.7208
"1990-07-23",22.4813
"1990-07-24",22.9409
"1990-07-25",21.4612
"1990-07-26",20.4606
"1990-07-27",17.4406
"1990-07-28",19.6517
"1990-07-29",18.7614
"1990-07-30",18.2217
"1990-07-31",21.2987
"1990-08-01",20.4691
"1990-08-02",18.1089
"1990-08-03",18.2787
"1990-08-04",20.1489
"1990-08-05",20.9094
"1990-08-06",19.8494
"1990-08-07",19.3788
"1990-08-08",18.5286
"1990-08-09",18.6789
"1990-08-10",17.0683
"1990-08-11",19.8093
"1990-08-12",20.3794
"1990-08-13",21.0185
"1990-08-14",19.3885
"1990-08-15",21.4782
"1990-08-16",21.3484
"1990-08-17",20.7287
"1990-08-18",20.2084
"1990-08-19",20.759
"1990-08-20",22.1186
"1990-08-21",21.1689
"1990-08-22",20.4291
"1990-08-23",19.8093
"1990-08-24",20.1489
"1990-08-25",20.2884
"1990-08-26",21.0586
"1990-08-27",22.1489
"1990-08-28",20.6486
"1990-08-29",20.7493
"1990-08-30",19.4491
"1990-08-31",19.7729
"1990-09-01",19.2029
"1990-09-02",17.283
"1990-09-03",20.7335
"1990-09-04",16.2533
"1990-09-05",13.9937
"1990-09-06",16.7129
"1990-09-07",21.6529
"1990-09-08",21.4236
"1990-09-09",19.1532
"1990-09-10",19.1229
"1990-09-11",20.7833
"1990-09-12",18.7432
"1990-09-13",19.363
"1990-09-14",18.6729
"1990-09-15",18.5832
"1990-09-16",14.5637
"1990-09-17",9.9537
"1990-09-18",6.7033
"1990-09-19",10.2836
"1990-09-20",16.6038
"1990-09-21",17.8736
"1990-09-22",16.9737
"1990-09-23",9.8737
"1990-09-24",4.1732
"1990-09-25",6.4837
"1990-09-26",8.0932
"1990-09-27",11.5328
"1990-09-28",11.5037
"1990-09-29",14.0532
"1990-09-30",16.8609
"1990-10-01",14.6208
"1990-10-02",15.2417
"1990-10-03",13.9816
"1990-10-04",16.8815
"1990-10-05",12.611
"1990-10-06",12.5917
"1990-10-07",15.8712
"1990-10-08",16.5807
"1990-10-09",15.9816
"1990-10-10",16.8015
"1990-10-11",16.4716
"1990-10-12",18.041
"1990-10-13",17.7511
"1990-10-14",16.6814
"1990-10-15",14.1308
"1990-10-16",10.1017
"1990-10-17",10.1114
"1990-10-18",12.5019
"1990-10-19",2.3018
"1990-10-20",1.8118
"1990-10-21",8.981
"1990-10-22",13.8918
"1990-10-23",13.5413
"1990-10-24",9.9416
"1990-10-25",6.6317
"1990-10-26",1.0817
"1990-10-27",-1.6181
"1990-10-28",0.4316
"1990-10-29",-1.0784
"1990-10-30",0.4013
"1990-10-31",2.28
"1990-11-01",6.81
"1990-11-02",8.5807
"1990-11-03",9.0198
"1990-11-04",10.2302
"1990-11-05",10.6499
"1990-11-06",6.7603
"1990-11-07",2.3503
"1990-11-08",2.5505
"1990-11-09",1.79
"1990-11-10",5.2406
"1990-11-11",0.3697
"1990-11-12",2.8403
"1990-11-13",0.6899
"1990-11-14",-0.5993
"1990-11-15",1.75
"1990-11-16",4.24
"1990-11-17",2.7603
"1990-11-18",-2.2597
"1990-11-19",-0.6697
"1990-11-20",3.1496
"1990-11-21",3.79
"1990-11-22",3.75
"1990-11-23",9.8906
"1990-11-24",4.6705
"1990-11-25",4.0107
"1990-11-26",4.6899
"1990-11-27",6.9701
"1990-11-28",10.8003
"1990-11-29",2.1102
"1990-11-30",-2.4052
"1990-12-01",-0.4247
"1990-12-02",7.0453
"1990-12-03",8.8354
"1990-12-04",0.5856
"1990-12-05",-2.0645
"1990-12-06",-1.4847
"1990-12-07",2.1053
"1990-12-08",1.9647
"1990-12-09",-1.3343
"1990-12-10",-0.3846
"1990-12-11",0.3855
"1990-12-12",2.5856
"1990-12-13",4.5153
"1990-12-14",4.0556
"1990-12-15",3.2151
"1990-12-16",8.4947
"1990-12-17",5.4055
"1990-12-18",8.3649
"1990-12-19",10.9846
"1990-12-20",5.0647
"1990-12-21",6.2957
"1990-12-22",14.8148
"1990-12-23",14.7954
"1990-12-24",-1.3853
"1990-12-25",-4.8152
"1990-12-26",-3.0444
"1990-12-27",-1.2846
"1990-12-28",1.6251
"1990-12-29",4.035
"1990-12-30",12.2751
"1990-12-31",4.9228
"1991-01-01",1.5235
"1991-01-02",0.6938
"1991-01-03",0.3132
"1991-01-04",1.3138
"1991-01-05",0.3032
"1991-01-06",3.1331
"1991-01-07",1.6735
"1991-01-08",-1.1663
"1991-01-09",-1.1167
"1991-01-10",-0.437
"1991-01-11",2.8529
"1991-01-12",5.9035
"1991-01-13",0.6232
"1991-01-14",-1.6363
"1991-01-15",-0.0961
"1991-01-16",9.3435
"1991-01-17",1.3138
"1991-01-18",-2.0269
"1991-01-19",-1.227
"1991-01-20",3.313
"1991-01-21",-1.5966
"1991-01-22",-6.237
"1991-01-23",-7.0369
"1991-01-24",-1.6772
"1991-01-25",-4.2864
"1991-01-26",-6.397
"1991-01-27",-3.3365
"1991-01-28",1.9228
"1991-01-29",5.9035
"1991-01-30",8.2237
"1991-01-31",-1.3219
"1991-02-01",-4.1419
"1991-02-02",-1.9916
"1991-02-03",1.6481
"1991-02-04",2.598
"1991-02-05",4.8675
"1991-02-06",8.8184
"1991-02-07",10.7877
"1991-02-08",4.9183
"1991-02-09",0.1179
"1991-02-10",-0.3124
"1991-02-11",0.0583
"1991-02-12",-3.7215
"1991-02-13",-0.3521
"1991-02-14",7.0178
"1991-02-15",-7.1715
"1991-02-16",-10.2916
"1991-02-17",-7.3524
"1991-02-18",1.2476
"1991-02-19",11.0679
"1991-02-20",14.2178
"1991-02-21",10.2284
"1991-02-22",9.808
"1991-02-23",0.2779
"1991-02-24",-0.1017
"1991-02-25",4.4781
"1991-02-26",2.0376
"1991-02-27",-2.4318
"1991-02-28",-0.1943
"1991-03-01",4.2055
"1991-03-02",11.4949
"1991-03-03",10.4655
"1991-03-04",5.375
"1991-03-05",0.0749
"1991-03-06",3.5756
"1991-03-07",9.8047
"1991-03-08",2.715
"1991-03-09",-1.515
"1991-03-10",0.6949
"1991-03-11",-1.5646
"1991-03-12",-0.8044
"1991-03-13",3.6848
"1991-03-14",6.5655
"1991-03-15",3.4057
"1991-03-16",2.6654
"1991-03-17",1.8655
"1991-03-18",6.5754
"1991-03-19",5.0948
"1991-03-20",3.2247
"1991-03-21",8.4852
"1991-03-22",11.0249
"1991-03-23",14.5455
"1991-03-24",9.9647
"1991-03-25",6.3746
"1991-03-26",7.3753
"1991-03-27",12.5353
"1991-03-28",12.425
"1991-03-29",12.6754
"1991-03-30",6.155
"1991-03-31",3.9275
"1991-04-01",4.8576
"1991-04-02",5.9884
"1991-04-03",3.6881
"1991-04-04",4.3479
"1991-04-05",11.5181
"1991-04-06",11.7078
"1991-04-07",12.8586
"1991-04-08",13.5978
"1991-04-09",17.8686
"1991-04-10",12.7979
"1991-04-11",6.678
"1991-04-12",8.3186
"1991-04-13",8.7775
"1991-04-14",13.0781
"1991-04-15",14.6381
"1991-04-16",18.0076
"1991-04-17",16.6285
"1991-04-18",16.2578
"1991-04-19",10.7083
"1991-04-20",11.0679
"1991-04-21",8.0284
"1991-04-22",5.9377
"1991-04-23",10.2184
"1991-04-24",9.3281
"1991-04-25",4.9381
"1991-04-26",11.4276
"1991-04-27",14.8577
"1991-04-28",17.1283
"1991-04-29",18.7876
"1991-04-30",19.2896
"1991-05-01",17.4394
"1991-05-02",11.4695
"1991-05-03",9.2199
"1991-05-04",13.9199
"1991-05-05",15.2692
"1991-05-06",18.9597
"1991-05-07",12.19
"1991-05-08",9.2199
"1991-05-09",14.9791
"1991-05-10",16.7201
"1991-05-11",18.3595
"1991-05-12",17.3401
"1991-05-13",17.04
"1991-05-14",18.14
"1991-05-15",19.8401
"1991-05-16",19.7596
"1991-05-17",20.2296
"1991-05-18",18.5394
"1991-05-19",11.1694
"1991-05-20",12.2496
"1991-05-21",14.4495
"1991-05-22",14.7297
"1991-05-23",18.3297
"1991-05-24",16.4597
"1991-05-25",17.5001
"1991-05-26",17.7693
"1991-05-27",19.8191
"1991-05-28",21.2192
"1991-05-29",20.7801
"1991-05-30",21.42
"1991-05-31",22.7329
"1991-06-01",21.783
"1991-06-02",21.5028
"1991-06-03",19.1428
"1991-06-04",18.5735
"1991-06-05",14.3237
"1991-06-06",11.4629
"1991-06-07",8.6727
"1991-06-08",12.7229
"1991-06-09",14.0931
"1991-06-10",14.9537
"1991-06-11",15.523
"1991-06-12",18.5636
"1991-06-13",18.1929
"1991-06-14",19.8633
"1991-06-15",20.3333
"1991-06-16",20.1932
"1991-06-17",22.5332
"1991-06-18",22.1934
"1991-06-19",22.3236
"1991-06-20",21.6727
"1991-06-21",20.6532
"1991-06-22",22.2232
"1991-06-23",17.0731
"1991-06-24",15.213
"1991-06-25",12.3235
"1991-06-26",15.8937
"1991-06-27",18.2227
"1991-06-28",19.6636
"1991-06-29",21.7334
"1991-06-30",22.1724
"1991-07-01",23.2625
"1991-07-02",22.8929
"1991-07-03",22.1526
"1991-07-04",23.2129
"1991-07-05",21.7929
"1991-07-06",22.1625
"1991-07-07",21.3527
"1991-07-08",21.4024
"1991-07-09",21.0923
"1991-07-10",23.1224
"1991-07-11",23.2625
"1991-07-12",22.6733
"1991-07-13",23.3232
"1991-07-14",21.1133
"1991-07-15",20.8827
"1991-07-16",21.2832
"1991-07-17",20.4833
"1991-07-18",21.2523
"1991-07-19",21.8525
"1991-07-20",22.0831
"1991-07-21",22.5431
"1991-07-22",23.5626
"1991-07-23",24.2433
"1991-07-24",23.4026
"1991-07-25",23.7325
"1991-07-26",22.4427
"1991-07-27",21.4024
"1991-07-28",17.3324
"1991-07-29",16.4332
"1991-07-30",18.8428
"1991-07-31",19.5555
"1991-08-01",20.6455
"1991-08-02",20.2053
"1991-08-03",19.2355
"1991-08-04",21.2347
"1991-08-05",23.0551
"1991-08-06",22.9547
"1991-08-07",21.6153
"1991-08-08",22.4549
"1991-08-09",21.815
"1991-08-10",21.3053
"1991-08-11",22.6049
"1991-08-12",20.8452
"1991-08-13",18.2657
"1991-08-14",18.1256
"1991-08-15",19.0049
"1991-08-16",19.465
"1991-08-17",19.1649
"1991-08-18",20.1457
"1991-08-19",20.2252
"1991-08-20",21.6451
"1991-08-21",18.6056
"1991-08-22",18.1058
"1991-08-23",19.935
"1991-08-24",20.3256
"1991-08-25",17.8553
"1991-08-26",16.9253
"1991-08-27",15.6951
"1991-08-28",18.6353
"1991-08-29",21.035
"1991-08-30",21.9551
"1991-08-31",19.8114
"1991-09-01",16.2412
"1991-09-02",15.1214
"1991-09-03",15.7712
"1991-09-04",16.8204
"1991-09-05",18.8405
"1991-09-06",20.4105
"1991-09-07",17.4714
"1991-09-08",15.2615
"1991-09-09",14.2509
"1991-09-10",15.7812
"1991-09-11",18.6806
"1991-09-12",20.2108
"1991-09-13",19.0105
"1991-09-14",18.9012
"1991-09-15",21.8315
"1991-09-16",20.6212
"1991-09-17",19.1914
"1991-09-18",18.6508
"1991-09-19",17.8608
"1991-09-20",8.5811
"1991-09-21",6.8711
"1991-09-22",9.541
"1991-09-23",14.3414
"1991-09-24",15.0309
"1991-09-25",14.1913
"1991-09-26",11.891
"1991-09-27",8.3815
"1991-09-28",5.6905
"1991-09-29",7.2208
"1991-09-30",12.0443
"1991-10-01",11.8149
"1991-10-02",13.5547
"1991-10-03",14.7551
"1991-10-04",14.1152
"1991-10-05",15.7646
"1991-10-06",6.165
"1991-10-07",1.0645
"1991-10-08",2.555
"1991-10-09",5.5052
"1991-10-10",11.5048
"1991-10-11",10.2945
"1991-10-12",8.6043
"1991-10-13",6.6846
"1991-10-14",5.2746
"1991-10-15",10.9344
"1991-10-16",6.1241
"1991-10-17",5.5747
"1991-10-18",3.9452
"1991-10-19",6.1451
"1991-10-20",6.0944
"1991-10-21",3.9044
"1991-10-22",11.1452
"1991-10-23",11.2345
"1991-10-24",11.4144
"1991-10-25",12.4448
"1991-10-26",13.5547
"1991-10-27",12.7151
"1991-10-28",12.885
"1991-10-29",4.3843
"1991-10-30",-0.565
"1991-10-31",6.5136
"1991-11-01",4.9436
"1991-11-02",8.7544
"1991-11-03",3.8635
"1991-11-04",1.2741
"1991-11-05",-1.3462
"1991-11-06",-3.5461
"1991-11-07",0.3242
"1991-11-08",0.9145
"1991-11-09",-1.2259
"1991-11-10",0.5537
"1991-11-11",2.1534
"1991-11-12",-1.1862
"1991-11-13",-0.586
"1991-11-14",0.4036
"1991-11-15",6.7045
"1991-11-16",7.3344
"1991-11-17",3.4542
"1991-11-18",-0.0057
"1991-11-19",10.4137
"1991-11-20",11.0944
"1991-11-21",15.2935
"1991-11-22",12.4139
"1991-11-23",9.7043
"1991-11-24",-0.1557
"1991-11-25",-4.8965
"1991-11-26",-5.8255
"1991-11-27",-7.476
"1991-11-28",-1.2259
"1991-11-29",3.7444
"1991-11-30",10.4799
"1991-12-01",13.9298
"1991-12-02",14.85
"1991-12-03",10.3707
"1991-12-04",-4.1893
"1991-12-05",-6.2602
"1991-12-06",-3.9797
"1991-12-07",-0.0995
"1991-12-08",1.2598
"1991-12-09",7.2407
"1991-12-10",4.8697
"1991-12-11",1.8997
"1991-12-12",5.2901
"1991-12-13",11.2897
"1991-12-14",7.6599
"1991-12-15",-3.2096
"1991-12-16",-4.4993
"1991-12-17",-5.0499
"1991-12-18",-3.4501
"1991-12-19",-8.47
"1991-12-20",-10.3203
"1991-12-21",-0.8199
"1991-12-22",-0.9997
"1991-12-23",3.3505
"1991-12-24",3.5005
"1991-12-25",-2.68
"1991-12-26",-3.2802
"1991-12-27",-5.0102
"1991-12-28",0.7501
"1991-12-29",6.3305
"1991-12-30",1.0303
"1991-12-31",1.3083
"1992-01-01",-0.3817
"1992-01-02",5.0586
"1992-01-03",8.6785
"1992-01-04",8.1377
"1992-01-05",6.7784
"1992-01-06",3.2085
"1992-01-07",-2.692
"1992-01-08",-0.1717
"1992-01-09",5.0481
"1992-01-10",2.5087
"1992-01-11",-3.4819
"1992-01-12",-0.9616
"1992-01-13",7.3785
"1992-01-14",1.758
"1992-01-15",-2.832
"1992-01-16",-7.7623
"1992-01-17",-8.5819
"1992-01-18",-3.9622
"1992-01-19",-5.7414
"1992-01-20",-7.5523
"1992-01-21",-3.852
"1992-01-22",0.3181
"1992-01-23",3.8383
"1992-01-24",-3.642
"1992-01-25",-5.0215
"1992-01-26",-1.8915
"1992-01-27",-2.9221
"1992-01-28",3.0377
"1992-01-29",-0.4018
"1992-01-30",0.6277
"1992-01-31",0.8769
"1992-02-01",-1.8236
"1992-02-02",-5.2536
"1992-02-03",-2.7737
"1992-02-04",0.4867
"1992-02-05",1.0868
"1992-02-06",-1.0931
"1992-02-07",-3.1829
"1992-02-08",-2.8129
"1992-02-09",-6.1029
"1992-02-10",-5.5834
"1992-02-11",1.2872
"1992-02-12",0.2163
"1992-02-13",-2.2128
"1992-02-14",-0.0636
"1992-02-15",7.2566
"1992-02-16",6.437
"1992-02-17",0.6765
"1992-02-18",6.2865
"1992-02-19",9.3464
"1992-02-20",2.5564
"1992-02-21",-0.4633
"1992-02-22",4.0471
"1992-02-23",10.2265
"1992-02-24",12.0767
"1992-02-25",10.4364
"1992-02-26",6.9969
"1992-02-27",0.4867
"1992-02-28",1.1568
"1992-02-29",1.283
"1992-03-01",-1.1069
"1992-03-02",1.7527
"1992-03-03",8.3423
"1992-03-04",5.3131
"1992-03-05",7.3425
"1992-03-06",12.293
"1992-03-07",13.033
"1992-03-08",9.7928
"1992-03-09",7.9532
"1992-03-10",9.2924
"1992-03-11",-2.1767
"1992-03-12",-3.0769
"1992-03-13",-1.407
"1992-03-14",-3.7067
"1992-03-15",1.0826
"1992-03-16",-5.4169
"1992-03-17",-3.5275
"1992-03-18",4.3324
"1992-03-19",9.2828
"1992-03-20",3.623
"1992-03-21",-0.177
"1992-03-22",0.4528
"1992-03-23",0.913
"1992-03-24",-1.3168
"1992-03-25",-1.9466
"1992-03-26",6.1232
"1992-03-27",1.0328
"1992-03-28",-1.8067
"1992-03-29",0.5429
"1992-03-30",8.003
"1992-03-31",8.7569
"1992-04-01",4.5168
"1992-04-02",2.1874
"1992-04-03",-4.063
"1992-04-04",-1.143
"1992-04-05",-0.2629
"1992-04-06",-0.8832
"1992-04-07",7.1676
"1992-04-08",10.2869
"1992-04-09",9.9773
"1992-04-10",11.1574
"1992-04-11",12.6375
"1992-04-12",14.7772
"1992-04-13",3.5075
"1992-04-14",-0.0731
"1992-04-15",8.6869
"1992-04-16",12.4774
"1992-04-17",14.1273
"1992-04-18",14.6075
"1992-04-19",12.6768
"1992-04-20",14.8175
"1992-04-21",13.9375
"1992-04-22",12.6471
"1992-04-23",10.4268
"1992-04-24",11.8572
"1992-04-25",8.7071
"1992-04-26",3.4873
"1992-04-27",4.8773
"1992-04-28",6.6374
"1992-04-29",5.347
"1992-04-30",5.909
"1992-05-01",8.2883
"1992-05-02",10.0886
"1992-05-03",14.809
"1992-05-04",8.3986
"1992-05-05",8.1186
"1992-05-06",7.4782
"1992-05-07",4.8381
"1992-05-08",4.7883
"1992-05-09",9.4684
"1992-05-10",11.5985
"1992-05-11",11.7681
"1992-05-12",11.749
"1992-05-13",13.7487
"1992-05-14",16.6783
"1992-05-15",17.6484
"1992-05-16",16.9889
"1992-05-17",17.7184
"1992-05-18",15.2289
"1992-05-19",13.6088
"1992-05-20",11.5391
"1992-05-21",10.1681
"1992-05-22",7.6585
"1992-05-23",11.959
"1992-05-24",12.979
"1992-05-25",15.4886
"1992-05-26",12.6291
"1992-05-27",11.1489
"1992-05-28",11.1786
"1992-05-29",10.4788
"1992-05-30",8.459
"1992-05-31",14.95
"1992-06-01",10.3208
"1992-06-02",15.0804
"1992-06-03",14.95
"1992-06-04",15.4303
"1992-06-05",15.7505
"1992-06-06",18.1605
"1992-06-07",20.1305
"1992-06-08",20.4306
"1992-06-09",19.9206
"1992-06-10",17.9103
"1992-06-11",14.3806
"1992-06-12",14.07
"1992-06-13",15.371
"1992-06-14",16.5404
"1992-06-15",18.1203
"1992-06-16",18.4108
"1992-06-17",16.9009
"1992-06-18",14.8408
"1992-06-19",17.7704
"1992-06-20",19.2505
"1992-06-21",16.92
"1992-06-22",13.0002
"1992-06-23",11.5507
"1992-06-24",17.7301
"1992-06-25",19.03
"1992-06-26",21.5301
"1992-06-27",19.8305
"1992-06-28",17.8806
"1992-06-29",18.52
"1992-06-30",18.1489
"1992-07-01",20.8982
"1992-07-02",19.5188
"1992-07-03",20.438
"1992-07-04",21.3986
"1992-07-05",18.2581
"1992-07-06",20.0288
"1992-07-07",21.229
"1992-07-08",20.6088
"1992-07-09",21.3085
"1992-07-10",20.3585
"1992-07-11",21.7782
"1992-07-12",23.2584
"1992-07-13",23.709
"1992-07-14",22.3784
"1992-07-15",22.9785
"1992-07-16",21.9882
"1992-07-17",21.4983
"1992-07-18",21.5386
"1992-07-19",20.2483
"1992-07-20",19.8284
"1992-07-21",19.699
"1992-07-22",20.9385
"1992-07-23",21.1283
"1992-07-24",21.7082
"1992-07-25",22.4388
"1992-07-26",22.9488
"1992-07-27",23.2086
"1992-07-28",21.898
"1992-07-29",20.8388
"1992-07-30",21.9988
"1992-07-31",22.3858
"1992-08-01",19.2654
"1992-08-02",17.8955
"1992-08-03",19.8157
"1992-08-04",20.8261
"1992-08-05",20.1857
"1992-08-06",19.1562
"1992-08-07",18.3758
"1992-08-08",20.2154
"1992-08-09",20.8759
"1992-08-10",19.4764
"1992-08-11",21.616
"1992-08-12",22.4854
"1992-08-13",18.3461
"1992-08-14",14.3754
"1992-08-15",13.4858
"1992-08-16",16.3962
"1992-08-17",18.8063
"1992-08-18",18.3662
"1992-08-19",19.2357
"1992-08-20",19.5962
"1992-08-21",18.2061
"1992-08-22",16.2457
"1992-08-23",18.3058
"1992-08-24",16.9062
"1992-08-25",20.3956
"1992-08-26",21.1654
"1992-08-27",21.2258
"1992-08-28",17.1257
"1992-08-29",13.9958
"1992-08-30",14.7963
"1992-08-31",15.6381
"1992-09-01",18.5879
"1992-09-02",17.2879
"1992-09-03",17.2476
"1992-09-04",19.9577
"1992-09-05",19.628
"1992-09-06",18.9176
"1992-09-07",18.678
"1992-09-08",18.9685
"1992-09-09",19.8782
"1992-09-10",19.6184
"1992-09-11",19.8687
"1992-09-12",14.4379
"1992-09-13",12.8984
"1992-09-14",13.3479
"1992-09-15",12.3078
"1992-09-16",13.8484
"1992-09-17",18.4479
"1992-09-18",17.6484
"1992-09-19",18.4977
"1992-09-20",19.2484
"1992-09-21",18.468
"1992-09-22",20.7476
"1992-09-23",12.998
"1992-09-24",9.1482
"1992-09-25",9.1577
"1992-09-26",8.5385
"1992-09-27",17.3081
"1992-09-28",18.3079
"1992-09-29",9.4482
"1992-09-30",4.4681
"1992-10-01",2.8776
"1992-10-02",3.1077
"1992-10-03",8.3773
"1992-10-04",7.9373
"1992-10-05",6.1974
"1992-10-06",3.6082
"1992-10-07",8.6074
"1992-10-08",12.6779
"1992-10-09",15.1175
"1992-10-10",11.5773
"1992-10-11",7.9575
"1992-10-12",3.8574
"1992-10-13",5.3481
"1992-10-14",8.9382
"1992-10-15",10.5679
"1992-10-16",12.5379
"1992-10-17",5.6779
"1992-10-18",1.318
"1992-10-19",-0.862
"1992-10-20",-3.3822
"1992-10-21",4.8381
"1992-10-22",7.6182
"1992-10-23",2.338
"1992-10-24",4.098
"1992-10-25",7.1676
"1992-10-26",3.4576
"1992-10-27",6.3882
"1992-10-28",9.5076
"1992-10-29",11.538
"1992-10-30",14.598
"1992-10-31",10.7428
"1992-11-01",8.6922
"1992-11-02",9.8925
"1992-11-03",11.5126
"1992-11-04",10.4226
"1992-11-05",14.3531
"1992-11-06",6.1327
"1992-11-07",4.203
"1992-11-08",1.5629
"1992-11-09",-2.7578
"1992-11-10",0.0022
"1992-11-11",8.1123
"1992-11-12",11.4331
"1992-11-13",2.7621
"1992-11-14",-1.0878
"1992-11-15",-0.8174
"1992-11-16",-4.9875
"1992-11-17",-2.7673
"1992-11-18",0.913
"1992-11-19",2.3125
"1992-11-20",3.7927
"1992-11-21",9.0729
"1992-11-22",13.8431
"1992-11-23",12.0226
"1992-11-24",8.8131
"1992-11-25",8.3826
"1992-11-26",13.5621
"1992-11-27",6.4731
"1992-11-28",3.9231
"1992-11-29",3.2328
"1992-11-30",3.6644
"1992-12-01",0.404
"1992-12-02",-2.1057
"1992-12-03",-2.8256
"1992-12-04",-0.176
"1992-12-05",-4.4256
"1992-12-06",-6.3659
"1992-12-07",-1.0252
"1992-12-08",0.5249
"1992-12-09",-2.0452
"1992-12-10",-0.2661
"1992-12-11",1.6042
"1992-12-12",0.2047
"1992-12-13",-1.2458
"1992-12-14",0.9638
"1992-12-15",-2.1555
"1992-12-16",2.8745
"1992-12-17",10.5244
"1992-12-18",2.7345
"1992-12-19",2.7748
"1992-12-20",9.3348
"1992-12-21",3.2244
"1992-12-22",4.0843
"1992-12-23",8.9244
"1992-12-24",-3.0758
"1992-12-25",-5.3353
"1992-12-26",0.3945
"1992-12-27",-6.7656
"1992-12-28",-1.0761
"1992-12-29",2.6242
"1992-12-30",7.8239
"1992-12-31",9.1959
"1993-01-01",3.426
"1993-01-02",-2.1545
"1993-01-03",-3.0045
"1993-01-04",3.7561
"1993-01-05",11.3559
"1993-01-06",6.8864
"1993-01-07",6.8162
"1993-01-08",6.8754
"1993-01-09",1.7062
"1993-01-10",0.5063
"1993-01-11",0.6961
"1993-01-12",4.3758
"1993-01-13",6.7361
"1993-01-14",-0.0344
"1993-01-15",-0.6245
"1993-01-16",-0.5938
"1993-01-17",-1.4536
"1993-01-18",0.5557
"1993-01-19",-0.9645
"1993-01-20",-2.2137
"1993-01-21",0.4164
"1993-01-22",4.876
"1993-01-23",-0.2044
"1993-01-24",1.8455
"1993-01-25",-2.4737
"1993-01-26",-3.1844
"1993-01-27",-5.2146
"1993-01-28",-2.5647
"1993-01-29",-1.0939
"1993-01-30",-5.0742
"1993-01-31",-3.1021
"1993-02-01",-2.4923
"1993-02-02",-6.7424
"1993-02-03",-6.8927
"1993-02-04",-4.2417
"1993-02-05",-1.7717
"1993-02-06",2.1779
"1993-02-07",-3.7218
"1993-02-08",2.7778
"1993-02-09",-2.262
"1993-02-10",1.738
"1993-02-11",3.2977
"1993-02-12",3.0377
"1993-02-13",2.2075
"1993-02-14",1.0876
"1993-02-15",-0.0519
"1993-02-16",4.4482
"1993-02-17",-1.3824
"1993-02-18",-5.0424
"1993-02-19",-7.9226
"1993-02-20",-4.0827
"1993-02-21",0.2179
"1993-02-22",4.4778
"1993-02-23",-2.3223
"1993-02-24",-4.8526
"1993-02-25",-4.812
"1993-02-26",-3.0023
"1993-02-27",-2.6722
"1993-02-28",-1.2036
"1993-03-01",-3.2436
"1993-03-02",-0.7835
"1993-03-03",3.2165
"1993-03-04",8.4263
"1993-03-05",3.3766
"1993-03-06",0.3659
"1993-03-07",1.6963
"1993-03-08",2.4466
"1993-03-09",4.026
"1993-03-10",2.8359
"1993-03-11",2.8666
"1993-03-12",-0.7638
"1993-03-13",-3.5738
"1993-03-14",-7.4334
"1993-03-15",-8.9634
"1993-03-16",-4.1935
"1993-03-17",6.5365
"1993-03-18",-4.2132
"1993-03-19",-6.1732
"1993-03-20",-2.7534
"1993-03-21",3.9766
"1993-03-22",8.2859
"1993-03-23",9.9168
"1993-03-24",12.8267
"1993-03-25",9.0668
"1993-03-26",6.6462
"1993-03-27",9.0065
"1993-03-28",9.397
"1993-03-29",8.7466
"1993-03-30",8.6862
"1993-03-31",10.2843
"1993-04-01",11.4041
"1993-04-02",6.4839
"1993-04-03",1.3542
"1993-04-04",3.3536
"1993-04-05",3.6739
"1993-04-06",3.5445
"1993-04-07",3.0739
"1993-04-08",3.5642
"1993-04-09",5.8543
"1993-04-10",8.0337
"1993-04-11",4.7838
"1993-04-12",8.8639
"1993-04-13",5.2445
"1993-04-14",8.5744
"1993-04-15",13.0943
"1993-04-16",9.4946
"1993-04-17",4.4044
"1993-04-18",1.8938
"1993-04-19",4.7542
"1993-04-20",8.3243
"1993-04-21",11.2143
"1993-04-22",2.9643
"1993-04-23",0.5436
"1993-04-24",5.6437
"1993-04-25",10.1538
"1993-04-26",9.4441
"1993-04-27",5.5044
"1993-04-28",3.0739
"1993-04-29",6.1636
"1993-04-30",8.3265
"1993-05-01",12.1861
"1993-05-02",13.1162
"1993-05-03",12.5371
"1993-05-04",13.6164
"1993-05-05",15.9163
"1993-05-06",16.8969
"1993-05-07",16.7971
"1993-05-08",17.567
"1993-05-09",15.4666
"1993-05-10",15.9372
"1993-05-11",17.5868
"1993-05-12",16.6062
"1993-05-13",15.5665
"1993-05-14",15.1069
"1993-05-15",13.0669
"1993-05-16",14.6967
"1993-05-17",14.5366
"1993-05-18",18.8568
"1993-05-19",18.247
"1993-05-20",12.4867
"1993-05-21",10.9665
"1993-05-22",9.0361
"1993-05-23",10.077
"1993-05-24",10.6166
"1993-05-25",13.7469
"1993-05-26",14.6561
"1993-05-27",12.4965
"1993-05-28",13.4869
"1993-05-29",16.2563
"1993-05-30",14.5969
"1993-05-31",13.59
"1993-06-01",13.8598
"1993-06-02",11.2999
"1993-06-03",15.6103
"1993-06-04",20.06
"1993-06-05",19.9503
"1993-06-06",16.2103
"1993-06-07",13.1107
"1993-06-08",18.6901
"1993-06-09",22.1604
"1993-06-10",20.3101
"1993-06-11",22.4806
"1993-06-12",21.2303
"1993-06-13",16.8804
"1993-06-14",15.5906
"1993-06-15",14.8502
"1993-06-16",20.0699
"1993-06-17",18.5706
"1993-06-18",20.7499
"1993-06-19",18.8799
"1993-06-20",17.0098
"1993-06-21",17.7107
"1993-06-22",19.98
"1993-06-23",18.7998
"1993-06-24",17.9904
"1993-06-25",16.06
"1993-06-26",17.4507
"1993-06-27",20.4
"1993-06-28",20.06
"1993-06-29",19.4206
"1993-06-30",20.8585
"1993-07-01",20.1083
"1993-07-02",20.6786
"1993-07-03",21.1382
"1993-07-04",21.2687
"1993-07-05",23.3285
"1993-07-06",21.318
"1993-07-07",21.6986
"1993-07-08",20.1785
"1993-07-09",20.9386
"1993-07-10",20.9781
"1993-07-11",22.6386
"1993-07-12",23.8089
"1993-07-13",22.858
"1993-07-14",22.1089
"1993-07-15",21.2084
"1993-07-16",22.3984
"1993-07-17",21.0285
"1993-07-18",21.6284
"1993-07-19",21.5583
"1993-07-20",22.5487
"1993-07-21",23.4086
"1993-07-22",21.1382
"1993-07-23",21.8083
"1993-07-24",21.4881
"1993-07-25",22.3183
"1993-07-26",21.4486
"1993-07-27",19.5083
"1993-07-28",21.1985
"1993-07-29",21.9882
"1993-07-30",19.108
"1993-07-31",14.9029
"1993-08-01",18.4127
"1993-08-02",17.0329
"1993-08-03",21.4222
"1993-08-04",22.0419
"1993-08-05",20.8025
"1993-08-06",19.8626
"1993-08-07",18.4719
"1993-08-08",17.9322
"1993-08-09",18.6024
"1993-08-10",17.6624
"1993-08-11",15.8725
"1993-08-12",19.1321
"1993-08-13",20.0227
"1993-08-14",20.1522
"1993-08-15",19.7628
"1993-08-16",18.7921
"1993-08-17",20.2125
"1993-08-18",21.5922
"1993-08-19",19.3822
"1993-08-20",20.3419
"1993-08-21",20.5119
"1993-08-22",20.1028
"1993-08-23",18.3019
"1993-08-24",17.8719
"1993-08-25",17.5023
"1993-08-26",20.3628
"1993-08-27",21.1821
"1993-08-28",19.4019
"1993-08-29",19.2923
"1993-08-30",22.3129
"1993-08-31",19.3054
"1993-09-01",20.1149
"1993-09-02",21.1151
"1993-09-03",20.0359
"1993-09-04",20.4954
"1993-09-05",19.5555
"1993-09-06",18.745
"1993-09-07",17.5758
"1993-09-08",19.1157
"1993-09-09",19.4359
"1993-09-10",18.8459
"1993-09-11",12.0852
"1993-09-12",9.7458
"1993-09-13",12.5557
"1993-09-14",16.5952
"1993-09-15",17.4749
"1993-09-16",19.7354
"1993-09-17",19.4458
"1993-09-18",18.2657
"1993-09-19",17.8752
"1993-09-20",14.9753
"1993-09-21",15.3153
"1993-09-22",15.2956
"1993-09-23",17.3159
"1993-09-24",16.7357
"1993-09-25",16.3858
"1993-09-26",19.5555
"1993-09-27",14.2152
"1993-09-28",7.2451
"1993-09-29",7.0553
"1993-09-30",4.2596
"1993-10-01",1.5593
"1993-10-02",9.3399
"1993-10-03",11.9394
"1993-10-04",9.839
"1993-10-05",10.3194
"1993-10-06",10.19
"1993-10-07",9.7589
"1993-10-08",13.1798
"1993-10-09",12.0293
"1993-10-10",6.1998
"1993-10-11",2.6999
"1993-10-12",6.0693
"1993-10-13",6.2799
"1993-10-14",6.9193
"1993-10-15",8.9396
"1993-10-16",9.3399
"1993-10-17",12.1093
"1993-10-18",14.6089
"1993-10-19",15.9799
"1993-10-20",15.8692
"1993-10-21",16.0293
"1993-10-22",7.709
"1993-10-23",4.9692
"1993-10-24",1.8499
"1993-10-25",6.9698
"1993-10-26",11.0191
"1993-10-27",10.1296
"1993-10-28",6.6692
"1993-10-29",3.1891
"1993-10-30",5.8697
"1993-10-31",2.3369
"1993-11-01",-1.7421
"1993-11-02",-3.7328
"1993-11-03",0.7169
"1993-11-04",7.3273
"1993-11-05",11.5774
"1993-11-06",5.2171
"1993-11-07",-1.3122
"1993-11-08",-3.0221
"1993-11-09",5.3673
"1993-11-10",3.4172
"1993-11-11",0.2179
"1993-11-12",2.1779
"1993-11-13",9.6975
"1993-11-14",13.2676
"1993-11-15",15.6871
"1993-11-16",14.3172
"1993-11-17",11.3372
"1993-11-18",9.6975
"1993-11-19",9.0372
"1993-11-20",0.7772
"1993-11-21",-4.4523
"1993-11-22",3.2571
"1993-11-23",2.9774
"1993-11-24",3.9174
"1993-11-25",5.6777
"1993-11-26",3.7671
"1993-11-27",8.4076
"1993-11-28",2.1471
"1993-11-29",-2.8729
"1993-11-30",-2.5526
"1993-12-01",-3.2919
"1993-12-02",-1.2321
"1993-12-03",6.0879
"1993-12-04",8.9473
"1993-12-05",4.6873
"1993-12-06",2.2382
"1993-12-07",-0.902
"1993-12-08",0.6983
"1993-12-09",-0.0125
"1993-12-10",3.0673
"1993-12-11",-4.6826
"1993-12-12",-7.0221
"1993-12-13",-5.6719
"1993-12-14",-0.9327
"1993-12-15",-0.0125
"1993-12-16",2.7581
"1993-12-17",1.1282
"1993-12-18",-0.7122
"1993-12-19",1.2675
"1993-12-20",-0.6826
"1993-12-21",-2.0119
"1993-12-22",-3.2425
"1993-12-23",-2.6327
"1993-12-24",-3.2919
"1993-12-25",-5.0819
"1993-12-26",-7.1219
"1993-12-27",-4.6124
"1993-12-28",0.718
"1993-12-29",-1.9022
"1993-12-30",-7.1526
"1993-12-31",-6.8894
"1994-01-01",-4.2704
"1994-01-02",2.8099
"1994-01-03",4.0198
"1994-01-04",1.2503
"1994-01-05",-5.0794
"1994-01-06",-3.56
"1994-01-07",2.1398
"1994-01-08",-3.5101
"1994-01-09",-7.1203
"1994-01-10",-8.6104
"1994-01-11",-5.6204
"1994-01-12",3.1901
"1994-01-13",4.7801
"1994-01-14",0.54
"1994-01-15",-11.1898
"1994-01-16",-14.4503
"1994-01-17",-9.2598
"1994-01-18",-9.1697
"1994-01-19",-15.4397
"1994-01-20",-14.8
"1994-01-21",-8.0402
"1994-01-22",-8.0901
"1994-01-23",-3.08
"1994-01-24",1.1906
"1994-01-25",5.0603
"1994-01-26",5.1797
"1994-01-27",2.5199
"1994-01-28",6.2203
"1994-01-29",5.3198
"1994-01-30",-0.7199
"1994-01-31",-1.7178
"1994-02-01",-1.1281
"1994-02-02",-3.1482
"1994-02-03",-5.7983
"1994-02-04",-1.6483
"1994-02-05",1.3222
"1994-02-06",4.4316
"1994-02-07",3.7018
"1994-02-08",3.2315
"1994-02-09",12.472
"1994-02-10",-5.7885
"1994-02-11",-5.4985
"1994-02-12",-4.7383
"1994-02-13",-0.3982
"1994-02-14",-4.3386
"1994-02-15",-1.8676
"1994-02-16",-0.9477
"1994-02-17",-1.5776
"1994-02-18",2.5918
"1994-02-19",3.8322
"1994-02-20",6.2519
"1994-02-21",8.5816
"1994-02-22",6.6723
"1994-02-23",8.4914
"1994-02-24",2.7319
"1994-02-25",-1.7178
"1994-02-26",-2.7279
"1994-02-27",-6.2381
"1994-02-28",-5.1245
"1994-03-01",-0.3141
"1994-03-02",3.8151
"1994-03-03",1.7852
"1994-03-04",-0.4847
"1994-03-05",4.4158
"1994-03-06",2.3152
"1994-03-07",7.0659
"1994-03-08",12.5549
"1994-03-09",10.0352
"1994-03-10",7.8956
"1994-03-11",-1.0549
"1994-03-12",-1.4448
"1994-03-13",0.7252
"1994-03-14",6.9854
"1994-03-15",3.7457
"1994-03-16",0.5558
"1994-03-17",-1.6544
"1994-03-18",1.1748
"1994-03-19",3.8651
"1994-03-20",7.0659
"1994-03-21",9.5551
"1994-03-22",10.3057
"1994-03-23",5.7853
"1994-03-24",11.1147
"1994-03-25",11.875
"1994-03-26",6.1557
"1994-03-27",9.8451
"1994-03-28",13.9256
"1994-03-29",5.7256
"1994-03-30",2.5748
"1994-03-31",1.6768
"1994-04-01",2.0277
"1994-04-02",5.1968
"1994-04-03",6.0777
"1994-04-04",8.6376
"1994-04-05",10.687
"1994-04-06",14.4178
"1994-04-07",5.4575
"1994-04-08",1.907
"1994-04-09",3.2875
"1994-04-10",11.3572
"1994-04-11",12.9874
"1994-04-12",9.3273
"1994-04-13",16.187
"1994-04-14",11.7178
"1994-04-15",10.1168
"1994-04-16",10.107
"1994-04-17",6.4177
"1994-04-18",7.2669
"1994-04-19",9.8573
"1994-04-20",12.6073
"1994-04-21",12.3173
"1994-04-22",7.9273
"1994-04-23",6.2178
"1994-04-24",6.927
"1994-04-25",11.9676
"1994-04-26",15.0868
"1994-04-27",15.4377
"1994-04-28",15.9872
"1994-04-29",17.1276
"1994-04-30",14.43
"1994-05-01",16.4806
"1994-05-02",8.2599
"1994-05-03",5.8998
"1994-05-04",9.4698
"1994-05-05",7.4204
"1994-05-06",8.8204
"1994-05-07",14.5105
"1994-05-08",10.2106
"1994-05-09",8.69
"1994-05-10",11.4498
"1994-05-11",12.0907
"1994-05-12",15.6302
"1994-05-13",10.1704
"1994-05-14",9.6709
"1994-05-15",15.2707
"1994-05-16",15.311
"1994-05-17",10.2009
"1994-05-18",10.8405
"1994-05-19",8.2307
"1994-05-20",7.92
"1994-05-21",6.6504
"1994-05-22",7.8201
"1994-05-23",12.1504
"1994-05-24",16.1602
"1994-05-25",18.591
"1994-05-26",18.82
"1994-05-27",12.3709
"1994-05-28",8.9203
"1994-05-29",12.4598
"1994-05-30",13.2908
"1994-05-31",14.8687
"1994-06-01",17.598
"1994-06-02",19.0881
"1994-06-03",16.4685
"1994-06-04",16.2686
"1994-06-05",17.018
"1994-06-06",17.548
"1994-06-07",19.4378
"1994-06-08",20.4978
"1994-06-09",18.4777
"1994-06-10",14.9783
"1994-06-11",11.3681
"1994-06-12",18.1779
"1994-06-13",22.0879
"1994-06-14",22.0379
"1994-06-15",22.178
"1994-06-16",22.2085
"1994-06-17",21.5785
"1994-06-18",21.2581
"1994-06-19",21.5883
"1994-06-20",21.1679
"1994-06-21",23.2283
"1994-06-22",22.9882
"1994-06-23",23.5682
"1994-06-24",22.3888
"1994-06-25",21.1277
"1994-06-26",20.1579
"1994-06-27",19.6887
"1994-06-28",19.2879
"1994-06-29",21.7978
"1994-06-30",20.5904
"1994-07-01",21.0595
"1994-07-02",20.5295
"1994-07-03",19.5596
"1994-07-04",21.4396
"1994-07-05",21.2898
"1994-07-06",20.8
"1994-07-07",20.9803
"1994-07-08",21.4494
"1994-07-09",21.7004
"1994-07-10",21.7796
"1994-07-11",22.5703
"1994-07-12",21.8198
"1994-07-13",22.0793
"1994-07-14",21.8502
"1994-07-15",22.7093
"1994-07-16",23.0102
"1994-07-17",23.3404
"1994-07-18",23.0297
"1994-07-19",22.1
"1994-07-20",21.09
"1994-07-21",20.51
"1994-07-22",20.7098
"1994-07-23",20.4101
"1994-07-24",20.7598
"1994-07-25",22.1195
"1994-07-26",21.9697
"1994-07-27",21.0302
"1994-07-28",20.1603
"1994-07-29",19.9994
"1994-07-30",20.46
"1994-07-31",19.7168
"1994-08-01",20.4162
"1994-08-02",20.9559
"1994-08-03",21.966
"1994-08-04",22.016
"1994-08-05",19.8569
"1994-08-06",14.3265
"1994-08-07",12.4062
"1994-08-08",13.6466
"1994-08-09",15.8763
"1994-08-10",17.5163
"1994-08-11",18.2059
"1994-08-12",20.616
"1994-08-13",19.3659
"1994-08-14",21.1764
"1994-08-15",21.0168
"1994-08-16",20.0458
"1994-08-17",20.4369
"1994-08-18",20.1262
"1994-08-19",19.6266
"1994-08-20",18.4058
"1994-08-21",20.4369
"1994-08-22",18.9857
"1994-08-23",16.8462
"1994-08-24",13.9658
"1994-08-25",13.1458
"1994-08-26",17.7868
"1994-08-27",19.5365
"1994-08-28",19.1965
"1994-08-29",18.8468
"1994-08-30",21.8161
"1994-08-31",20.3589
"1994-09-01",21.4591
"1994-09-02",12.5196
"1994-09-03",11.4096
"1994-09-04",11.6898
"1994-09-05",9.7099
"1994-09-06",13.5991
"1994-09-07",15.5388
"1994-09-08",15.5498
"1994-09-09",16.1797
"1994-09-10",16.8291
"1994-09-11",17.1691
"1994-09-12",13.699
"1994-09-13",15.9189
"1994-09-14",15.9592
"1994-09-15",16.2699
"1994-09-16",17.2288
"1994-09-17",17.1898
"1994-09-18",17.1691
"1994-09-19",12.5196
"1994-09-20",10.3897
"1994-09-21",11.5192
"1994-09-22",13.3895
"1994-09-23",12.3599
"1994-09-24",15.6192
"1994-09-25",16.5489
"1994-09-26",17.9098
"1994-09-27",14.4191
"1994-09-28",12.5597
"1994-09-29",10.4799
"1994-09-30",9.7683
"1994-10-01",11.3182
"1994-10-02",14.9674
"1994-10-03",9.8975
"1994-10-04",5.5282
"1994-10-05",6.8782
"1994-10-06",10.2374
"1994-10-07",9.7976
"1994-10-08",9.6282
"1994-10-09",14.7383
"1994-10-10",7.9285
"1994-10-11",3.318
"1994-10-12",4.8374
"1994-10-13",10.5079
"1994-10-14",10.4677
"1994-10-15",8.8277
"1994-10-16",5.2285
"1994-10-17",3.3874
"1994-10-18",6.2081
"1994-10-19",7.178
"1994-10-20",12.818
"1994-10-21",10.1375
"1994-10-22",11.3084
"1994-10-23",13.0678
"1994-10-24",10.1777
"1994-10-25",9.6185
"1994-10-26",3.3375
"1994-10-27",0.5778
"1994-10-28",-0.0424
"1994-10-29",3.7079
"1994-10-30",13.5174
"1994-10-31",15.0344
"1994-11-01",5.4441
"1994-11-02",1.6146
"1994-11-03",5.8243
"1994-11-04",6.4749
"1994-11-05",10.4141
"1994-11-06",14.5044
"1994-11-07",5.6147
"1994-11-08",3.7652
"1994-11-09",10.7041
"1994-11-10",7.8444
"1994-11-11",2.3043
"1994-11-12",-1.7348
"1994-11-13",3.6141
"1994-11-14",6.2239
"1994-11-15",8.6547
"1994-11-16",8.645
"1994-11-17",8.9544
"1994-11-18",10.3849
"1994-11-19",8.0248
"1994-11-20",3.134
"1994-11-21",10.6249
"1994-11-22",5.265
"1994-11-23",-1.1159
"1994-11-24",-3.8854
"1994-11-25",-0.6358
"1994-11-26",2.9842
"1994-11-27",4.0551
"1994-11-28",10.514
"1994-11-29",7.0841
"1994-11-30",4.8386
"1994-12-01",-1.1207
"1994-12-02",-0.7113
"1994-12-03",7.2084
"1994-12-04",13.8891
"1994-12-05",15.339
"1994-12-06",12.9289
"1994-12-07",9.7793
"1994-12-08",2.8989
"1994-12-09",2.0984
"1994-12-10",8.4293
"1994-12-11",-0.6711
"1994-12-12",-3.7818
"1994-12-13",-2.9508
"1994-12-14",2.6393
"1994-12-15",4.5693
"1994-12-16",0.8093
"1994-12-17",5.2992
"1994-12-18",4.0283
"1994-12-19",-2.3014
"1994-12-20",-2.0711
"1994-12-21",-2.0407
"1994-12-22",5.9486
"1994-12-23",6.1984
"1994-12-24",3.8285
"1994-12-25",3.1084
"1994-12-26",1.8291
"1994-12-27",-2.8716
"1994-12-28",0.0088
"1994-12-29",0.5388
"1994-12-30",0.6886
"1994-12-31",0.9018
"1995-01-01",5.4621
"1995-01-02",-2.5077
"1995-01-03",-4.7085
"1995-01-04",-4.2575
"1995-01-05",-9.6086
"1995-01-06",-8.9184
"1995-01-07",3.5525
"1995-01-08",-1.8377
"1995-01-09",-1.4683
"1995-01-10",-2.9079
"1995-01-11",-0.3886
"1995-01-12",7.5113
"1995-01-13",6.5015
"1995-01-14",12.0124
"1995-01-15",9.2516
"1995-01-16",7.2817
"1995-01-17",0.4614
"1995-01-18",-0.7082
"1995-01-19",2.7321
"1995-01-20",1.2617
"1995-01-21",-1.7784
"1995-01-22",-3.5282
"1995-01-23",-3.0582
"1995-01-24",-5.0282
"1995-01-25",-7.0183
"1995-01-26",-1.9383
"1995-01-27",-3.5886
"1995-01-28",1.3221
"1995-01-29",-2.1478
"1995-01-30",-3.0878
"1995-01-31",-0.5318
"1995-02-01",-2.4118
"1995-02-02",2.2585
"1995-02-03",3.5584
"1995-02-04",-1.872
"1995-02-05",-5.8415
"1995-02-06",-10.0821
"1995-02-07",-7.7818
"1995-02-08",-8.2518
"1995-02-09",-10.352
"1995-02-10",-4.2018
"1995-02-11",0.8083
"1995-02-12",-3.3613
"1995-02-13",-4.4717
"1995-02-14",-1.2315
"1995-02-15",-0.8716
"1995-02-16",6.6388
"1995-02-17",5.2786
"1995-02-18",3.1879
"1995-02-19",3.7183
"1995-02-20",7.7588
"1995-02-21",1.8383
"1995-02-22",-3.3613
"1995-02-23",0.3584
"1995-02-24",0.3987
"1995-02-25",-1.962
"1995-02-26",-0.3413
"1995-02-27",5.938
"1995-02-28",12.4848
"1995-03-01",5.0749
"1995-03-02",2.3651
"1995-03-03",-1.4943
"1995-03-04",0.0352
"1995-03-05",1.9756
"1995-03-06",6.5749
"1995-03-07",11.6253
"1995-03-08",4.4854
"1995-03-09",-2.1348
"1995-03-10",-3.8644
"1995-03-11",-1.4044
"1995-03-12",0.9456
"1995-03-13",4.4854
"1995-03-14",7.2947
"1995-03-15",6.9348
"1995-03-16",7.805
"1995-03-17",9.8151
"1995-03-18",3.4246
"1995-03-19",-0.3353
"1995-03-20",3.6958
"1995-03-21",8.7355
"1995-03-22",6.3156
"1995-03-23",7.6652
"1995-03-24",4.5256
"1995-03-25",-0.0145
"1995-03-26",1.1848
"1995-03-27",6.5749
"1995-03-28",7.7458
"1995-03-29",8.4549
"1995-03-30",6.4648
"1995-03-31",5.0158
"1995-04-01",3.6851
"1995-04-02",5.2052
"1995-04-03",3.0955
"1995-04-04",7.3953
"1995-04-05",3.6555
"1995-04-06",2.2952
"1995-04-07",7.0153
"1995-04-08",9.8554
"1995-04-09",10.1253
"1995-04-10",12.6659
"1995-04-11",7.9257
"1995-04-12",12.1853
"1995-04-13",11.3862
"1995-04-14",4.9353
"1995-04-15",2.6753
"1995-04-16",9.3961
"1995-04-17",12.2752
"1995-04-18",13.0957
"1995-04-19",15.2858
"1995-04-20",17.8856
"1995-04-21",18.0561
"1995-04-22",15.2953
"1995-04-23",8.7757
"1995-04-24",7.0355
"1995-04-25",3.4152
"1995-04-26",5.9853
"1995-04-27",8.1862
"1995-04-28",12.9358
"1995-04-29",10.7954
"1995-04-30",15.0159
"1995-05-01",11.3554
"1995-05-02",11.1056
"1995-05-03",8.4857
"1995-05-04",10.7457
"1995-05-05",10.7859
"1995-05-06",6.8756
"1995-05-07",9.3759
"1995-05-08",9.1652
"1995-05-09",9.8755
"1995-05-10",16.9953
"1995-05-11",18.6859
"1995-05-12",17.296
"1995-05-13",15.0857
"1995-05-14",18.1354
"1995-05-15",16.3359
"1995-05-16",15.3355
"1995-05-17",16.8651
"1995-05-18",20.0059
"1995-05-19",17.7151
"1995-05-20",11.7153
"1995-05-21",12.6659
"1995-05-22",14.6252
"1995-05-23",15.3959
"1995-05-24",14.3553
"1995-05-25",15.4456
"1995-05-26",18.9357
"1995-05-27",13.1762
"1995-05-28",13.4461
"1995-05-29",17.766
"1995-05-30",19.4152
"1995-05-31",16.0139
"1995-06-01",17.1338
"1995-06-02",19.8544
"1995-06-03",19.884
"1995-06-04",19.5844
"1995-06-05",19.1642
"1995-06-06",17.9839
"1995-06-07",16.7538
"1995-06-08",20.0236
"1995-06-09",23.6937
"1995-06-10",20.0236
"1995-06-11",21.2643
"1995-06-12",18.474
"1995-06-13",13.684
"1995-06-14",12.2445
"1995-06-15",15.5936
"1995-06-16",16.6141
"1995-06-17",16.8142
"1995-06-18",14.5435
"1995-06-19",16.0139
"1995-06-20",14.624
"1995-06-21",17.8737
"1995-06-22",18.1745
"1995-06-23",19.2837
"1995-06-24",19.5146
"1995-06-25",21.2939
"1995-06-26",21.2738
"1995-06-27",21.9841
"1995-06-28",20.6239
"1995-06-29",17.7542
"1995-06-30",18.2171
"1995-07-01",19.9574
"1995-07-02",19.8271
"1995-07-03",20.4972
"1995-07-04",19.5063
"1995-07-05",21.4265
"1995-07-06",20.4072
"1995-07-07",20.4664
"1995-07-08",20.3374
"1995-07-09",19.2672
"1995-07-10",20.3173
"1995-07-11",19.6365
"1995-07-12",21.8669
"1995-07-13",19.6768
"1995-07-14",18.9866
"1995-07-15",20.1065
"1995-07-16",22.7169
"1995-07-17",21.8563
"1995-07-18",22.2765
"1995-07-19",22.1167
"1995-07-20",20.0367
"1995-07-21",23.007
"1995-07-22",21.8965
"1995-07-23",21.5568
"1995-07-24",23.9067
"1995-07-25",22.8673
"1995-07-26",23.0271
"1995-07-27",21.1471
"1995-07-28",20.8974
"1995-07-29",20.6073
"1995-07-30",21.3567
"1995-07-31",23.0662
"1995-08-01",22.7667
"1995-08-02",21.3863
"1995-08-03",20.6464
"1995-08-04",21.2667
"1995-08-05",21.0465
"1995-08-06",23.0165
"1995-08-07",19.2364
"1995-08-08",17.1966
"1995-08-09",18.6871
"1995-08-10",18.7569
"1995-08-11",19.8769
"1995-08-12",21.0465
"1995-08-13",23.7469
"1995-08-14",25.7169
"1995-08-15",22.6968
"1995-08-16",19.6365
"1995-08-17",22.0765
"1995-08-18",24.8171
"1995-08-19",20.0864
"1995-08-20",16.4673
"1995-08-21",17.8666
"1995-08-22",21.3768
"1995-08-23",21.5272
"1995-08-24",21.1566
"1995-08-25",19.8662
"1995-08-26",20.8263
"1995-08-27",21.0572
"1995-08-28",19.2672
"1995-08-29",16.4567
"1995-08-30",18.2763
"1995-08-31",20.8038
"1995-09-01",19.9242
"1995-09-02",16.0837
"1995-09-03",13.304
"1995-09-04",15.6043
"1995-09-05",15.5439
"1995-09-06",14.8537
"1995-09-07",16.6733
"1995-09-08",16.4839
"1995-09-09",20.3634
"1995-09-10",19.9242
"1995-09-11",18.004
"1995-09-12",16.4436
"1995-09-13",15.3533
"1995-09-14",19.8544
"1995-09-15",20.1835
"1995-09-16",18.4242
"1995-09-17",18.7332
"1995-09-18",17.5138
"1995-09-19",15.5534
"1995-09-20",16.3833
"1995-09-21",18.5142
"1995-09-22",17.2238
"1995-09-23",6.344
"1995-09-24",5.024
"1995-09-25",11.3033
"1995-09-26",13.9244
"1995-09-27",14.9934
"1995-09-28",13.7432
"1995-09-29",11.3234
"1995-09-30",11.9864
"1995-10-01",12.1663
"1995-10-02",13.787
"1995-10-03",16.787
"1995-10-04",18.6172
"1995-10-05",16.787
"1995-10-06",18.1567
"1995-10-07",18.397
"1995-10-08",12.7464
"1995-10-09",10.2473
"1995-10-10",14.8466
"1995-10-11",14.7566
"1995-10-12",12.6671
"1995-10-13",16.3868
"1995-10-14",17.7672
"1995-10-15",7.7363
"1995-10-16",4.1669
"1995-10-17",3.9965
"1995-10-18",4.4972
"1995-10-19",9.9466
"1995-10-20",11.0772
"1995-10-21",5.1673
"1995-10-22",4.5967
"1995-10-23",6.3961
"1995-10-24",9.9868
"1995-10-25",12.6363
"1995-10-26",9.9868
"1995-10-27",13.8072
"1995-10-28",7.5563
"1995-10-29",3.3063
"1995-10-30",2.3568
"1995-10-31",6.7466
"1995-11-01",12.7464
"1995-11-02",15.0668
"1995-11-03",14.6264
"1995-11-04",0.2365
"1995-11-05",-3.263
"1995-11-06",0.3466
"1995-11-07",4.9069
"1995-11-08",-0.1329
"1995-11-09",-2.9529
"1995-11-10",-1.4635
"1995-11-11",5.0667
"1995-11-12",-2.9233
"1995-11-13",-1.4032
"1995-11-14",2.6468
"1995-11-15",-2.5231
"1995-11-16",-2.4639
"1995-11-17",-2.1135
"1995-11-18",-0.2134
"1995-11-19",3.8769
"1995-11-20",0.2969
"1995-11-21",1.7068
"1995-11-22",-1.7039
"1995-11-23",-1.5429
"1995-11-24",4.3871
"1995-11-25",1.8466
"1995-11-26",-0.5733
"1995-11-27",2.8469
"1995-11-28",9.2469
"1995-11-29",2.4361
"1995-11-30",-2.2117
"1995-12-01",-1.3416
"1995-12-02",1.978
"1995-12-03",1.7175
"1995-12-04",5.2774
"1995-12-05",0.948
"1995-12-06",2.7783
"1995-12-07",-2.6521
"1995-12-08",-4.0823
"1995-12-09",0.8379
"1995-12-10",-6.5826
"1995-12-11",-6.6027
"1995-12-12",-5.1525
"1995-12-13",-1.0125
"1995-12-14",-0.2524
"1995-12-15",7.6676
"1995-12-16",2.7877
"1995-12-17",-1.1617
"1995-12-18",-2.0117
"1995-12-19",3.9574
"1995-12-20",-3.5921
"1995-12-21",-5.0826
"1995-12-22",-6.1824
"1995-12-23",-7.1118
"1995-12-24",-5.8024
"1995-12-25",-6.7827
"1995-12-26",-6.1126
"1995-12-27",-6.4228
"1995-12-28",-6.4322
"1995-12-29",-4.5925
"1995-12-30",-3.7224
"1995-12-31",4.2427
"1996-01-01",7.833
"1996-01-02",7.1135
"1996-01-03",3.4228
"1996-01-04",-3.4072
"1996-01-05",-2.1464
"1996-01-06",-3.2565
"1996-01-07",-5.6763
"1996-01-08",-7.3565
"1996-01-09",-7.8764
"1996-01-10",-4.9266
"1996-01-11",-5.9965
"1996-01-12",-2.7768
"1996-01-13",-4.6968
"1996-01-14",-1.8073
"1996-01-15",0.5333
"1996-01-16",-1.3967
"1996-01-17",0.6037
"1996-01-18",9.7832
"1996-01-19",-2.9463
"1996-01-20",-6.2464
"1996-01-21",-5.007
"1996-01-22",-6.2062
"1996-01-23",-1.5964
"1996-01-24",4.4538
"1996-01-25",-4.2573
"1996-01-26",-3.1774
"1996-01-27",-0.3168
"1996-01-28",-3.8366
"1996-01-29",-2.6864
"1996-01-30",1.7138
"1996-01-31",0.9842
"1996-02-01",-1.9957
"1996-02-02",-4.6165
"1996-02-03",-9.2564
"1996-02-04",-10.4858
"1996-02-05",-16.3163
"1996-02-06",-10.8261
"1996-02-07",-7.0765
"1996-02-08",0.1642
"1996-02-09",3.3136
"1996-02-10",0.664
"1996-02-11",2.2939
"1996-02-12",-3.2665
"1996-02-13",-5.2054
"1996-02-14",0.124
"1996-02-15",3.8737
"1996-02-16",-3.146
"1996-02-17",-9.2363
"1996-02-18",-4.256
"1996-02-19",-3.0254
"1996-02-20",6.4341
"1996-02-21",7.8142
"1996-02-22",9.5446
"1996-02-23",10.9046
"1996-02-24",6.7945
"1996-02-25",3.2144
"1996-02-26",6.2143
"1996-02-27",10.8543
"1996-02-28",10.4337
"1996-02-29",0.679
"1996-03-01",-0.4913
"1996-03-02",2.5488
"1996-03-03",0.2784
"1996-03-04",-3.1811
"1996-03-05",1.9285
"1996-03-06",13.1687
"1996-03-07",9.8686
"1996-03-08",-5.4013
"1996-03-09",-7.8814
"1996-03-10",-7.0915
"1996-03-11",-4.3904
"1996-03-12",-5.0309
"1996-03-13",-0.4511
"1996-03-14",1.4488
"1996-03-15",8.7296
"1996-03-16",8.6995
"1996-03-17",12.0485
"1996-03-18",10.1788
"1996-03-19",3.8887
"1996-03-20",0.6991
"1996-03-21",-1.251
"1996-03-22",-0.2703
"1996-03-23",-2.2607
"1996-03-24",1.6786
"1996-03-25",4.6196
"1996-03-26",11.1695
"1996-03-27",1.1487
"1996-03-28",1.6196
"1996-03-29",2.3994
"1996-03-30",3.939
"1996-03-31",5.9494
"1996-04-01",8.9996
"1996-04-02",6.91
"1996-04-03",5.3893
"1996-04-04",7.8895
"1996-04-05",5.81
"1996-04-06",4.43
"1996-04-07",1.5492
"1996-04-08",0.8799
"1996-04-09",0.7004
"1996-04-10",-0.4097
"1996-04-11",0.3701
"1996-04-12",5.3504
"1996-04-13",11.2399
"1996-04-14",14.5299
"1996-04-15",11.81
"1996-04-16",7.4701
"1996-04-17",5.0603
"1996-04-18",7.5794
"1996-04-19",11.8401
"1996-04-20",14.7999
"1996-04-21",15.6299
"1996-04-22",15.5797
"1996-04-23",15.5596
"1996-04-24",7.2102
"1996-04-25",6.1403
"1996-04-26",12.1
"1996-04-27",11.5802
"1996-04-28",9.1704
"1996-04-29",14.7396
"1996-04-30",10.499
"1996-05-01",5.6694
"1996-05-02",8.319
"1996-05-03",10.4199
"1996-05-04",13.249
"1996-05-05",17.4997
"1996-05-06",18.5194
"1996-05-07",14.4194
"1996-05-08",13.0695
"1996-05-09",16.6295
"1996-05-10",17.5688
"1996-05-11",16.6597
"1996-05-12",8.5099
"1996-05-13",5.4396
"1996-05-14",6.8196
"1996-05-15",6.9791
"1996-05-16",11.7899
"1996-05-17",17.059
"1996-05-18",18.3198
"1996-05-19",18.7593
"1996-05-20",19.2101
"1996-05-21",19.4499
"1996-05-22",18.9589
"1996-05-23",16.1398
"1996-05-24",18.4591
"1996-05-25",17.28
"1996-05-26",14.7497
"1996-05-27",18.969
"1996-05-28",18.9589
"1996-05-29",16.6898
"1996-05-30",9.5396
"1996-05-31",6.0047
"1996-06-01",9.3751
"1996-06-02",11.1042
"1996-06-03",13.4148
"1996-06-04",16.8443
"1996-06-05",17.9744
"1996-06-06",17.1042
"1996-06-07",17.7949
"1996-06-08",17.8149
"1996-06-09",18.6149
"1996-06-10",19.5152
"1996-06-11",19.8141
"1996-06-12",20.4043
"1996-06-13",19.0343
"1996-06-14",21.5445
"1996-06-15",19.0242
"1996-06-16",18.9049
"1996-06-17",20.015
"1996-06-18",18.7241
"1996-06-19",21.1653
"1996-06-20",22.2754
"1996-06-21",22.1347
"1996-06-22",22.8543
"1996-06-23",22.5453
"1996-06-24",24.9853
"1996-06-25",24.5344
"1996-06-26",17.825
"1996-06-27",14.8049
"1996-06-28",15.1942
"1996-06-29",19.5843
"1996-06-30",18.542
"1996-07-01",20.7421
"1996-07-02",23.9116
"1996-07-03",18.1615
"1996-07-04",13.1612
"1996-07-05",15.1013
"1996-07-06",18.9615
"1996-07-07",19.2917
"1996-07-08",22.5617
"1996-07-09",22.2917
"1996-07-10",20.4219
"1996-07-11",18.051
"1996-07-12",15.9916
"1996-07-13",16.8417
"1996-07-14",22.4512
"1996-07-15",22.2816
"1996-07-16",22.0317
"1996-07-17",20.6718
"1996-07-18",22.691
"1996-07-19",23.0414
"1996-07-20",21.871
"1996-07-21",22.4813
"1996-07-22",21.9011
"1996-07-23",24.1515
"1996-07-24",23.2021
"1996-07-25",23.0414
"1996-07-26",21.1515
"1996-07-27",19.9811
"1996-07-28",20.4821
"1996-07-29",22.0217
"1996-07-30",22.6521
"1996-07-31",19.5981
"1996-08-01",20.118
"1996-08-02",19.6873
"1996-08-03",19.4374
"1996-08-04",19.5077
"1996-08-05",19.9271
"1996-08-06",20.3076
"1996-08-07",19.6772
"1996-08-08",18.478
"1996-08-09",18.748
"1996-08-10",19.4675
"1996-08-11",19.9472
"1996-08-12",18.7781
"1996-08-13",17.128
"1996-08-14",16.5379
"1996-08-15",15.4177
"1996-08-16",19.5479
"1996-08-17",19.8882
"1996-08-18",20.388
"1996-08-19",19.2578
"1996-08-20",19.9974
"1996-08-21",18.9577
"1996-08-22",19.2277
"1996-08-23",18.5081
"1996-08-24",18.6676
"1996-08-25",19.4675
"1996-08-26",20.0276
"1996-08-27",19.308
"1996-08-28",18.9577
"1996-08-29",18.2871
"1996-08-30",19.3972
"1996-08-31",17.5286
"1996-09-01",14.8188
"1996-09-02",18.3989
"1996-09-03",20.0389
"1996-09-04",20.0389
"1996-09-05",19.0493
"1996-09-06",17.2587
"1996-09-07",21.0297
"1996-09-08",20.9292
"1996-09-09",20.6492
"1996-09-10",21.3097
"1996-09-11",19.8593
"1996-09-12",18.6387
"1996-09-13",15.0196
"1996-09-14",10.8493
"1996-09-15",11.7296
"1996-09-16",16.2691
"1996-09-17",16.2289
"1996-09-18",12.0599
"1996-09-19",10.7388
"1996-09-20",12.7091
"1996-09-21",14.0992
"1996-09-22",14.1896
"1996-09-23",11.599
"1996-09-24",12.7995
"1996-09-25",15.5295
"1996-09-26",16.6094
"1996-09-27",16.2189
"1996-09-28",15.8397
"1996-09-29",14.6693
"1996-09-30",13.2378
"1996-10-01",13.2277
"1996-10-02",14.8376
"1996-10-03",14.2373
"1996-10-04",4.8381
"1996-10-05",2.8879
"1996-10-06",9.0473
"1996-10-07",9.3776
"1996-10-08",12.9175
"1996-10-09",12.8271
"1996-10-10",6.4479
"1996-10-11",5.4772
"1996-10-12",5.1281
"1996-10-13",5.4973
"1996-10-14",7.9975
"1996-10-15",10.6082
"1996-10-16",10.2478
"1996-10-17",13.9071
"1996-10-18",10.2378
"1996-10-19",3.3475
"1996-10-20",1.278
"1996-10-21",7.1675
"1996-10-22",8.8477
"1996-10-23",11.6982
"1996-10-24",6.2772
"1996-10-25",9.0574
"1996-10-26",11.0879
"1996-10-27",13.0971
"1996-10-28",13.4876
"1996-10-29",13.2378
"1996-10-30",14.928
"1996-10-31",9.8849
"1996-11-01",9.4253
"1996-11-02",3.2257
"1996-11-03",-2.984
"1996-11-04",-1.0351
"1996-11-05",4.8255
"1996-11-06",12.1151
"1996-11-07",14.2851
"1996-11-08",9.2256
"1996-11-09",0.296
"1996-11-10",-1.9643
"1996-11-11",-1.8839
"1996-11-12",-2.6148
"1996-11-13",-3.1849
"1996-11-14",1.656
"1996-11-15",-4.2347
"1996-11-16",-3.544
"1996-11-17",-2.5445
"1996-11-18",6.3161
"1996-11-19",8.6857
"1996-11-20",7.3659
"1996-11-21",3.2759
"1996-11-22",-0.0945
"1996-11-23",-2.115
"1996-11-24",-0.3344
"1996-11-25",7.6258
"1996-11-26",4.3357
"1996-11-27",-2.925
"1996-11-28",-4.1845
"1996-11-29",-4.074
"1996-11-30",0.8812
"1996-12-01",11.1921
"1996-12-02",4.4224
"1996-12-03",0.6213
"1996-12-04",-0.6182
"1996-12-05",-1.5487
"1996-12-06",1.062
"1996-12-07",2.5714
"1996-12-08",-0.2678
"1996-12-09",-2.5683
"1996-12-10",-2.7781
"1996-12-11",1.7112
"1996-12-12",10.8217
"1996-12-13",5.7924
"1996-12-14",0.4417
"1996-12-15",-1.7584
"1996-12-16",-1.6278
"1996-12-17",4.1022
"1996-12-18",5.6618
"1996-12-19",-3.7776
"1996-12-20",-6.5378
"1996-12-21",-7.5185
"1996-12-22",-6.4185
"1996-12-23",-1.5185
"1996-12-24",6.4316
"1996-12-25",-1.398
"1996-12-26",-1.7986
"1996-12-27",1.6121
"1996-12-28",7.3018
"1996-12-29",11.6618
"1996-12-30",11.982
"1996-12-31",13.1159
"1997-01-01",4.4956
"1997-01-02",2.9856
"1997-01-03",7.8053
"1997-01-04",9.4362
"1997-01-05",11.6157
"1997-01-06",5.8254
"1997-01-07",2.4861
"1997-01-08",-2.9347
"1997-01-09",-2.5446
"1997-01-10",-1.2639
"1997-01-11",-3.8938
"1997-01-12",-5.0343
"1997-01-13",-6.6036
"1997-01-14",-7.6746
"1997-01-15",-6.0436
"1997-01-16",-1.8136
"1997-01-17",-8.0943
"1997-01-18",-10.9945
"1997-01-19",-10.8736
"1997-01-20",-4.8644
"1997-01-21",-3.1137
"1997-01-22",-1.1646
"1997-01-23",7.9262
"1997-01-24",1.9854
"1997-01-25",2.9354
"1997-01-26",-2.0143
"1997-01-27",-0.6742
"1997-01-28",3.7554
"1997-01-29",-1.0038
"1997-01-30",-1.1943
"1997-01-31",-1.4543
"1997-02-01",0.2655
"1997-02-02",3.8855
"1997-02-03",6.3751
"1997-02-04",7.1153
"1997-02-05",7.6548
"1997-02-06",-0.575
"1997-02-07",3.0848
"1997-02-08",0.6453
"1997-02-09",-0.4952
"1997-02-10",-2.0953
"1997-02-11",-0.5454
"1997-02-12",1.2349
"1997-02-13",-1.005
"1997-02-14",-7.3153
"1997-02-15",0.4948
"1997-02-16",-2.1249
"1997-02-17",-1.6345
"1997-02-18",-1.9345
"1997-02-19",8.395
"1997-02-20",8.5455
"1997-02-21",8.655
"1997-02-22",7.9547
"1997-02-23",-0.5647
"1997-02-24",0.505
"1997-02-25",1.4254
"1997-02-26",2.4256
"1997-02-27",13.8556
"1997-02-28",15.3702
"1997-03-01",15.5504
"1997-03-02",16.7103
"1997-03-03",14.6312
"1997-03-04",6.5006
"1997-03-05",7.5305
"1997-03-06",1.9603
"1997-03-07",-1.7794
"1997-03-08",1.3809
"1997-03-09",3.4612
"1997-03-10",7.5008
"1997-03-11",8.4303
"1997-03-12",3.8113
"1997-03-13",3.7212
"1997-03-14",10.0008
"1997-03-15",2.7712
"1997-03-16",-1.5387
"1997-03-17",-1.5193
"1997-03-18",8.3208
"1997-03-19",5.0704
"1997-03-20",2.6412
"1997-03-21",9.0804
"1997-03-22",7.4609
"1997-03-23",2.5112
"1997-03-24",2.201
"1997-03-25",2.1713
"1997-03-26",10.141
"1997-03-27",5.4605
"1997-03-28",8.1805
"1997-03-29",12.5406
"1997-03-30",8.3003
"1997-03-31",2.2488
"1997-04-01",-0.5807
"1997-04-02",1.0388
"1997-04-03",4.7089
"1997-04-04",7.6685
"1997-04-05",11.3785
"1997-04-06",15.1592
"1997-04-07",10.3589
"1997-04-08",4.4488
"1997-04-09",3.5684
"1997-04-10",-1.0814
"1997-04-11",0.8392
"1997-04-12",12.5087
"1997-04-13",8.6892
"1997-04-14",3.0495
"1997-04-15",4.6085
"1997-04-16",5.0294
"1997-04-17",4.6484
"1997-04-18",-0.5511
"1997-04-19",0.8791
"1997-04-20",8.4987
"1997-04-21",8.9789
"1997-04-22",13.3892
"1997-04-23",7.0788
"1997-04-24",6.309
"1997-04-25",9.8787
"1997-04-26",8.7588
"1997-04-27",8.6892
"1997-04-28",15.5994
"1997-04-29",9.6084
"1997-04-30",8.0232
"1997-05-01",14.0632
"1997-05-02",8.2239
"1997-05-03",14.3631
"1997-05-04",8.9139
"1997-05-05",6.0433
"1997-05-06",8.6436
"1997-05-07",8.5934
"1997-05-08",8.9333
"1997-05-09",13.5431
"1997-05-10",6.4835
"1997-05-11",3.833
"1997-05-12",8.1931
"1997-05-13",13.6537
"1997-05-14",9.873
"1997-05-15",12.0936
"1997-05-16",5.7433
"1997-05-17",8.014
"1997-05-18",12.2339
"1997-05-19",15.1934
"1997-05-20",19.6139
"1997-05-21",12.4232
"1997-05-22",7.9741
"1997-05-23",9.8536
"1997-05-24",11.9932
"1997-05-25",17.6033
"1997-05-26",13.7233
"1997-05-27",10.5436
"1997-05-28",10.0931
"1997-05-29",11.0933
"1997-05-30",15.1238
"1997-05-31",16.0283
"1997-06-01",16.8984
"1997-06-02",16.919
"1997-06-03",12.4984
"1997-06-04",10.1684
"1997-06-05",8.5489
"1997-06-06",10.2585
"1997-06-07",10.5881
"1997-06-08",10.8789
"1997-06-09",12.2087
"1997-06-10",10.6588
"1997-06-11",14.6482
"1997-06-12",17.6785
"1997-06-13",19.0585
"1997-06-14",20.5286
"1997-06-15",15.8788
"1997-06-16",12.5988
"1997-06-17",16.8289
"1997-06-18",20.678
"1997-06-19",18.8783
"1997-06-20",19.9082
"1997-06-21",21.2985
"1997-06-22",20.9882
"1997-06-23",20.2891
"1997-06-24",20.8685
"1997-06-25",22.2188
"1997-06-26",22.2987
"1997-06-27",21.5585
"1997-06-28",20.0188
"1997-06-29",16.8882
"1997-06-30",17.6671
"1997-07-01",19.9572
"1997-07-02",20.0679
"1997-07-03",19.8272
"1997-07-04",19.8877
"1997-07-05",21.8071
"1997-07-06",20.7077
"1997-07-07",21.8174
"1997-07-08",21.0977
"1997-07-09",21.3771
"1997-07-10",20.9073
"1997-07-11",19.4474
"1997-07-12",18.2978
"1997-07-13",17.2269
"1997-07-14",19.0277
"1997-07-15",22.707
"1997-07-16",22.3979
"1997-07-17",20.8377
"1997-07-18",21.5973
"1997-07-19",21.238
"1997-07-20",23.7277
"1997-07-21",22.6876
"1997-07-22",22.7378
"1997-07-23",22.3169
"1997-07-24",20.597
"1997-07-25",19.0471
"1997-07-26",21.7775
"1997-07-27",22.6271
"1997-07-28",23.1575
"1997-07-29",22.8974
"1997-07-30",15.1775
"1997-07-31",12.2726
"1997-08-01",14.0518
"1997-08-02",16.7821
"1997-08-03",17.6021
"1997-08-04",21.0327
"1997-08-05",19.6219
"1997-08-06",17.5326
"1997-08-07",16.3521
"1997-08-08",13.7621
"1997-08-09",15.4124
"1997-08-10",17.4322
"1997-08-11",18.5624
"1997-08-12",20.8525
"1997-08-13",22.3819
"1997-08-14",22.5518
"1997-08-15",22.8324
"1997-08-16",22.8826
"1997-08-17",21.7923
"1997-08-18",22.1219
"1997-08-19",19.022
"1997-08-20",19.7622
"1997-08-21",20.9426
"1997-08-22",16.2518
"1997-08-23",12.5418
"1997-08-24",14.0027
"1997-08-25",14.2628
"1997-08-26",16.2028
"1997-08-27",16.1218
"1997-08-28",19.022
"1997-08-29",19.0118
"1997-08-30",16.0625
"1997-08-31",17.5668
"1997-09-01",20.2469
"1997-09-02",20.8879
"1997-09-03",19.3174
"1997-09-04",10.9074
"1997-09-05",9.0678
"1997-09-06",10.3372
"1997-09-07",13.5169
"1997-09-08",15.3177
"1997-09-09",18.8475
"1997-09-10",19.1475
"1997-09-11",19.5079
"1997-09-12",19.3277
"1997-09-13",19.9276
"1997-09-14",18.137
"1997-09-15",19.4874
"1997-09-16",16.9578
"1997-09-17",17.6375
"1997-09-18",19.9379
"1997-09-19",20.5377
"1997-09-20",19.9276
"1997-09-21",12.3376
"1997-09-22",8.9173
"1997-09-23",16.4776
"1997-09-24",12.7779
"1997-09-25",12.9774
"1997-09-26",14.6368
"1997-09-27",14.947
"1997-09-28",15.5276
"1997-09-29",14.6973
"1997-09-30",11.4013
"1997-10-01",10.8915
"1997-10-02",8.3117
"1997-10-03",7.2613
"1997-10-04",12.0422
"1997-10-05",14.2115
"1997-10-06",15.6313
"1997-10-07",15.7819
"1997-10-08",16.002
"1997-10-09",15.1923
"1997-10-10",15.3519
"1997-10-11",16.6122
"1997-10-12",14.1818
"1997-10-13",12.4323
"1997-10-14",15.0714
"1997-10-15",8.2421
"1997-10-16",7.072
"1997-10-17",7.3913
"1997-10-18",6.3021
"1997-10-19",7.9319
"1997-10-20",5.822
"1997-10-21",9.012
"1997-10-22",4.6815
"1997-10-23",0.1412
"1997-10-24",2.7415
"1997-10-25",11.9818
"1997-10-26",11.9521
"1997-10-27",9.4214
"1997-10-28",0.8415
"1997-10-29",1.812
"1997-10-30",3.9117
"1997-10-31",6.2029
"1997-11-01",12.6934
"1997-11-02",7.9125
"1997-11-03",3.4235
"1997-11-04",2.6435
"1997-11-05",-1.0266
"1997-11-06",4.8731
"1997-11-07",5.603
"1997-11-08",5.0031
"1997-11-09",5.2426
"1997-11-10",4.0531
"1997-11-11",6.9933
"1997-11-12",5.0636
"1997-11-13",4.3234
"1997-11-14",3.4327
"1997-11-15",3.963
"1997-11-16",-0.7472
"1997-11-17",-4.4869
"1997-11-18",-3.6566
"1997-11-19",-0.6469
"1997-11-20",-1.3266
"1997-11-21",2.3127
"1997-11-22",11.6533
"1997-11-23",5.6327
"1997-11-24",-1.7064
"1997-11-25",-3.4274
"1997-11-26",-1.8968
"1997-11-27",2.1131
"1997-11-28",1.4425
"1997-11-29",6.2132
"1997-11-30",7.8338
"1997-12-01",2.494
"1997-12-02",-1.0563
"1997-12-03",3.1145
"1997-12-04",9.824
"1997-12-05",-1.7759
"1997-12-06",-4.4253
"1997-12-07",-5.0058
"1997-12-08",-4.236
"1997-12-09",0.6145
"1997-12-10",0.854
"1997-12-11",2.8237
"1997-12-12",3.5843
"1997-12-13",0.984
"1997-12-14",-1.2057
"1997-12-15",-4.0159
"1997-12-16",-2.6462
"1997-12-17",0.5244
"1997-12-18",-1.4156
"1997-12-19",-0.6263
"1997-12-20",0.5039
"1997-12-21",3.8843
"1997-12-22",3.094
"1997-12-23",0.9943
"1997-12-24",5.4342
"1997-12-25",7.494
"1997-12-26",2.9639
"1997-12-27",2.4541
"1997-12-28",-2.726
"1997-12-29",-2.7157
"1997-12-30",-3.2962
"1997-12-31",-5.3913
"1998-01-01",-8.9415
"1998-01-02",-6.2621
"1998-01-03",-1.0613
"1998-01-04",7.1777
"1998-01-05",6.3682
"1998-01-06",10.6678
"1998-01-07",13.8382
"1998-01-08",13.068
"1998-01-09",5.0285
"1998-01-10",0.9777
"1998-01-11",1.4981
"1998-01-12",4.1284
"1998-01-13",7.0981
"1998-01-14",0.6886
"1998-01-15",0.3384
"1998-01-16",5.0482
"1998-01-17",4.3979
"1998-01-18",0.598
"1998-01-19",0.1584
"1998-01-20",-1.7116
"1998-01-21",-3.4822
"1998-01-22",-0.3217
"1998-01-23",6.6082
"1998-01-24",3.308
"1998-01-25",-3.012
"1998-01-26",-2.1916
"1998-01-27",0.8686
"1998-01-28",2.0087
"1998-01-29",-1.6123
"1998-01-30",0.8882
"1998-01-31",-1.5054
"1998-02-01",-2.3553
"1998-02-02",-1.3254
"1998-02-03",6.0148
"1998-02-04",1.2744
"1998-02-05",0.4246
"1998-02-06",1.5352
"1998-02-07",0.7551
"1998-02-08",-0.4951
"1998-02-09",-1.1355
"1998-02-10",-0.7951
"1998-02-11",2.2345
"1998-02-12",6.3551
"1998-02-13",4.6848
"1998-02-14",1.5254
"1998-02-15",-2.2451
"1998-02-16",-0.1449
"1998-02-17",10.9449
"1998-02-18",6.9148
"1998-02-19",3.5044
"1998-02-20",5.9144
"1998-02-21",3.6048
"1998-02-22",1.6847
"1998-02-23",5.0351
"1998-02-24",2.7549
"1998-02-25",1.6247
"1998-02-26",3.5448
"1998-02-27",6.2853
"1998-02-28",11.581
"1998-03-01",8.4204
"1998-03-02",5.8009
"1998-03-03",0.4311
"1998-03-04",0.1104
"1998-03-05",2.0403
"1998-03-06",3.8306
"1998-03-07",6.521
"1998-03-08",12.0904
"1998-03-09",6.6704
"1998-03-10",-1.1792
"1998-03-11",-4.0092
"1998-03-12",-6.1693
"1998-03-13",-5.7896
"1998-03-14",-2.1687
"1998-03-15",-0.2693
"1998-03-16",0.5413
"1998-03-17",0.4311
"1998-03-18",7.9207
"1998-03-19",12.7908
"1998-03-20",10.8107
"1998-03-21",6.0006
"1998-03-22",2.2509
"1998-03-23",3.5906
"1998-03-24",3.8906
"1998-03-25",2.4003
"1998-03-26",5.8511
"1998-03-27",11.7108
"1998-03-28",12.4712
"1998-03-29",13.5403
"1998-03-30",14.0204
"1998-03-31",15.515
"1998-04-01",16.5656
"1998-04-02",11.5558
"1998-04-03",8.2153
"1998-04-04",7.7451
"1998-04-05",6.5155
"1998-04-06",3.3757
"1998-04-07",7.876
"1998-04-08",13.105
"1998-04-09",11.7359
"1998-04-10",6.7457
"1998-04-11",3.6353
"1998-04-12",5.4256
"1998-04-13",5.5958
"1998-04-14",7.9556
"1998-04-15",9.4655
"1998-04-16",15.0557
"1998-04-17",17.4951
"1998-04-18",13.776
"1998-04-19",13.2251
"1998-04-20",11.9159
"1998-04-21",8.4651
"1998-04-22",6.6355
"1998-04-23",7.6851
"1998-04-24",6.1053
"1998-04-25",8.4455
"1998-04-26",11.0256
"1998-04-27",7.9458
"1998-04-28",5.9558
"1998-04-29",6.8559
"1998-04-30",12.1723
"1998-05-01",13.8316
"1998-05-02",13.1923
"1998-05-03",10.7714
"1998-05-04",14.0215
"1998-05-05",14.7022
"1998-05-06",13.8916
"1998-05-07",15.2521
"1998-05-08",15.3121
"1998-05-09",13.4814
"1998-05-10",13.9418
"1998-05-11",13.8316
"1998-05-12",12.0119
"1998-05-13",10.8914
"1998-05-14",9.1622
"1998-05-15",10.4922
"1998-05-16",13.8916
"1998-05-17",18.5621
"1998-05-18",18.2021
"1998-05-19",15.1223
"1998-05-20",17.0315
"1998-05-21",19.6324
"1998-05-22",16.4315
"1998-05-23",16.162
"1998-05-24",14.7917
"1998-05-25",19.6215
"1998-05-26",21.4325
"1998-05-27",21.8318
"1998-05-28",20.0415
"1998-05-29",19.4415
"1998-05-30",19.6422
"1998-05-31",19.6193
"1998-06-01",20.4092
"1998-06-02",20.719
"1998-06-03",20.6197
"1998-06-04",20.5794
"1998-06-05",21.0899
"1998-06-06",16.9791
"1998-06-07",12.2093
"1998-06-08",10.0394
"1998-06-09",15.0295
"1998-06-10",16.6093
"1998-06-11",19.3498
"1998-06-12",22.4799
"1998-06-13",19.7993
"1998-06-14",16.0289
"1998-06-15",20.2193
"1998-06-16",20.4092
"1998-06-17",19.9597
"1998-06-18",18.4596
"1998-06-19",20.9492
"1998-06-20",19.4196
"1998-06-21",19.6389
"1998-06-22",23.009
"1998-06-23",24.2396
"1998-06-24",22.2191
"1998-06-25",21.6791
"1998-06-26",22.5595
"1998-06-27",23.7497
"1998-06-28",23.2795
"1998-06-29",22.1798
"1998-06-30",23.381
"1998-07-01",21.8002
"1998-07-02",20.5106
"1998-07-03",20.8106
"1998-07-04",21.7009
"1998-07-05",22.2704
"1998-07-06",19.831
"1998-07-07",18.0603
"1998-07-08",22.0806
"1998-07-09",23.8905
"1998-07-10",23.3101
"1998-07-11",20.9001
"1998-07-12",19.2505
"1998-07-13",19.46
"1998-07-14",17.361
"1998-07-15",18.6407
"1998-07-16",20.251
"1998-07-17",19.7906
"1998-07-18",21.1303
"1998-07-19",22.1602
"1998-07-20",22.4002
"1998-07-21",23.9308
"1998-07-22",23.0701
"1998-07-23",23.5501
"1998-07-24",23.0101
"1998-07-25",23.3101
"1998-07-26",20.8008
"1998-07-27",19.6204
"1998-07-28",19.6706
"1998-07-29",21.091
"1998-07-30",23.801
"1998-07-31",20.1179
"1998-08-01",18.9374
"1998-08-02",16.8973
"1998-08-03",16.6573
"1998-08-04",15.6372
"1998-08-05",15.9874
"1998-08-06",17.5377
"1998-08-07",21.1172
"1998-08-08",21.5176
"1998-08-09",22.5475
"1998-08-10",21.7172
"1998-08-11",21.6376
"1998-08-12",21.9169
"1998-08-13",20.7179
"1998-08-14",19.2778
"1998-08-15",21.1576
"1998-08-16",22.4777
"1998-08-17",23.1377
"1998-08-18",23.1977
"1998-08-19",20.0371
"1998-08-20",16.4576
"1998-08-21",15.1277
"1998-08-22",16.3278
"1998-08-23",18.6669
"1998-08-24",19.8179
"1998-08-25",19.9771
"1998-08-26",20.1473
"1998-08-27",16.9769
"1998-08-28",20.5673
"1998-08-29",22.3478
"1998-08-30",23.1879
"1998-08-31",22.7548
"1998-09-01",21.1248
"1998-09-02",20.1146
"1998-09-03",19.1545
"1998-09-04",16.3453
"1998-09-05",19.0749
"1998-09-06",19.2953
"1998-09-07",19.7851
"1998-09-08",16.0747
"1998-09-09",10.0656
"1998-09-10",9.1153
"1998-09-11",11.7653
"1998-09-12",13.8251
"1998-09-13",16.2852
"1998-09-14",18.9549
"1998-09-15",17.8355
"1998-09-16",18.345
"1998-09-17",18.9854
"1998-09-18",21.2154
"1998-09-19",19.8048
"1998-09-20",18.3549
"1998-09-21",20.6448
"1998-09-22",21.1456
"1998-09-23",11.7555
"1998-09-24",10.0154
"1998-09-25",13.0156
"1998-09-26",15.8554
"1998-09-27",17.8454
"1998-09-28",20.2652
"1998-09-29",21.1554
"1998-09-30",19.6171
"1998-10-01",16.5864
"1998-10-02",8.9866
"1998-10-03",9.5266
"1998-10-04",16.7173
"1998-10-05",16.1674
"1998-10-06",15.7267
"1998-10-07",14.3771
"1998-10-08",12.4068
"1998-10-09",12.457
"1998-10-10",8.7171
"1998-10-11",9.1764
"1998-10-12",8.5371
"1998-10-13",10.6274
"1998-10-14",10.9165
"1998-10-15",7.697
"1998-10-16",6.2864
"1998-10-17",6.3072
"1998-10-18",7.9774
"1998-10-19",13.0374
"1998-10-20",10.167
"1998-10-21",7.8367
"1998-10-22",1.9367
"1998-10-23",-2.5233
"1998-10-24",0.9471
"1998-10-25",3.8066
"1998-10-26",7.7069
"1998-10-27",6.7773
"1998-10-28",8.4171
"1998-10-29",9.4764
"1998-10-30",7.5072
"1998-10-31",10.1921
"1998-11-01",6.7915
"1998-11-02",8.1422
"1998-11-03",6.2919
"1998-11-04",4.8616
"1998-11-05",2.3513
"1998-11-06",-0.038
"1998-11-07",-1.4879
"1998-11-08",0.7519
"1998-11-09",5.8315
"1998-11-10",10.262
"1998-11-11",9.5419
"1998-11-12",2.1919
"1998-11-13",3.6419
"1998-11-14",7.3512
"1998-11-15",8.992
"1998-11-16",5.982
"1998-11-17",8.572
"1998-11-18",2.7713
"1998-11-19",3.4618
"1998-11-20",8.7717
"1998-11-21",3.6811
"1998-11-22",-0.9686
"1998-11-23",3.9812
"1998-11-24",8.5218
"1998-11-25",4.7514
"1998-11-26",6.222
"1998-11-27",2.552
"1998-11-28",4.8518
"1998-11-29",4.4819
"1998-11-30",8.1029
"1998-12-01",9.6226
"1998-12-02",7.2126
"1998-12-03",7.7832
"1998-12-04",9.8834
"1998-12-05",9.5124
"1998-12-06",12.8029
"1998-12-07",13.5425
"1998-12-08",13.9735
"1998-12-09",4.0924
"1998-12-10",0.0525
"1998-12-11",5.3329
"1998-12-12",3.8132
"1998-12-13",6.3628
"1998-12-14",-1.597
"1998-12-15",-4.7969
"1998-12-16",2.8727
"1998-12-17",-1.2075
"1998-12-18",-3.4266
"1998-12-19",-1.1966
"1998-12-20",8.6833
"1998-12-21",9.9925
"1998-12-22",2.3731
"1998-12-23",-3.527
"1998-12-24",-3.2171
"1998-12-25",-4.5776
"1998-12-26",-4.2274
"1998-12-27",-3.4266
"1998-12-28",2.3927
"1998-12-29",4.8125
"1998-12-30",-4.3376
"1998-12-31",-3.9797
"1999-01-01",-3.1891
"1999-01-02",-3.1593
"1999-01-03",1.0106
"1999-01-04",-5.8198
"1999-01-05",-7.6798
"1999-01-06",-9.2694
"1999-01-07",-4.5291
"1999-01-08",1.841
"1999-01-09",2.811
"1999-01-10",-4.1088
"1999-01-11",-4.8589
"1999-01-12",0.5709
"1999-01-13",0.7507
"1999-01-14",8.0805
"1999-01-15",1.2202
"1999-01-16",-0.4897
"1999-01-17",1.731
"1999-01-18",5.9903
"1999-01-19",-0.0293
"1999-01-20",0.7507
"1999-01-21",8.4011
"1999-01-22",10.1809
"1999-01-23",13.9008
"1999-01-24",6.1312
"1999-01-25",3.4409
"1999-01-26",0.4907
"1999-01-27",2.1605
"1999-01-28",6.6008
"1999-01-29",7.9407
"1999-01-30",3.2703
"1999-01-31",-1.73
"1999-02-01",-1.5502
"1999-02-02",8.7596
"1999-02-03",4.7603
"1999-02-04",4.9298
"1999-02-05",-0.7806
"1999-02-06",0.8297
"1999-02-07",6.8298
"1999-02-08",5.01
"1999-02-09",1.6898
"1999-02-10",8.0598
"1999-02-11",5.0798
"1999-02-12",6.3099
"1999-02-13",-3.6999
"1999-02-14",-6.31
"1999-02-15",-3.7205
"1999-02-16",-1.1997
"1999-02-17",4.5392
"1999-02-18",8.1103
"1999-02-19",3.2096
"1999-02-20",0.9202
"1999-02-21",-0.9398
"1999-02-22",-4.4707
"1999-02-23",-5.3296
"1999-02-24",-4.2004
"1999-02-25",-4.7902
"1999-02-26",-2.1607
"1999-02-27",-0.0098
"1999-02-28",8.2889
"1999-03-01",3.4593
"1999-03-02",1.5386
"1999-03-03",3.6391
"1999-03-04",-1.8606
"1999-03-05",-1.1906
"1999-03-06",3.3688
"1999-03-07",-1.8308
"1999-03-08",-5.3113
"1999-03-09",-3.6106
"1999-03-10",-1.2708
"1999-03-11",-2.2511
"1999-03-12",-2.7608
"1999-03-13",-1.7014
"1999-03-14",3.8887
"1999-03-15",0.8789
"1999-03-16",-0.6913
"1999-03-17",3.859
"1999-03-18",6.0384
"1999-03-19",2.8293
"1999-03-20",2.929
"1999-03-21",8.4286
"1999-03-22",4.1487
"1999-03-23",2.2189
"1999-03-24",10.0984
"1999-03-25",6.5194
"1999-03-26",3.1684
"1999-03-27",2.5991
"1999-03-28",1.0084
"1999-03-29",4.8989
"1999-03-30",5.0993
"1999-03-31",5.7143
"1999-04-01",13.7943
"1999-04-02",13.674
"1999-04-03",15.0839
"1999-04-04",16.7239
"1999-04-05",10.2244
"1999-04-06",7.6842
"1999-04-07",13.1735
"1999-04-08",17.8543
"1999-04-09",19.0534
"1999-04-10",15.1835
"1999-04-11",13.4335
"1999-04-12",7.9934
"1999-04-13",3.2542
"1999-04-14",4.8336
"1999-04-15",11.6744
"1999-04-16",8.8134
"1999-04-17",5.1233
"1999-04-18",5.3135
"1999-04-19",8.3336
"1999-04-20",8.8741
"1999-04-21",10.3836
"1999-04-22",14.0336
"1999-04-23",15.5843
"1999-04-24",11.9744
"1999-04-25",10.7742
"1999-04-26",9.094
"1999-04-27",15.164
"1999-04-28",7.6739
"1999-04-29",5.2241
"1999-04-30",3.7696
"1999-05-01",4.9802
"1999-05-02",5.8403
"1999-05-03",5.6605
"1999-05-04",10.3
"1999-05-05",12.9296
"1999-05-06",16.52
"1999-05-07",17.3298
"1999-05-08",16.5601
"1999-05-09",13.5801
"1999-05-10",14.8296
"1999-05-11",13.4805
"1999-05-12",14.2501
"1999-05-13",16.4101
"1999-05-14",12.0202
"1999-05-15",10.3401
"1999-05-16",10.5005
"1999-05-17",9.9805
"1999-05-18",12.5299
"1999-05-19",16.6598
"1999-05-20",14.2501
"1999-05-21",13.5206
"1999-05-22",15.1102
"1999-05-23",18.8301
"1999-05-24",15.7401
"1999-05-25",11.5404
"1999-05-26",15.4904
"1999-05-27",15.2396
"1999-05-28",13.7404
"1999-05-29",14.1699
"1999-05-30",15.4698
"1999-05-31",15.6141
"1999-06-01",15.684
"1999-06-02",17.174
"1999-06-03",19.0546
"1999-06-04",19.5539
"1999-06-05",18.3445
"1999-06-06",16.2246
"1999-06-07",17.844
"1999-06-08",18.2746
"1999-06-09",20.3739
"1999-06-10",20.6041
"1999-06-11",19.9742
"1999-06-12",15.8638
"1999-06-13",16.3242
"1999-06-14",20.5445
"1999-06-15",19.594
"1999-06-16",18.2345
"1999-06-17",17.4042
"1999-06-18",14.7838
"1999-06-19",13.1941
"1999-06-20",15.6439
"1999-06-21",15.9543
"1999-06-22",16.8144
"1999-06-23",16.1043
"1999-06-24",16.2349
"1999-06-25",20.5148
"1999-06-26",21.5948
"1999-06-27",22.5339
"1999-06-28",21.6246
"1999-06-29",21.8548
"1999-06-30",21.6887
"1999-07-01",21.3176
"1999-07-02",20.2479
"1999-07-03",21.4482
"1999-07-04",21.8284
"1999-07-05",23.5085
"1999-07-06",23.8178
"1999-07-07",21.5077
"1999-07-08",19.2481
"1999-07-09",21.888
"1999-07-10",23.6483
"1999-07-11",15.7584
"1999-07-12",15.708
"1999-07-13",16.1478
"1999-07-14",17.2977
"1999-07-15",19.1886
"1999-07-16",20.8183
"1999-07-17",22.1377
"1999-07-18",21.9784
"1999-07-19",21.7586
"1999-07-20",21.3383
"1999-07-21",23.1879
"1999-07-22",24.3183
"1999-07-23",25.0982
"1999-07-24",25.1177
"1999-07-25",24.2186
"1999-07-26",21.5077
"1999-07-27",21.1985
"1999-07-28",23.3986
"1999-07-29",24.2186
"1999-07-30",21.9681
"1999-07-31",22.9027
"1999-08-01",24.3732
"1999-08-02",21.6234
"1999-08-03",17.9528
"1999-08-04",17.8028
"1999-08-05",18.3926
"1999-08-06",20.4827
"1999-08-07",21.1229
"1999-08-08",22.4434
"1999-08-09",21.7528
"1999-08-10",20.2331
"1999-08-11",19.7131
"1999-08-12",21.8124
"1999-08-13",24.0926
"1999-08-14",23.4135
"1999-08-15",21.573
"1999-08-16",21.2432
"1999-08-17",21.163
"1999-08-18",22.0426
"1999-08-19",22.4526
"1999-08-20",19.823
"1999-08-21",21.8926
"1999-08-22",21.0531
"1999-08-23",20.8034
"1999-08-24",18.5128
"1999-08-25",20.3831
"1999-08-26",21.2627
"1999-08-27",21.5925
"1999-08-28",21.8433
"1999-08-29",19.8826
"1999-08-30",14.4734
"1999-08-31",13.1266
"1999-09-01",13.7874
"1999-09-02",14.6865
"1999-09-03",16.5372
"1999-09-04",18.5964
"1999-09-05",17.647
"1999-09-06",19.247
"1999-09-07",20.4965
"1999-09-08",20.7564
"1999-09-09",19.5665
"1999-09-10",18.4968
"1999-09-11",14.5868
"1999-09-12",15.0575
"1999-09-13",13.5767
"1999-09-14",16.8373
"1999-09-15",16.8865
"1999-09-16",12.9674
"1999-09-17",9.6873
"1999-09-18",12.1668
"1999-09-19",12.9972
"1999-09-20",15.5969
"1999-09-21",13.9569
"1999-09-22",9.6369
"1999-09-23",8.1366
"1999-09-24",8.9772
"1999-09-25",14.3268
"1999-09-26",17.3572
"1999-09-27",18.6274
"1999-09-28",17.9471
"1999-09-29",17.387
"1999-09-30",11.8565
"1999-10-01",9.6564
"1999-10-02",10.426
"1999-10-03",15.5763
"1999-10-04",15.9864
"1999-10-05",10.9654
"1999-10-06",8.3359
"1999-10-07",9.2658
"1999-10-08",7.6762
"1999-10-09",13.7759
"1999-10-10",16.6964
"1999-10-11",13.3556
"1999-10-12",14.2455
"1999-10-13",13.2354
"1999-10-14",8.7264
"1999-10-15",6.4954
"1999-10-16",8.2958
"1999-10-17",11.3354
"1999-10-18",10.2164
"1999-10-19",9.1662
"1999-10-20",10.8956
"1999-10-21",8.2362
"1999-10-22",6.4759
"1999-10-23",3.1363
"1999-10-24",0.6865
"1999-10-25",0.6155
"1999-10-26",2.2853
"1999-10-27",4.2758
"1999-10-28",3.6265
"1999-10-29",4.7156
"1999-10-30",8.936
"1999-10-31",12.0683
"1999-11-01",13.0682
"1999-11-02",8.6474
"1999-11-03",0.3475
"1999-11-04",-1.312
"1999-11-05",1.1378
"1999-11-06",2.3575
"1999-11-07",7.0577
"1999-11-08",5.4979
"1999-11-09",9.6976
"1999-11-10",11.5576
"1999-11-11",9.5075
"1999-11-12",8.2076
"1999-11-13",5.2779
"1999-11-14",7.0577
"1999-11-15",2.6679
"1999-11-16",-1.5124
"1999-11-17",-3.8717
"1999-11-18",-1.9923
"1999-11-19",3.0481
"1999-11-20",9.5075
"1999-11-21",9.4078
"1999-11-22",12.7383
"1999-11-23",10.0675
"1999-11-24",10.4375
"1999-11-25",11.2781
"1999-11-26",11.9676
"1999-11-27",5.8678
"1999-11-28",3.3482
"1999-11-29",1.4481
"1999-11-30",-3.9186
"1999-12-01",-6.9685
"1999-12-02",-5.5587
"1999-12-03",-3.1387
"1999-12-04",1.7711
"1999-12-05",3.7513
"1999-12-06",5.8918
"1999-12-07",-1.998
"1999-12-08",-1.1883
"1999-12-09",1.7814
"1999-12-10",6.3912
"1999-12-11",0.3212
"1999-12-12",1.0817
"1999-12-13",8.2317
"1999-12-14",6.4313
"1999-12-15",2.7709
"1999-12-16",-0.2286
"1999-12-17",-2.0782
"1999-12-18",0.1815
"1999-12-19",3.6219
"1999-12-20",6.571
"1999-12-21",5.4818
"1999-12-22",4.1613
"1999-12-23",1.4218
"1999-12-24",-2.7184
"1999-12-25",-7.1484
"1999-12-26",-7.4782
"1999-12-27",-5.9481
"1999-12-28",-3.8282
"1999-12-29",-3.6885
"1999-12-30",-2.6589
"1999-12-31",4.9046
"2000-01-01",4.6848
"2000-01-02",9.5844
"2000-01-03",12.2746
"2000-01-04",11.1651
"2000-01-05",-1.3052
"2000-01-06",-3.0752
"2000-01-07",3.1147
"2000-01-08",0.3043
"2000-01-09",2.5445
"2000-01-10",8.1749
"2000-01-11",3.3349
"2000-01-12",1.8244
"2000-01-13",3.3647
"2000-01-14",-3.7454
"2000-01-15",-4.9155
"2000-01-16",-1.3552
"2000-01-17",-2.7455
"2000-01-18",-6.7558
"2000-01-19",-6.3048
"2000-01-20",-4.3358
"2000-01-21",-7.1451
"2000-01-22",-6.8951
"2000-01-23",-4.2752
"2000-01-24",-3.3348
"2000-01-25",-6.4048
"2000-01-26",-8.0355
"2000-01-27",-12.3958
"2000-01-28",-11.4757
"2000-01-29",-8.0557
"2000-01-30",-3.8656
"2000-01-31",-6.5782
"2000-02-01",-6.3984
"2000-02-02",-6.3878
"2000-02-03",-5.458
"2000-02-04",-3.4082
"2000-02-05",-4.4283
"2000-02-06",-3.4082
"2000-02-07",-2.5785
"2000-02-08",-1.5286
"2000-02-09",-2.1477
"2000-02-10",-0.0776
"2000-02-11",3.2115
"2000-02-12",-0.768
"2000-02-13",-1.6179
"2000-02-14",9.7216
"2000-02-15",1.2021
"2000-02-16",0.7223
"2000-02-17",1.9925
"2000-02-18",0.5915
"2000-02-19",10.3918
"2000-02-20",-0.3978
"2000-02-21",-2.2179
"2000-02-22",-1.9179
"2000-02-23",3.2019
"2000-02-24",7.2122
"2000-02-25",10.662
"2000-02-26",10.0525
"2000-02-27",9.0015
"2000-02-28",6.7825
"2000-02-29",1.4053
"2000-03-01",2.8253
"2000-03-02",5.0454
"2000-03-03",-1.1445
"2000-03-04",5.2752
"2000-03-05",1.2053
"2000-03-06",4.0455
"2000-03-07",5.7049
"2000-03-08",7.8154
"2000-03-09",9.5855
"2000-03-10",11.1853
"2000-03-11",14.7457
"2000-03-12",1.2255
"2000-03-13",-2.3253
"2000-03-14",-0.735
"2000-03-15",4.2157
"2000-03-16",8.4951
"2000-03-17",5.3347
"2000-03-18",-2.8646
"2000-03-19",1.8148
"2000-03-20",8.9451
"2000-03-21",7.4048
"2000-03-22",6.1655
"2000-03-23",6.3953
"2000-03-24",3.9848
"2000-03-25",6.5155
"2000-03-26",11.4757
"2000-03-27",7.9547
"2000-03-28",7.625
"2000-03-29",2.3956
"2000-03-30",8.6653
"2000-03-31",8.4802
"2000-04-01",5.6996
"2000-04-02",9.3397
"2000-04-03",15.7701
"2000-04-04",5.2901
"2000-04-05",2.1797
"2000-04-06",3.8604
"2000-04-07",9.3504
"2000-04-08",4.4901
"2000-04-09",1.1702
"2000-04-10",2.6998
"2000-04-11",10.2205
"2000-04-12",13.5596
"2000-04-13",5.0698
"2000-04-14",6.44
"2000-04-15",11.9895
"2000-04-16",13.5905
"2000-04-17",14.8202
"2000-04-18",9.1195
"2000-04-19",7.7505
"2000-04-20",9.1695
"2000-04-21",12.9501
"2000-04-22",8.4302
"2000-04-23",6.8399
"2000-04-24",10.2099
"2000-04-25",7.9803
"2000-04-26",5.89
"2000-04-27",7.1899
"2000-04-28",10.2397
"2000-04-29",8.8504
"2000-04-30",8.8334
"2000-05-01",10.0833
"2000-05-02",12.6533
"2000-05-03",14.8234
"2000-05-04",11.413
"2000-05-05",12.3735
"2000-05-06",13.483
"2000-05-07",14.6436
"2000-05-08",14.333
"2000-05-09",14.6532
"2000-05-10",15.9328
"2000-05-11",11.6236
"2000-05-12",14.2734
"2000-05-13",18.3933
"2000-05-14",16.4934
"2000-05-15",11.4832
"2000-05-16",8.1632
"2000-05-17",12.2534
"2000-05-18",17.4434
"2000-05-19",16.103
"2000-05-20",17.3934
"2000-05-21",19.9836
"2000-05-22",17.9529
"2000-05-23",16.0328
"2000-05-24",18.3231
"2000-05-25",19.0028
"2000-05-26",16.5232
"2000-05-27",17.4029
"2000-05-28",21.2133
"2000-05-29",10.2237
"2000-05-30",8.7834
"2000-05-31",10.9152
"2000-06-01",15.0648
"2000-06-02",19.3251
"2000-06-03",20.1049
"2000-06-04",19.3049
"2000-06-05",20.3953
"2000-06-06",14.0755
"2000-06-07",9.7557
"2000-06-08",12.2055
"2000-06-09",15.1255
"2000-06-10",15.7148
"2000-06-11",16.2754
"2000-06-12",18.2252
"2000-06-13",20.6548
"2000-06-14",22.4153
"2000-06-15",21.9249
"2000-06-16",22.0951
"2000-06-17",22.1653
"2000-06-18",22.7451
"2000-06-19",22.1356
"2000-06-20",21.5047
"2000-06-21",19.7347
"2000-06-22",23.0855
"2000-06-23",22.0557
"2000-06-24",22.2249
"2000-06-25",20.1655
"2000-06-26",21.9749
"2000-06-27",21.6547
"2000-06-28",21.8356
"2000-06-29",22.5547
"2000-06-30",18.6252
"2000-07-01",17.605
"2000-07-02",18.2454
"2000-07-03",20.1559
"2000-07-04",18.7358
"2000-07-05",22.3057
"2000-07-06",22.9855
"2000-07-07",21.6154
"2000-07-08",19.5953
"2000-07-09",20.3452
"2000-07-10",21.5856
"2000-07-11",21.9355
"2000-07-12",20.675
"2000-07-13",19.2656
"2000-07-14",18.1752
"2000-07-15",21.3058
"2000-07-16",19.9953
"2000-07-17",19.5857
"2000-07-18",21.375
"2000-07-19",21.2654
"2000-07-20",21.3356
"2000-07-21",19.206
"2000-07-22",21.4654
"2000-07-23",20.3452
"2000-07-24",18.155
"2000-07-25",17.1157
"2000-07-26",15.2552
"2000-07-27",20.2059
"2000-07-28",21.9951
"2000-07-29",21.3952
"2000-07-30",21.2452
"2000-07-31",20.0229
"2000-08-01",21.1133
"2000-08-02",21.2026
"2000-08-03",21.0835
"2000-08-04",20.2527
"2000-08-05",19.7134
"2000-08-06",20.7431
"2000-08-07",22.443
"2000-08-08",21.8026
"2000-08-09",21.3026
"2000-08-10",22.1228
"2000-08-11",22.7334
"2000-08-12",19.623
"2000-08-13",18.0933
"2000-08-14",17.0828
"2000-08-15",18.3529
"2000-08-16",17.7933
"2000-08-17",19.773
"2000-08-18",19.123
"2000-08-19",19.8027
"2000-08-20",16.9732
"2000-08-21",13.9628
"2000-08-22",14.9627
"2000-08-23",16.653
"2000-08-24",19.1528
"2000-08-25",19.823
"2000-08-26",18.2731
"2000-08-27",17.6029
"2000-08-28",19.4528
"2000-08-29",18.0327
"2000-08-30",15.3233
"2000-08-31",15.1148
"2000-09-01",21.2346
"2000-09-02",22.0451
"2000-09-03",21.5154
"2000-09-04",21.2048
"2000-09-05",15.185
"2000-09-06",14.4649
"2000-09-07",15.1744
"2000-09-08",15.635
"2000-09-09",18.1944
"2000-09-10",19.8644
"2000-09-11",19.7049
"2000-09-12",19.1049
"2000-09-13",20.4846
"2000-09-14",22.7451
"2000-09-15",13.6947
"2000-09-16",9.795
"2000-09-17",8.6951
"2000-09-18",12.0449
"2000-09-19",7.4846
"2000-09-20",17.1753
"2000-09-21",20.6346
"2000-09-22",19.4645
"2000-09-23",18.6145
"2000-09-24",18.1146
"2000-09-25",20.1346
"2000-09-26",12.9745
"2000-09-27",11.1545
"2000-09-28",11.5747
"2000-09-29",9.0451
"2000-09-30",9.1908
"2000-10-01",11.0215
"2000-10-02",11.9714
"2000-10-03",12.531
"2000-10-04",14.1309
"2000-10-05",15.5009
"2000-10-06",17.571
"2000-10-07",11.4715
"2000-10-08",1.051
"2000-10-09",-1.769
"2000-10-10",-1.8285
"2000-10-11",1.2414
"2000-10-12",4.0508
"2000-10-13",6.0709
"2000-10-14",7.0708
"2000-10-15",8.3207
"2000-10-16",10.5811
"2000-10-17",9.4206
"2000-10-18",13.0916
"2000-10-19",8.7515
"2000-10-20",8.8111
"2000-10-21",9.5514
"2000-10-22",11.4215
"2000-10-23",7.341
"2000-10-24",5.0816
"2000-10-25",10.0407
"2000-10-26",7.2314
"2000-10-27",7.9813
"2000-10-28",11.4215
"2000-10-29",3.421
"2000-10-30",-0.1085
"2000-10-31",0.5575
"2000-11-01",3.4072
"2000-11-02",4.7369
"2000-11-03",6.557
"2000-11-04",11.097
"2000-11-05",6.9474
"2000-11-06",4.1274
"2000-11-07",9.0579
"2000-11-08",13.4575
"2000-11-09",15.3169
"2000-11-10",6.4676
"2000-11-11",0.367
"2000-11-12",1.6574
"2000-11-13",2.1073
"2000-11-14",3.8572
"2000-11-15",-2.3923
"2000-11-16",-1.0924
"2000-11-17",2.5977
"2000-11-18",-3.5029
"2000-11-19",-0.9829
"2000-11-20",-4.5422
"2000-11-21",-6.2229
"2000-11-22",-7.5526
"2000-11-23",-3.8326
"2000-11-24",-2.3923
"2000-11-25",1.2574
"2000-11-26",6.3878
"2000-11-27",1.8978
"2000-11-28",-0.6127
"2000-11-29",1.7169
"2000-11-30",2.0828
"2000-12-01",-0.6169
"2000-12-02",-0.3372
"2000-12-03",-5.5367
"2000-12-04",-12.1171
"2000-12-05",-6.5165
"2000-12-06",-5.0272
"2000-12-07",-0.6765
"2000-12-08",-0.6169
"2000-12-09",-0.8871
"2000-12-10",1.2531
"2000-12-11",3.1732
"2000-12-12",0.2734
"2000-12-13",-3.5667
"2000-12-14",2.6828
"2000-12-15",1.5031
"2000-12-16",4.4529
"2000-12-17",-2.2168
"2000-12-18",-3.5869
"2000-12-19",-0.9371
"2000-12-20",-6.7665
"2000-12-21",-6.3569
"2000-12-22",-6.3665
"2000-12-23",-8.4865
"2000-12-24",-8.1972
"2000-12-25",-8.2568
"2000-12-26",-10.097
"2000-12-27",-3.7571
"2000-12-28",-5.607
"2000-12-29",-8.7163
"2000-12-30",-6.4463
"2000-12-31",-6.8164
"2001-01-01",-6.9758
"2001-01-02",-5.7958
"2001-01-03",-8.1964
"2001-01-04",-8.3667
"2001-01-05",-5.0969
"2001-01-06",-3.6561
"2001-01-07",-3.2562
"2001-01-08",-0.3862
"2001-01-09",-5.5964
"2001-01-10",-5.8966
"2001-01-11",-3.2365
"2001-01-12",1.3339
"2001-01-13",-2.5166
"2001-01-14",4.1541
"2001-01-15",7.7532
"2001-01-16",3.9536
"2001-01-17",0.8135
"2001-01-18",4.9238
"2001-01-19",7.854
"2001-01-20",2.0433
"2001-01-21",-4.2066
"2001-01-22",-3.9667
"2001-01-23",-5.2962
"2001-01-24",-3.1565
"2001-01-25",-4.2368
"2001-01-26",-6.0357
"2001-01-27",-0.7965
"2001-01-28",-3.5158
"2001-01-29",3.1538
"2001-01-30",7.264
"2001-01-31",5.9983
"2001-02-01",1.3583
"2001-02-02",-0.2019
"2001-02-03",-5.8213
"2001-02-04",-1.5708
"2001-02-05",-0.4615
"2001-02-06",-0.341
"2001-02-07",-0.3514
"2001-02-08",2.0387
"2001-02-09",6.2788
"2001-02-10",5.6482
"2001-02-11",-2.461
"2001-02-12",-2.6117
"2001-02-13",0.4182
"2001-02-14",7.2084
"2001-02-15",13.2092
"2001-02-16",13.6183
"2001-02-17",0.759
"2001-02-18",-4.3411
"2001-02-19",-3.8809
"2001-02-20",2.0491
"2001-02-21",6.4283
"2001-02-22",-2.5815
"2001-02-23",-4.6309
"2001-02-24",0.2085
"2001-02-25",8.939
"2001-02-26",6.3784
"2001-02-27",2.0387
"2001-02-28",5.7467
"2001-03-01",1.9668
"2001-03-02",5.457
"2001-03-03",9.3168
"2001-03-04",8.5066
"2001-03-05",2.8072
"2001-03-06",-3.0035
"2001-03-07",-2.5028
"2001-03-08",-2.4135
"2001-03-09",2.2473
"2001-03-10",-3.1727
"2001-03-11",-0.7629
"2001-03-12",7.2072
"2001-03-13",10.7773
"2001-03-14",4.8473
"2001-03-15",5.1672
"2001-03-16",3.2372
"2001-03-17",6.6566
"2001-03-18",2.0665
"2001-03-19",-1.383
"2001-03-20",1.9471
"2001-03-21",6.6764
"2001-03-22",5.0965
"2001-03-23",2.0271
"2001-03-24",4.6966
"2001-03-25",5.0767
"2001-03-26",-0.6829
"2001-03-27",-2.7832
"2001-03-28",-1.8629
"2001-03-29",4.117
"2001-03-30",11.2074
"2001-03-31",11.0625
"2001-04-01",4.4427
"2001-04-02",0.0021
"2001-04-03",5.6923
"2001-04-04",7.082
"2001-04-05",4.8728
"2001-04-06",10.8527
"2001-04-07",14.0124
"2001-04-08",16.2519
"2001-04-09",16.0826
"2001-04-10",16.8221
"2001-04-11",15.4521
"2001-04-12",15.6225
"2001-04-13",16.1719
"2001-04-14",13.1129
"2001-04-15",12.2726
"2001-04-16",11.0729
"2001-04-17",0.5423
"2001-04-18",-1.7574
"2001-04-19",0.3823
"2001-04-20",4.3929
"2001-04-21",9.6518
"2001-04-22",13.0724
"2001-04-23",13.2428
"2001-04-24",14.7821
"2001-04-25",4.7823
"2001-04-26",2.0723
"2001-04-27",6.1629
"2001-04-28",10.0726
"2001-04-29",8.0325
"2001-04-30",7.8505
"2001-05-01",9.26
"2001-05-02",10.9697
"2001-05-03",11.1204
"2001-05-04",10.0506
"2001-05-05",11.9898
"2001-05-06",11.9898
"2001-05-07",9.3504
"2001-05-08",10.8202
"2001-05-09",14.4297
"2001-05-10",13.5708
"2001-05-11",16.6703
"2001-05-12",15.5703
"2001-05-13",11.78
"2001-05-14",8.6005
"2001-05-15",10.8701
"2001-05-16",11.7707
"2001-05-17",12.0408
"2001-05-18",13.0399
"2001-05-19",16.9207
"2001-05-20",19.1508
"2001-05-21",18.3499
"2001-05-22",19.6504
"2001-05-23",12.8406
"2001-05-24",13.1303
"2001-05-25",13.2103
"2001-05-26",16.3098
"2001-05-27",12.1404
"2001-05-28",14.7902
"2001-05-29",17.2904
"2001-05-30",14.7508
"2001-05-31",15.743
"2001-06-01",17.8236
"2001-06-02",17.783
"2001-06-03",14.9432
"2001-06-04",17.7634
"2001-06-05",20.5835
"2001-06-06",21.6128
"2001-06-07",21.0831
"2001-06-08",19.9738
"2001-06-09",18.9433
"2001-06-10",18.9132
"2001-06-11",18.7428
"2001-06-12",18.8529
"2001-06-13",20.1836
"2001-06-14",18.3835
"2001-06-15",19.6029
"2001-06-16",20.7933
"2001-06-17",19.1137
"2001-06-18",18.8831
"2001-06-19",17.6637
"2001-06-20",18.8135
"2001-06-21",20.0236
"2001-06-22",21.0831
"2001-06-23",20.3238
"2001-06-24",19.2633
"2001-06-25",18.5029
"2001-06-26",19.2238
"2001-06-27",21.1028
"2001-06-28",21.4633
"2001-06-29",22.5934
"2001-06-30",21.9571
"2001-07-01",21.9373
"2001-07-02",19.8672
"2001-07-03",17.3078
"2001-07-04",20.507
"2001-07-05",21.4969
"2001-07-06",21.5769
"2001-07-07",19.167
"2001-07-08",19.2378
"2001-07-09",22.1367
"2001-07-10",23.5671
"2001-07-11",23.5578
"2001-07-12",21.0877
"2001-07-13",18.8367
"2001-07-14",16.2774
"2001-07-15",17.1467
"2001-07-16",18.2676
"2001-07-17",19.7768
"2001-07-18",20.507
"2001-07-19",21.4575
"2001-07-20",19.327
"2001-07-21",18.0172
"2001-07-22",15.2573
"2001-07-23",18.8877
"2001-07-24",20.5673
"2001-07-25",21.2975
"2001-07-26",21.5977
"2001-07-27",15.1275
"2001-07-28",13.8467
"2001-07-29",18.5573
"2001-07-30",19.1578
"2001-07-31",16.4721
"2001-08-01",18.2421
"2001-08-02",17.8526
"2001-08-03",18.0126
"2001-08-04",18.8321
"2001-08-05",20.3517
"2001-08-06",20.0619
"2001-08-07",21.2326
"2001-08-08",22.9922
"2001-08-09",20.9022
"2001-08-10",23.6215
"2001-08-11",22.1425
"2001-08-12",21.6221
"2001-08-13",21.2616
"2001-08-14",20.5916
"2001-08-15",18.2027
"2001-08-16",19.5426
"2001-08-17",20.6125
"2001-08-18",22.0023
"2001-08-19",20.6426
"2001-08-20",20.9324
"2001-08-21",20.0619
"2001-08-22",18.6918
"2001-08-23",17.1525
"2001-08-24",18.0821
"2001-08-25",16.0919
"2001-08-26",16.2321
"2001-08-27",19.1219
"2001-08-28",21.1121
"2001-08-29",22.1321
"2001-08-30",21.0425
"2001-08-31",20.9695
"2001-09-01",19.5298
"2001-09-02",17.8097
"2001-09-03",16.2588
"2001-09-04",17.0992
"2001-09-05",18.9294
"2001-09-06",17.5791
"2001-09-07",15.539
"2001-09-08",15.6595
"2001-09-09",17.2893
"2001-09-10",19.269
"2001-09-11",17.659
"2001-09-12",15.3199
"2001-09-13",14.3289
"2001-09-14",12.909
"2001-09-15",8.779
"2001-09-16",5.9391
"2001-09-17",9.449
"2001-09-18",12.2992
"2001-09-19",13.1095
"2001-09-20",16.1997
"2001-09-21",17.5489
"2001-09-22",16.559
"2001-09-23",19.7791
"2001-09-24",16.6888
"2001-09-25",11.2989
"2001-09-26",8.4289
"2001-09-27",8.8091
"2001-09-28",8.6387
"2001-09-29",8.3188
"2001-09-30",7.4784
"2001-10-01",5.268
"2001-10-02",7.4182
"2001-10-03",11.0984
"2001-10-04",11.1679
"2001-10-05",11.8878
"2001-10-06",8.6874
"2001-10-07",4.4578
"2001-10-08",1.8185
"2001-10-09",0.2177
"2001-10-10",5.778
"2001-10-11",10.4678
"2001-10-12",11.5482
"2001-10-13",15.3675
"2001-10-14",13.3378
"2001-10-15",10.8179
"2001-10-16",7.8876
"2001-10-17",1.1578
"2001-10-18",0.0578
"2001-10-19",3.6174
"2001-10-20",11.7776
"2001-10-21",13.9777
"2001-10-22",14.1179
"2001-10-23",12.7374
"2001-10-24",15.4277
"2001-10-25",8.6677
"2001-10-26",1.808
"2001-10-27",-3.1321
"2001-10-28",-3.5019
"2001-10-29",-3.0522
"2001-10-30",0.4681
"2001-10-31",3.2152
"2001-11-01",9.6449
"2001-11-02",13.0747
"2001-11-03",14.0449
"2001-11-04",8.1844
"2001-11-05",3.4146
"2001-11-06",-1.6148
"2001-11-07",0.4855
"2001-11-08",3.935
"2001-11-09",6.3147
"2001-11-10",2.7655
"2001-11-11",3.7044
"2001-11-12",-0.3746
"2001-11-13",-2.8853
"2001-11-14",3.7148
"2001-11-15",5.0049
"2001-11-16",5.4848
"2001-11-17",6.135
"2001-11-18",2.7655
"2001-11-19",6.9847
"2001-11-20",4.3952
"2001-11-21",-1.2555
"2001-11-22",-0.7455
"2001-11-23",5.2947
"2001-11-24",10.4354
"2001-11-25",14.9246
"2001-11-26",14.3752
"2001-11-27",14.3254
"2001-11-28",12.9449
"2001-11-29",11.955
"2001-11-30",12.9681
"2001-12-01",11.0474
"2001-12-02",7.0183
"2001-12-03",1.2574
"2001-12-04",3.5374
"2001-12-05",6.8676
"2001-12-06",7.2779
"2001-12-07",10.7681
"2001-12-08",11.6374
"2001-12-09",5.8673
"2001-12-10",3.1874
"2001-12-11",5.5578
"2001-12-12",7.3382
"2001-12-13",10.5675
"2001-12-14",13.5082
"2001-12-15",4.088
"2001-12-16",0.1876
"2001-12-17",4.4276
"2001-12-18",4.8577
"2001-12-19",2.2682
"2001-12-20",-1.7516
"2001-12-21",-4.2727
"2001-12-22",-4.0119
"2001-12-23",-1.9927
"2001-12-24",-0.2622
"2001-12-25",-4.3921
"2001-12-26",-2.4019
"2001-12-27",-7.1323
"2001-12-28",-5.5825
"2001-12-29",-2.6917
"2001-12-30",-5.542
"2001-12-31",-1.8258
"2002-01-01",-5.0664
"2002-01-02",-6.8565
"2002-01-03",-4.8557
"2002-01-04",-9.9958
"2002-01-05",-10.666
"2002-01-06",-4.9659
"2002-01-07",-2.2567
"2002-01-08",-4.6057
"2002-01-09",-4.2564
"2002-01-10",-0.2658
"2002-01-11",3.3942
"2002-01-12",0.3543
"2002-01-13",1.6336
"2002-01-14",-0.3662
"2002-01-15",1.5342
"2002-01-16",-3.0263
"2002-01-17",-0.1566
"2002-01-18",4.5938
"2002-01-19",2.3343
"2002-01-20",-0.0966
"2002-01-21",0.2135
"2002-01-22",-0.0267
"2002-01-23",4.0742
"2002-01-24",11.0733
"2002-01-25",3.3036
"2002-01-26",1.4633
"2002-01-27",2.8637
"2002-01-28",10.9543
"2002-01-29",7.3434
"2002-01-30",12.1539
"2002-01-31",13.5413
"2002-02-01",12.2008
"2002-02-02",-0.9196
"2002-02-03",-2.5995
"2002-02-04",-5.4495
"2002-02-05",-8.4294
"2002-02-06",-3.9192
"2002-02-07",-2.3986
"2002-02-08",-2.0788
"2002-02-09",2.1313
"2002-02-10",4.5414
"2002-02-11",1.0409
"2002-02-12",-1.9795
"2002-02-13",-0.7788
"2002-02-14",-2.8287
"2002-02-15",-1.9194
"2002-02-16",5.4212
"2002-02-17",-1.2296
"2002-02-18",-5.229
"2002-02-19",-3.0295
"2002-02-20",4.3908
"2002-02-21",9.1707
"2002-02-22",4.4607
"2002-02-23",2.3911
"2002-02-24",-2.8986
"2002-02-25",-0.3389
"2002-02-26",3.3211
"2002-02-27",-6.0695
"2002-02-28",-9.0833
"2002-03-01",-6.1732
"2002-03-02",-0.9032
"2002-03-03",11.1573
"2002-03-04",-4.9932
"2002-03-05",-6.2234
"2002-03-06",-2.653
"2002-03-07",2.4468
"2002-03-08",6.5673
"2002-03-09",10.7665
"2002-03-10",1.9174
"2002-03-11",-1.9827
"2002-03-12",7.3173
"2002-03-13",12.3668
"2002-03-14",11.5972
"2002-03-15",12.5971
"2002-03-16",13.0872
"2002-03-17",8.7668
"2002-03-18",7.9864
"2002-03-19",8.5671
"2002-03-20",9.2667
"2002-03-21",8.077
"2002-03-22",-0.4829
"2002-03-23",-2.4532
"2002-03-24",0.2266
"2002-03-25",7.147
"2002-03-26",16.0267
"2002-03-27",7.6469
"2002-03-28",3.797
"2002-03-29",5.9867
"2002-03-30",14.3272
"2002-03-31",16.8628
"2002-04-01",11.9923
"2002-04-02",8.6129
"2002-04-03",15.243
"2002-04-04",5.4725
"2002-04-05",3.8723
"2002-04-06",1.5026
"2002-04-07",-1.0571
"2002-04-08",4.262
"2002-04-09",12.6626
"2002-04-10",12.8328
"2002-04-11",9.2329
"2002-04-12",13.622
"2002-04-13",15.7625
"2002-04-14",16.483
"2002-04-15",17.413
"2002-04-16",16.2723
"2002-04-17",17.4021
"2002-04-18",18.1127
"2002-04-19",19.4323
"2002-04-20",19.3723
"2002-04-21",18.963
"2002-04-22",12.4421
"2002-04-23",6.8828
"2002-04-24",5.1222
"2002-04-25",12.1921
"2002-04-26",6.2628
"2002-04-27",10.6519
"2002-04-28",15.4525
"2002-04-29",11.6529
"2002-04-30",7.3794
"2002-05-01",13.0195
"2002-05-02",17.5996
"2002-05-03",16.4491
"2002-05-04",8.2898
"2002-05-05",7.1601
"2002-05-06",10.4893
"2002-05-07",15.6698
"2002-05-08",21.36
"2002-05-09",22.5596
"2002-05-10",21.1995
"2002-05-11",17.7699
"2002-05-12",16.5998
"2002-05-13",16.9796
"2002-05-14",10.0592
"2002-05-15",7.5694
"2002-05-16",10.2393
"2002-05-17",16.1992
"2002-05-18",11.0602
"2002-05-19",7.7899
"2002-05-20",3.94
"2002-05-21",9.1794
"2002-05-22",5.6101
"2002-05-23",7.1099
"2002-05-24",10.2699
"2002-05-25",14.54
"2002-05-26",15.3194
"2002-05-27",16.1894
"2002-05-28",15.9099
"2002-05-29",17.4097
"2002-05-30",17.5494
"2002-05-31",19.5099
"2002-06-01",21.4102
"2002-06-02",21.11
"2002-06-03",20.6199
"2002-06-04",19.1605
"2002-06-05",20.1298
"2002-06-06",19.7303
"2002-06-07",17.7601
"2002-06-08",14.1798
"2002-06-09",12.4497
"2002-06-10",15.3903
"2002-06-11",14.7801
"2002-06-12",17.4599
"2002-06-13",22.4003
"2002-06-14",22.5706
"2002-06-15",18.5897
"2002-06-16",14.9406
"2002-06-17",18.2306
"2002-06-18",19.6507
"2002-06-19",17.0604
"2002-06-20",19.4007
"2002-06-21",15.9503
"2002-06-22",17.3398
"2002-06-23",18.1803
"2002-06-24",21.4299
"2002-06-25",19.3297
"2002-06-26",21.0107
"2002-06-27",21.4397
"2002-06-28",22.2005
"2002-06-29",22.8401
"2002-06-30",20.6581
"2002-07-01",21.2476
"2002-07-02",21.8982
"2002-07-03",22.5574
"2002-07-04",21.8883
"2002-07-05",22.5476
"2002-07-06",23.6283
"2002-07-07",21.8479
"2002-07-08",19.4476
"2002-07-09",19.9377
"2002-07-10",23.208
"2002-07-11",17.5079
"2002-07-12",17.2678
"2002-07-13",18.0974
"2002-07-14",17.7983
"2002-07-15",16.9884
"2002-07-16",21.5074
"2002-07-17",20.358
"2002-07-18",21.8283
"2002-07-19",24.3476
"2002-07-20",21.408
"2002-07-21",23.3979
"2002-07-22",21.7879
"2002-07-23",21.0773
"2002-07-24",21.098
"2002-07-25",21.1679
"2002-07-26",22.9679
"2002-07-27",23.1982
"2002-07-28",24.6074
"2002-07-29",24.8682
"2002-07-30",24.508
"2002-07-31",24.5844
"2002-08-01",22.564
"2002-08-02",22.7834
"2002-08-03",21.324
"2002-08-04",18.7938
"2002-08-05",18.9237
"2002-08-06",20.4835
"2002-08-07",14.4942
"2002-08-08",12.4235
"2002-08-09",14.7736
"2002-08-10",15.0541
"2002-08-11",15.7636
"2002-08-12",18.7141
"2002-08-13",18.5242
"2002-08-14",19.3035
"2002-08-15",20.7444
"2002-08-16",21.6842
"2002-08-17",22.6939
"2002-08-18",22.254
"2002-08-19",23.6544
"2002-08-20",22.3642
"2002-08-21",22.1743
"2002-08-22",20.3634
"2002-08-23",24.0037
"2002-08-24",25.2841
"2002-08-25",22.3937
"2002-08-26",20.6439
"2002-08-27",20.0436
"2002-08-28",19.0743
"2002-08-29",18.3637
"2002-08-30",16.3334
"2002-08-31",15.5322
"2002-09-01",18.0122
"2002-09-02",18.7119
"2002-09-03",17.7721
"2002-09-04",19.4018
"2002-09-05",18.1421
"2002-09-06",15.5923
"2002-09-07",16.3618
"2002-09-08",19.1016
"2002-09-09",17.8922
"2002-09-10",18.3921
"2002-09-11",16.9916
"2002-09-12",13.8316
"2002-09-13",13.9124
"2002-09-14",19.9126
"2002-09-15",20.0916
"2002-09-16",19.0023
"2002-09-17",20.0818
"2002-09-18",20.4617
"2002-09-19",19.9017
"2002-09-20",19.8024
"2002-09-21",18.8822
"2002-09-22",21.2923
"2002-09-23",18.6617
"2002-09-24",17.3617
"2002-09-25",17.5821
"2002-09-26",17.4119
"2002-09-27",19.6823
"2002-09-28",19.1922
"2002-09-29",16.5015
"2002-09-30",15.0487
"2002-10-01",18.4587
"2002-10-02",17.5985
"2002-10-03",21.4386
"2002-10-04",21.6285
"2002-10-05",20.2881
"2002-10-06",18.6988
"2002-10-07",20.6985
"2002-10-08",12.8787
"2002-10-09",12.7379
"2002-10-10",15.458
"2002-10-11",14.9079
"2002-10-12",13.9582
"2002-10-13",16.3181
"2002-10-14",10.9979
"2002-10-15",9.8584
"2002-10-16",9.7689
"2002-10-17",8.3379
"2002-10-18",5.1582
"2002-10-19",5.3383
"2002-10-20",11.6289
"2002-10-21",11.4684
"2002-10-22",8.5081
"2002-10-23",6.7082
"2002-10-24",9.9686
"2002-10-25",11.0886
"2002-10-26",11.6987
"2002-10-27",12.0185
"2002-10-28",13.5489
"2002-10-29",9.8878
"2002-10-30",7.5683
"2002-10-31",3.833
"2002-11-01",6.7529
"2002-11-02",-0.8071
"2002-11-03",1.603
"2002-11-04",3.6627
"2002-11-05",6.9232
"2002-11-06",3.8931
"2002-11-07",0.7734
"2002-11-08",0.6435
"2002-11-09",5.9037
"2002-11-10",14.373
"2002-11-11",16.9032
"2002-11-12",12.5731
"2002-11-13",3.1934
"2002-11-14",0.2637
"2002-11-15",2.6236
"2002-11-16",10.4434
"2002-11-17",3.9334
"2002-11-18",-0.2963
"2002-11-19",-0.6871
"2002-11-20",3.2731
"2002-11-21",8.8127
"2002-11-22",2.4129
"2002-11-23",-3.2664
"2002-11-24",-1.437
"2002-11-25",2.6028
"2002-11-26",2.0833
"2002-11-27",0.9033
"2002-11-28",-2.4368
"2002-11-29",-5.1373
"2002-11-30",2.0593
"2002-12-01",-2.9509
"2002-12-02",-4.0709
"2002-12-03",-1.4108
"2002-12-04",-5.1013
"2002-12-05",-4.191
"2002-12-06",-6.5509
"2002-12-07",-7.2909
"2002-12-08",-3.631
"2002-12-09",-1.2711
"2002-12-10",-1.0615
"2002-12-11",2.7993
"2002-12-12",3.0689
"2002-12-13",3.499
"2002-12-14",2.7087
"2002-12-15",-0.7013
"2002-12-16",-0.3509
"2002-12-17",-0.9305
"2002-12-18",0.4689
"2002-12-19",5.7094
"2002-12-20",5.2193
"2002-12-21",0.3488
"2002-12-22",0.279
"2002-12-23",1.1391
"2002-12-24",4.6593
"2002-12-25",-0.2308
"2002-12-26",-2.391
"2002-12-27",-2.0013
"2002-12-28",-2.7512
"2002-12-29",-1.831
"2002-12-30",1.4185
"2002-12-31",6.2279
"2003-01-01",10.9177
"2003-01-02",7.7977
"2003-01-03",4.4577
"2003-01-04",0.2071
"2003-01-05",-2.0928
"2003-01-06",-0.2924
"2003-01-07",-4.3828
"2003-01-08",-0.9224
"2003-01-09",2.738
"2003-01-10",1.0979
"2003-01-11",-3.3527
"2003-01-12",-5.1222
"2003-01-13",-3.933
"2003-01-14",-4.0722
"2003-01-15",-3.7329
"2003-01-16",-3.9827
"2003-01-17",-5.3719
"2003-01-18",-9.0821
"2003-01-19",-7.3127
"2003-01-20",-4.4822
"2003-01-21",-0.6627
"2003-01-22",-3.3527
"2003-01-23",-11.592
"2003-01-24",-12.5425
"2003-01-25",-9.302
"2003-01-26",-6.2019
"2003-01-27",-6.7523
"2003-01-28",-7.0121
"2003-01-29",-0.6019
"2003-01-30",1.7279
"2003-01-31",-0.1631
"2003-02-01",1.1477
"2003-02-02",-1.4429
"2003-02-03",2.3976
"2003-02-04",3.0972
"2003-02-05",-2.6929
"2003-02-06",-1.7325
"2003-02-07",-0.2327
"2003-02-08",-5.8328
"2003-02-09",-3.5528
"2003-02-10",0.3177
"2003-02-11",-3.0731
"2003-02-12",-1.6032
"2003-02-13",-3.6931
"2003-02-14",-1.5026
"2003-02-15",2.6773
"2003-02-16",-1.643
"2003-02-17",-4.3131
"2003-02-18",-3.4224
"2003-02-19",-1.9325
"2003-02-20",4.9275
"2003-02-21",2.6773
"2003-02-22",12.6374
"2003-02-23",2.4573
"2003-02-24",-0.4129
"2003-02-25",3.0376
"2003-02-26",-0.9323
"2003-02-27",-1.3832
"2003-02-28",-1.8519
"2003-03-01",-0.0316
"2003-03-02",8.6387
"2003-03-03",1.0581
"2003-03-04",-1.9215
"2003-03-05",8.6387
"2003-03-06",9.6787
"2003-03-07",1.2792
"2003-03-08",-1.6816
"2003-03-09",6.9389
"2003-03-10",1.5489
"2003-03-11",-0.0813
"2003-03-12",1.099
"2003-03-13",9.2389
"2003-03-14",3.2785
"2003-03-15",1.2891
"2003-03-16",9.6588
"2003-03-17",10.0887
"2003-03-18",12.9689
"2003-03-19",9.219
"2003-03-20",10.9486
"2003-03-21",12.6385
"2003-03-22",9.619
"2003-03-23",7.7888
"2003-03-24",7.9789
"2003-03-25",6.9688
"2003-03-26",9.219
"2003-03-27",10.5286
"2003-03-28",9.7682
"2003-03-29",15.7883
"2003-03-30",2.0484
"2003-03-31",-1.6154
"2003-04-01",-0.8052
"2003-04-02",7.3445
"2003-04-03",9.5538
"2003-04-04",10.984
"2003-04-05",14.1548
"2003-04-06",9.4842
"2003-04-07",8.6144
"2003-04-08",6.6239
"2003-04-09",4.7639
"2003-04-10",1.8738
"2003-04-11",4.6445
"2003-04-12",6.9544
"2003-04-13",8.4343
"2003-04-14",6.8737
"2003-04-15",10.9641
"2003-04-16",12.0637
"2003-04-17",12.5743
"2003-04-18",11.6537
"2003-04-19",12.224
"2003-04-20",10.0346
"2003-04-21",9.7041
"2003-04-22",10.0247
"2003-04-23",5.8138
"2003-04-24",5.8448
"2003-04-25",11.1641
"2003-04-26",14.4245
"2003-04-27",13.684
"2003-04-28",12.6639
"2003-04-29",14.5847
"2003-04-30",17.5842
"2003-05-01",15.7341
"2003-05-02",16.9841
"2003-05-03",15.6446
"2003-05-04",10.3551
"2003-05-05",8.8542
"2003-05-06",18.0142
"2003-05-07",16.9443
"2003-05-08",20.2345
"2003-05-09",19.305
"2003-05-10",20.7341
"2003-05-11",19.8941
"2003-05-12",11.9742
"2003-05-13",8.8045
"2003-05-14",8.4741
"2003-05-15",13.8343
"2003-05-16",15.4048
"2003-05-17",14.8345
"2003-05-18",13.2242
"2003-05-19",8.2541
"2003-05-20",10.1042
"2003-05-21",16.195
"2003-05-22",16.5044
"2003-05-23",15.2445
"2003-05-24",13.275
"2003-05-25",17.4649
"2003-05-26",18.7845
"2003-05-27",11.6847
"2003-05-28",9.0941
"2003-05-29",15.0345
"2003-05-30",12.5346
"2003-05-31",14.0122
"2003-06-01",11.4725
"2003-06-02",9.4919
"2003-06-03",14.8621
"2003-06-04",19.452
"2003-06-05",17.2726
"2003-06-06",15.2324
"2003-06-07",19.2023
"2003-06-08",20.2522
"2003-06-09",19.5316
"2003-06-10",18.6916
"2003-06-11",21.9321
"2003-06-12",21.0015
"2003-06-13",21.3021
"2003-06-14",21.1717
"2003-06-15",22.0526
"2003-06-16",21.122
"2003-06-17",17.6417
"2003-06-18",16.9421
"2003-06-19",20.8125
"2003-06-20",18.1324
"2003-06-21",15.7816
"2003-06-22",12.9523
"2003-06-23",14.6024
"2003-06-24",18.6618
"2003-06-25",18.5524
"2003-06-26",19.4122
"2003-06-27",20.5517
"2003-06-28",21.4425
"2003-06-29",20.0124
"2003-06-30",22.0205
"2003-07-01",20.7595
"2003-07-02",18.1899
"2003-07-03",17.5301
"2003-07-04",21.2999
"2003-07-05",20.9396
"2003-07-06",21.9498
"2003-07-07",22.2603
"2003-07-08",22.0095
"2003-07-09",22.2305
"2003-07-10",21.2701
"2003-07-11",22.2603
"2003-07-12",21.4701
"2003-07-13",20.9098
"2003-07-14",19.8499
"2003-07-15",19.9195
"2003-07-16",21.6005
"2003-07-17",22.4703
"2003-07-18",20.5395
"2003-07-19",21.3198
"2003-07-20",20.9098
"2003-07-21",21.0501
"2003-07-22",22.2194
"2003-07-23",19.7604
"2003-07-24",18.1302
"2003-07-25",19.7095
"2003-07-26",19.6001
"2003-07-27",20.5196
"2003-07-28",20.1605
"2003-07-29",23.6595
"2003-07-30",21.3298
"2003-07-31",21.0546
"2003-08-01",21.2248
"2003-08-02",20.8844
"2003-08-03",20.2743
"2003-08-04",20.6843
"2003-08-05",21.5442
"2003-08-06",20.6247
"2003-08-07",21.0944
"2003-08-08",21.6746
"2003-08-09",21.0446
"2003-08-10",20.6048
"2003-08-11",19.9748
"2003-08-12",20.5749
"2003-08-13",20.9551
"2003-08-14",21.4248
"2003-08-15",21.8249
"2003-08-16",22.9345
"2003-08-17",21.7243
"2003-08-18",21.7851
"2003-08-19",19.8444
"2003-08-20",20.8545
"2003-08-21",22.2747
"2003-08-22",22.5146
"2003-08-23",22.1145
"2003-08-24",19.1448
"2003-08-25",17.7445
"2003-08-26",21.6248
"2003-08-27",21.8746
"2003-08-28",24.0651
"2003-08-29",22.3145
"2003-08-30",22.9047
"2003-08-31",22.0736
"2003-09-01",21.7332
"2003-09-02",20.313
"2003-09-03",20.9739
"2003-09-04",20.744
"2003-09-05",16.7133
"2003-09-06",13.9636
"2003-09-07",15.5639
"2003-09-08",16.1033
"2003-09-09",16.773
"2003-09-10",14.4035
"2003-09-11",12.823
"2003-09-12",14.1039
"2003-09-13",14.3736
"2003-09-14",18.3932
"2003-09-15",19.693
"2003-09-16",13.9337
"2003-09-17",10.9132
"2003-09-18",13.2132
"2003-09-19",14.8234
"2003-09-20",15.4037
"2003-09-21",17.9733
"2003-09-22",18.3534
"2003-09-23",16.8835
"2003-09-24",14.0034
"2003-09-25",14.0829
"2003-09-26",15.8535
"2003-09-27",15.0633
"2003-09-28",13.8232
"2003-09-29",7.013
"2003-09-30",5.7442
"2003-10-01",6.5941
"2003-10-02",4.7539
"2003-10-03",1.2637
"2003-10-04",8.1944
"2003-10-05",13.3944
"2003-10-06",12.8938
"2003-10-07",13.5138
"2003-10-08",15.3639
"2003-10-09",16.0944
"2003-10-10",13.7237
"2003-10-11",14.3637
"2003-10-12",14.6146
"2003-10-13",15.1042
"2003-10-14",12.3842
"2003-10-15",7.3644
"2003-10-16",5.774
"2003-10-17",7.4738
"2003-10-18",9.7937
"2003-10-19",7.3843
"2003-10-20",9.4345
"2003-10-21",10.3142
"2003-10-22",6.0039
"2003-10-23",2.2639
"2003-10-24",7.1246
"2003-10-25",7.6938
"2003-10-26",12.7446
"2003-10-27",15.8236
"2003-10-28",13.884
"2003-10-29",10.8038
"2003-10-30",9.3538
"2003-10-31",9.6964
"2003-11-01",10.2656
"2003-11-02",12.1256
"2003-11-03",11.9963
"2003-11-04",15.0765
"2003-11-05",18.0561
"2003-11-06",18.5756
"2003-11-07",14.3957
"2003-11-08",4.6556
"2003-11-09",1.456
"2003-11-10",0.6459
"2003-11-11",4.8866
"2003-11-12",10.7463
"2003-11-13",-1.2838
"2003-11-14",-3.5638
"2003-11-15",0.3663
"2003-11-16",6.3056
"2003-11-17",11.8162
"2003-11-18",12.1157
"2003-11-19",11.4658
"2003-11-20",3.8057
"2003-11-21",2.9856
"2003-11-22",5.4358
"2003-11-23",7.4462
"2003-11-24",8.2066
"2003-11-25",-1.1036
"2003-11-26",-0.3344
"2003-11-27",6.8262
"2003-11-28",4.2157
"2003-11-29",-2.8543
"2003-11-30",-3.1538
"2003-12-01",-1.5236
"2003-12-02",-3.4434
"2003-12-03",-2.6034
"2003-12-04",-2.4741
"2003-12-05",2.3059
"2003-12-06",-2.484
"2003-12-07",-3.6633
"2003-12-08",-3.3936
"2003-12-09",-2.3039
"2003-12-10",2.086
"2003-12-11",0.836
"2003-12-12",-2.284
"2003-12-13",-0.2537
"2003-12-14",0.4867
"2003-12-15",-2.2741
"2003-12-16",-0.3532
"2003-12-17",-1.5137
"2003-12-18",-2.7537
"2003-12-19",0.1165
"2003-12-20",-5.5134
"2003-12-21",-6.6938
"2003-12-22",-3.4931
"2003-12-23",-0.7235
"2003-12-24",5.6867
"2003-12-25",-1.9138
"2003-12-26",-3.324
"2003-12-27",-3.8435
"2003-12-28",-2.5935
"2003-12-29",0.5862
"2003-12-30",1.0769
"2003-12-31",1.5245
"2004-01-01",-1.0456
"2004-01-02",2.934
"2004-01-03",5.394
"2004-01-04",12.964
"2004-01-05",13.7237
"2004-01-06",-1.2058
"2004-01-07",-6.9062
"2004-01-08",-4.1555
"2004-01-09",-2.9758
"2004-01-10",-9.6465
"2004-01-11",-9.0859
"2004-01-12",-4.366
"2004-01-13",-2.7355
"2004-01-14",-3.1063
"2004-01-15",-1.2355
"2004-01-16",-4.3958
"2004-01-17",-3.8763
"2004-01-18",2.1742
"2004-01-19",-3.5765
"2004-01-20",-6.016
"2004-01-21",-5.596
"2004-01-22",-4.7757
"2004-01-23",-6.1155
"2004-01-24",-2.7962
"2004-01-25",-6.2963
"2004-01-26",-6.5458
"2004-01-27",-1.7264
"2004-01-28",-6.7059
"2004-01-29",-6.9462
"2004-01-30",-2.6555
"2004-01-31",-5.6521
"2004-02-01",-5.8924
"2004-02-02",-6.4519
"2004-02-03",2.2383
"2004-02-04",-1.8717
"2004-02-05",-2.6417
"2004-02-06",6.7384
"2004-02-07",1.768
"2004-02-08",-2.9427
"2004-02-09",-2.0925
"2004-02-10",1.8481
"2004-02-11",3.3882
"2004-02-12",3.0484
"2004-02-13",0.3984
"2004-02-14",3.1273
"2004-02-15",-0.4117
"2004-02-16",-5.0125
"2004-02-17",-5.0617
"2004-02-18",-3.3317
"2004-02-19",-1.9426
"2004-02-20",2.188
"2004-02-21",4.9981
"2004-02-22",-0.232
"2004-02-23",-0.6726
"2004-02-24",5.418
"2004-02-25",0.3984
"2004-02-26",-0.8316
"2004-02-27",-2.4518
"2004-02-28",-6.8421
"2004-02-29",-2.1829
"2004-03-01",2.8973
"2004-03-02",11.377
"2004-03-03",12.5578
"2004-03-04",12.5075
"2004-03-05",12.877
"2004-03-06",12.7981
"2004-03-07",8.838
"2004-03-08",1.3275
"2004-03-09",0.2279
"2004-03-10",0.0174
"2004-03-11",-2.5719
"2004-03-12",1.2577
"2004-03-13",-1.3122
"2004-03-14",0.1272
"2004-03-15",9.4479
"2004-03-16",11.5178
"2004-03-17",7.6275
"2004-03-18",4.1971
"2004-03-19",4.7978
"2004-03-20",0.7371
"2004-03-21",1.5781
"2004-03-22",-2.5227
"2004-03-23",-4.112
"2004-03-24",-0.9723
"2004-03-25",4.7281
"2004-03-26",11.5875
"2004-03-27",10.298
"2004-03-28",7.5371
"2004-03-29",4.2578
"2004-03-30",3.6571
"2004-03-31",8.5806
"2004-04-01",5.0107
"2004-04-02",3.0507
"2004-04-03",3.2509
"2004-04-04",3.371
"2004-04-05",1.8504
"2004-04-06",-1.0593
"2004-04-07",4.6308
"2004-04-08",10.1802
"2004-04-09",11.0601
"2004-04-10",8.1801
"2004-04-11",14.2604
"2004-04-12",12.2306
"2004-04-13",12.7707
"2004-04-14",6.481
"2004-04-15",3.5507
"2004-04-16",7.6206
"2004-04-17",8.7808
"2004-04-18",11.6207
"2004-04-19",13.2501
"2004-04-20",13.5201
"2004-04-21",15.2902
"2004-04-22",13.7409
"2004-04-23",15.3405
"2004-04-24",19.0603
"2004-04-25",16.9802
"2004-04-26",15.2101
"2004-04-27",10.1401
"2004-04-28",4.7704
"2004-04-29",6.6801
"2004-04-30",12.0315
"2004-05-01",16.0122
"2004-05-02",17.4916
"2004-05-03",10.0017
"2004-05-04",4.7418
"2004-05-05",7.0325
"2004-05-06",12.8919
"2004-05-07",16.122
"2004-05-08",17.9424
"2004-05-09",18.4024
"2004-05-10",15.3222
"2004-05-11",16.392
"2004-05-12",18.352
"2004-05-13",17.8921
"2004-05-14",19.042
"2004-05-15",17.2525
"2004-05-16",18.0225
"2004-05-17",17.9218
"2004-05-18",16.6918
"2004-05-19",18.7617
"2004-05-20",20.272
"2004-05-21",21.9814
"2004-05-22",21.0924
"2004-05-23",21.9517
"2004-05-24",20.4322
"2004-05-25",20.3921
"2004-05-26",20.9917
"2004-05-27",20.5214
"2004-05-28",19.7617
"2004-05-29",17.8017
"2004-05-30",19.4322
"2004-05-31",21.3762
"2004-06-01",17.7868
"2004-06-02",15.2867
"2004-06-03",16.7559
"2004-06-04",18.0465
"2004-06-05",17.6564
"2004-06-06",18.336
"2004-06-07",18.6667
"2004-06-08",20.9768
"2004-06-09",20.026
"2004-06-10",19.1358
"2004-06-11",22.2057
"2004-06-12",17.8257
"2004-06-13",16.5568
"2004-06-14",19.4665
"2004-06-15",19.5466
"2004-06-16",20.3967
"2004-06-17",21.716
"2004-06-18",23.3865
"2004-06-19",22.8465
"2004-06-20",18.3463
"2004-06-21",17.6564
"2004-06-22",18.1163
"2004-06-23",22.4369
"2004-06-24",21.5558
"2004-06-25",22.4757
"2004-06-26",21.986
"2004-06-27",20.2365
"2004-06-28",20.3864
"2004-06-29",19.1965
"2004-06-30",20.1942
"2004-07-01",19.3544
"2004-07-02",20.0844
"2004-07-03",21.3441
"2004-07-04",21.2938
"2004-07-05",21.5444
"2004-07-06",20.6633
"2004-07-07",21.3533
"2004-07-08",20.224
"2004-07-09",22.6737
"2004-07-10",21.7835
"2004-07-11",23.3842
"2004-07-12",21.2938
"2004-07-13",22.0444
"2004-07-14",22.414
"2004-07-15",19.1942
"2004-07-16",15.0133
"2004-07-17",20.5135
"2004-07-18",19.7136
"2004-07-19",20.4539
"2004-07-20",21.3533
"2004-07-21",20.0935
"2004-07-22",22.4334
"2004-07-23",21.9139
"2004-07-24",21.6142
"2004-07-25",19.5843
"2004-07-26",17.7136
"2004-07-27",21.7743
"2004-07-28",21.4734
"2004-07-29",21.1439
"2004-07-30",20.4333
"2004-07-31",21.7755
"2004-08-01",21.9254
"2004-08-02",21.9357
"2004-08-03",21.0958
"2004-08-04",22.2664
"2004-08-05",18.5054
"2004-08-06",15.9458
"2004-08-07",11.2157
"2004-08-08",14.6254
"2004-08-09",16.5957
"2004-08-10",19.2857
"2004-08-11",18.5855
"2004-08-12",21.1164
"2004-08-13",20.4654
"2004-08-14",17.6163
"2004-08-15",16.3554
"2004-08-16",16.5156
"2004-08-17",19.3063
"2004-08-18",20.8956
"2004-08-19",21.676
"2004-08-20",23.8362
"2004-08-21",23.3362
"2004-08-22",20.296
"2004-08-23",19.526
"2004-08-24",18.8257
"2004-08-25",17.7056
"2004-08-26",17.6461
"2004-08-27",19.7857
"2004-08-28",18.6862
"2004-08-29",19.6164
"2004-08-30",19.4356
"2004-08-31",22.5615
"2004-09-01",22.1119
"2004-09-02",20.4219
"2004-09-03",17.5019
"2004-09-04",19.812
"2004-09-05",20.1313
"2004-09-06",20.042
"2004-09-07",19.9311
"2004-09-08",20.0821
"2004-09-09",20.4917
"2004-09-10",18.201
"2004-09-11",18.6015
"2004-09-12",17.352
"2004-09-13",16.082
"2004-09-14",17.0316
"2004-09-15",16.2513
"2004-09-16",18.5912
"2004-09-17",20.5317
"2004-09-18",15.9515
"2004-09-19",10.9411
"2004-09-20",8.2018
"2004-09-21",9.4914
"2004-09-22",12.631
"2004-09-23",16.3016
"2004-09-24",15.9321
"2004-09-25",14.9011
"2004-09-26",15.2513
"2004-09-27",16.1815
"2004-09-28",18.9711
"2004-09-29",16.3314
"2004-09-30",17.074
"2004-10-01",18.9539
"2004-10-02",18.5935
"2004-10-03",17.7536
"2004-10-04",16.7639
"2004-10-05",13.8039
"2004-10-06",11.0235
"2004-10-07",9.3735
"2004-10-08",6.9638
"2004-10-09",10.9331
"2004-10-10",14.1334
"2004-10-11",9.6138
"2004-10-12",11.0841
"2004-10-13",15.2936
"2004-10-14",14.154
"2004-10-15",7.7831
"2004-10-16",5.1034
"2004-10-17",3.9534
"2004-10-18",10.1733
"2004-10-19",17.2136
"2004-10-20",14.9732
"2004-10-21",12.9938
"2004-10-22",10.5234
"2004-10-23",8.4936
"2004-10-24",8.3941
"2004-10-25",10.6836
"2004-10-26",12.0635
"2004-10-27",9.1241
"2004-10-28",11.4537
"2004-10-29",11.234
"2004-10-30",14.4434
"2004-10-31",15.8062
"2004-11-01",15.5064
"2004-11-02",16.0762
"2004-11-03",14.6071
"2004-11-04",13.107
"2004-11-05",5.5061
"2004-11-06",1.8264
"2004-11-07",3.387
"2004-11-08",7.1263
"2004-11-09",0.157
"2004-11-10",-3.4633
"2004-11-11",1.617
"2004-11-12",11.8564
"2004-11-13",2.4271
"2004-11-14",-2.5136
"2004-11-15",-3.0136
"2004-11-16",1.2371
"2004-11-17",2.0964
"2004-11-18",6.6961
"2004-11-19",9.8667
"2004-11-20",9.9571
"2004-11-21",12.4663
"2004-11-22",11.5063
"2004-11-23",13.3668
"2004-11-24",13.956
"2004-11-25",1.2062
"2004-11-26",-3.1532
"2004-11-27",-2.5937
"2004-11-28",4.3871
"2004-11-29",1.0769
"2004-11-30",1.7177
"2004-12-01",2.2074
"2004-12-02",-2.1017
"2004-12-03",-1.8923
"2004-12-04",-0.4826
"2004-12-05",-0.232
"2004-12-06",5.4683
"2004-12-07",10.8976
"2004-12-08",10.2477
"2004-12-09",7.6675
"2004-12-10",13.5178
"2004-12-11",3.6777
"2004-12-12",-0.462
"2004-12-13",-1.1817
"2004-12-14",-4.2425
"2004-12-15",-6.8924
"2004-12-16",-6.9119
"2004-12-17",-4.342
"2004-12-18",-2.152
"2004-12-19",-1.8316
"2004-12-20",-11.182
"2004-12-21",-8.5126
"2004-12-22",-3.112
"2004-12-23",5.5782
"2004-12-24",-2.2115
"2004-12-25",-4.8626
"2004-12-26",-5.6521
"2004-12-27",-6.9222
"2004-12-28",-8.6522
"2004-12-29",-5.3226
"2004-12-30",0.4076
"2004-12-31",5.4398
"2005-01-01",7.3702
"2005-01-02",8.6802
"2005-01-03",10.5303
"2005-01-04",12.5798
"2005-01-05",10.7204
"2005-01-06",11.7301
"2005-01-07",9.8904
"2005-01-08",11.3904
"2005-01-09",4.9695
"2005-01-10",4.3794
"2005-01-11",4.5301
"2005-01-12",8.2501
"2005-01-13",13.0296
"2005-01-14",2.0297
"2005-01-15",-2.6802
"2005-01-16",-2.0206
"2005-01-17",-7.0898
"2005-01-18",-10.0598
"2005-01-19",-11.0996
"2005-01-20",-4.2904
"2005-01-21",-3.9797
"2005-01-22",-4.55
"2005-01-23",-8.6305
"2005-01-24",-10.8504
"2005-01-25",-5.8101
"2005-01-26",-1.6798
"2005-01-27",-5.97
"2005-01-28",-8.7707
"2005-01-29",-8.6003
"2005-01-30",-1.6102
"2005-01-31",-3.9043
"2005-02-01",-2.9943
"2005-02-02",-4.2335
"2005-02-03",-0.9645
"2005-02-04",-1.6635
"2005-02-05",-1.5442
"2005-02-06",-2.1643
"2005-02-07",-0.8544
"2005-02-08",5.3857
"2005-02-09",9.0963
"2005-02-10",-0.0244
"2005-02-11",-3.6435
"2005-02-12",-2.3336
"2005-02-13",0.4961
"2005-02-14",7.3158
"2005-02-15",7.3065
"2005-02-16",10.2961
"2005-02-17",0.3964
"2005-02-18",-2.2443
"2005-02-19",-1.5442
"2005-02-20",3.3454
"2005-02-21",6.3061
"2005-02-22",7.7864
"2005-02-23",6.5159
"2005-02-24",3.2063
"2005-02-25",-2.1539
"2005-02-26",-2.1446
"2005-02-27",-0.5345
"2005-02-28",0.9273
"2005-03-01",-3.0222
"2005-03-02",-4.8723
"2005-03-03",-5.4623
"2005-03-04",-3.2726
"2005-03-05",1.8976
"2005-03-06",-0.1021
"2005-03-07",2.5977
"2005-03-08",-1.703
"2005-03-09",-2.4124
"2005-03-10",0.1576
"2005-03-11",0.2978
"2005-03-12",-1.5024
"2005-03-13",4.2879
"2005-03-14",1.908
"2005-03-15",0.0173
"2005-03-16",2.148
"2005-03-17",0.2978
"2005-03-18",-0.6527
"2005-03-19",2.3172
"2005-03-20",6.0673
"2005-03-21",3.9076
"2005-03-22",3.3281
"2005-03-23",10.7876
"2005-03-24",7.7273
"2005-03-25",8.7972
"2005-03-26",9.9878
"2005-03-27",11.0577
"2005-03-28",7.6879
"2005-03-29",7.1975
"2005-03-30",8.0472
"2005-03-31",11.1632
"2005-04-01",14.2432
"2005-04-02",6.713
"2005-04-03",3.8532
"2005-04-04",5.0935
"2005-04-05",11.0728
"2005-04-06",11.7231
"2005-04-07",13.5431
"2005-04-08",14.023
"2005-04-09",8.0936
"2005-04-10",3.9934
"2005-04-11",9.6829
"2005-04-12",11.4426
"2005-04-13",6.6133
"2005-04-14",5.6836
"2005-04-15",3.2631
"2005-04-16",-0.1971
"2005-04-17",0.2434
"2005-04-18",6.4035
"2005-04-19",10.6729
"2005-04-20",12.5531
"2005-04-21",12.1926
"2005-04-22",12.5925
"2005-04-23",6.6226
"2005-04-24",3.663
"2005-04-25",1.3029
"2005-04-26",7.1233
"2005-04-27",10.0828
"2005-04-28",5.5734
"2005-04-29",12.0535
"2005-04-30",12.6412
"2005-05-01",9.8707
"2005-05-02",6.4614
"2005-05-03",8.3811
"2005-05-04",9.3908
"2005-05-05",8.0414
"2005-05-06",6.2516
"2005-05-07",4.471
"2005-05-08",10.0817
"2005-05-09",10.4909
"2005-05-10",9.3513
"2005-05-11",13.1211
"2005-05-12",15.3909
"2005-05-13",14.8414
"2005-05-14",14.3314
"2005-05-15",17.2909
"2005-05-16",16.8515
"2005-05-17",16.411
"2005-05-18",13.2915
"2005-05-19",13.5014
"2005-05-20",16.0713
"2005-05-21",10.2509
"2005-05-22",8.9213
"2005-05-23",14.7614
"2005-05-24",10.521
"2005-05-25",8.6616
"2005-05-26",11.0913
"2005-05-27",12.931
"2005-05-28",15.4013
"2005-05-29",14.6513
"2005-05-30",13.4608
"2005-05-31",13.615
"2005-06-01",14.7046
"2005-06-02",14.4948
"2005-06-03",15.9751
"2005-06-04",19.105
"2005-06-05",21.085
"2005-06-06",22.1457
"2005-06-07",22.2152
"2005-06-08",21.6055
"2005-06-09",21.0247
"2005-06-10",20.095
"2005-06-11",19.1757
"2005-06-12",17.6757
"2005-06-13",20.5054
"2005-06-14",22.1851
"2005-06-15",23.495
"2005-06-16",18.9346
"2005-06-17",15.6355
"2005-06-18",14.7348
"2005-06-19",18.5451
"2005-06-20",16.3449
"2005-06-21",15.7955
"2005-06-22",18.6054
"2005-06-23",20.3651
"2005-06-24",17.5749
"2005-06-25",18.435
"2005-06-26",19.8446
"2005-06-27",21.9648
"2005-06-28",21.5255
"2005-06-29",20.8253
"2005-06-30",18.9694
"2005-07-01",22.17
"2005-07-02",21.8199
"2005-07-03",21.2403
"2005-07-04",20.3894
"2005-07-05",21.7701
"2005-07-06",22.3694
"2005-07-07",22.3393
"2005-07-08",19.5293
"2005-07-09",21.7202
"2005-07-10",21.4003
"2005-07-11",20.1993
"2005-07-12",22.0703
"2005-07-13",23.2203
"2005-07-14",21.7098
"2005-07-15",21.4501
"2005-07-16",22.6998
"2005-07-17",23.1101
"2005-07-18",23.2701
"2005-07-19",22.76
"2005-07-20",23.7002
"2005-07-21",23.4301
"2005-07-22",23.3095
"2005-07-23",22.8597
"2005-07-24",19.9698
"2005-07-25",22.0402
"2005-07-26",23.2098
"2005-07-27",24.5
"2005-07-28",25.1098
"2005-07-29",23.16
"2005-07-30",21.7399
"2005-07-31",20.7268
"2005-08-01",19.6962
"2005-08-02",19.9061
"2005-08-03",20.1367
"2005-08-04",21.7469
"2005-08-05",22.5259
"2005-08-06",20.3361
"2005-08-07",19.1468
"2005-08-08",20.4868
"2005-08-09",19.986
"2005-08-10",20.736
"2005-08-11",22.636
"2005-08-12",21.056
"2005-08-13",22.6569
"2005-08-14",23.0162
"2005-08-15",22.1063
"2005-08-16",24.4664
"2005-08-17",23.1067
"2005-08-18",21.5962
"2005-08-19",20.8867
"2005-08-20",22.9965
"2005-08-21",24.7562
"2005-08-22",22.1259
"2005-08-23",22.2059
"2005-08-24",21.726
"2005-08-25",19.0065
"2005-08-26",16.8167
"2005-08-27",18.2461
"2005-08-28",20.5761
"2005-08-29",20.4567
"2005-08-30",22.257
"2005-08-31",20.947
"2005-09-01",18.2171
"2005-09-02",21.1476
"2005-09-03",18.0872
"2005-09-04",16.3171
"2005-09-05",14.3174
"2005-09-06",15.1869
"2005-09-07",15.3375
"2005-09-08",17.5076
"2005-09-09",17.3975
"2005-09-10",15.4268
"2005-09-11",14.5771
"2005-09-12",15.2472
"2005-09-13",17.3071
"2005-09-14",20.6074
"2005-09-15",19.6673
"2005-09-16",21.1371
"2005-09-17",22.7079
"2005-09-18",21.2368
"2005-09-19",22.1677
"2005-09-20",22.2871
"2005-09-21",21.7075
"2005-09-22",20.1472
"2005-09-23",19.0169
"2005-09-24",20.1078
"2005-09-25",20.277
"2005-09-26",19.2372
"2005-09-27",17.7279
"2005-09-28",14.7278
"2005-09-29",15.2773
"2005-09-30",14.7382
"2005-10-01",14.5087
"2005-10-02",16.9489
"2005-10-03",15.2982
"2005-10-04",17.1888
"2005-10-05",18.4083
"2005-10-06",17.969
"2005-10-07",18.8083
"2005-10-08",17.6885
"2005-10-09",14.7591
"2005-10-10",15.5683
"2005-10-11",15.4291
"2005-10-12",14.5284
"2005-10-13",13.0388
"2005-10-14",12.8986
"2005-10-15",11.6188
"2005-10-16",8.4286
"2005-10-17",4.7388
"2005-10-18",7.0688
"2005-10-19",12.3282
"2005-10-20",14.2189
"2005-10-21",13.5188
"2005-10-22",12.7282
"2005-10-23",5.5085
"2005-10-24",5.2883
"2005-10-25",0.5482
"2005-10-26",1.4385
"2005-10-27",3.7292
"2005-10-28",3.2492
"2005-10-29",1.3388
"2005-10-30",0.2086
"2005-10-31",2.9606
"2005-11-01",6.4904
"2005-11-02",7.9301
"2005-11-03",4.3308
"2005-11-04",5.2512
"2005-11-05",7.9105
"2005-11-06",9.7408
"2005-11-07",10.5303
"2005-11-08",9.4302
"2005-11-09",11.5504
"2005-11-10",2.4204
"2005-11-11",-1.9591
"2005-11-12",1.3006
"2005-11-13",4.3505
"2005-11-14",12.3804
"2005-11-15",13.3912
"2005-11-16",14.3406
"2005-11-17",-2.0391
"2005-11-18",-6.9194
"2005-11-19",-6.0987
"2005-11-20",4.1302
"2005-11-21",9.2111
"2005-11-22",1.311
"2005-11-23",-0.2597
"2005-11-24",0.4103
"2005-11-25",-4.0898
"2005-11-26",-5.8089
"2005-11-27",0.8809
"2005-11-28",7.5012
"2005-11-29",9.0905
"2005-11-30",5.6592
"2005-12-01",1.5301
"2005-12-02",-1.5105
"2005-12-03",-2.3301
"2005-12-04",3.3397
"2005-12-05",3.91
"2005-12-06",-0.8104
"2005-12-07",-2.14
"2005-12-08",-3.1903
"2005-12-09",-2.5805
"2005-12-10",-4.3599
"2005-12-11",-2.1203
"2005-12-12",-2.5805
"2005-12-13",-4.0307
"2005-12-14",-6.05
"2005-12-15",-1.4897
"2005-12-16",-0.2099
"2005-12-17",0.6595
"2005-12-18",-0.8498
"2005-12-19",-2.7602
"2005-12-20",-4.5999
"2005-12-21",-4.2405
"2005-12-22",-5.97
"2005-12-23",-5.3
"2005-12-24",-4.6404
"2005-12-25",2.3601
"2005-12-26",1.3203
"2005-12-27",-1.6798
"2005-12-28",-0.48
"2005-12-29",4.8802
"2005-12-30",0.0301
"2005-12-31",3.2643
"2006-01-01",1.044
"2006-01-02",4.0834
"2006-01-03",8.0538
"2006-01-04",5.8434
"2006-01-05",4.1842
"2006-01-06",0.8236
"2006-01-07",-3.4365
"2006-01-08",-3.1762
"2006-01-09",3.3235
"2006-01-10",8.1042
"2006-01-11",8.6436
"2006-01-12",7.4534
"2006-01-13",8.8441
"2006-01-14",-1.1956
"2006-01-15",-4.3464
"2006-01-16",-0.6961
"2006-01-17",5.0132
"2006-01-18",-0.9963
"2006-01-19",-2.4058
"2006-01-20",0.2443
"2006-01-21",6.1143
"2006-01-22",4.1033
"2006-01-23",5.0344
"2006-01-24",7.3233
"2006-01-25",-2.1959
"2006-01-26",-4.126
"2006-01-27",-6.4559
"2006-01-28",-3.6358
"2006-01-29",3.2438
"2006-01-30",7.8744
"2006-01-31",0.9784
"2006-02-01",-2.4116
"2006-02-02",1.3794
"2006-02-03",10.1293
"2006-02-04",4.8292
"2006-02-05",-0.3912
"2006-02-06",-3.8012
"2006-02-07",-1.0608
"2006-02-08",-3.8117
"2006-02-09",-3.2911
"2006-02-10",-3.8211
"2006-02-11",1.9387
"2006-02-12",-2.4808
"2006-02-13",-4.9913
"2006-02-14",-5.621
"2006-02-15",-1.9309
"2006-02-16",2.4992
"2006-02-17",7.4593
"2006-02-18",0.2091
"2006-02-19",-6.6611
"2006-02-20",-1.8406
"2006-02-21",1.5787
"2006-02-22",5.7285
"2006-02-23",3.8794
"2006-02-24",0.0485
"2006-02-25",-0.811
"2006-02-26",-3.6815
"2006-02-27",-5.7312
"2006-02-28",-0.07
"2006-03-01",6.5599
"2006-03-02",8.68
"2006-03-03",1.9903
"2006-03-04",-4.079
"2006-03-05",-3.6792
"2006-03-06",4.4
"2006-03-07",3.6108
"2006-03-08",0.1505
"2006-03-09",4.1103
"2006-03-10",13.5005
"2006-03-11",12.7301
"2006-03-12",14.2802
"2006-03-13",16.1705
"2006-03-14",5.1809
"2006-03-15",0.1306
"2006-03-16",2.1005
"2006-03-17",5.9607
"2006-03-18",2.3104
"2006-03-19",-1.3293
"2006-03-20",0.4999
"2006-03-21",0.9303
"2006-03-22",0.181
"2006-03-23",-1.7198
"2006-03-24",2.5402
"2006-03-25",3.0808
"2006-03-26",-0.6996
"2006-03-27",2.4406
"2006-03-28",3.3001
"2006-03-29",6.411
"2006-03-30",8.8699
"2006-03-31",9.0317
"2006-04-01",14.3014
"2006-04-02",11.2913
"2006-04-03",11.3019
"2006-04-04",6.6021
"2006-04-05",3.1512
"2006-04-06",3.3318
"2006-04-07",10.7613
"2006-04-08",8.1019
"2006-04-09",4.9617
"2006-04-10",2.8615
"2006-04-11",5.0414
"2006-04-12",7.2212
"2006-04-13",12.0418
"2006-04-14",13.0314
"2006-04-15",14.8114
"2006-04-16",15.4915
"2006-04-17",9.3518
"2006-04-18",5.8516
"2006-04-19",7.1919
"2006-04-20",8.4618
"2006-04-21",12.9822
"2006-04-22",13.8921
"2006-04-23",13.8218
"2006-04-24",13.5122
"2006-04-25",14.5019
"2006-04-26",11.9421
"2006-04-27",6.9222
"2006-04-28",4.9617
"2006-04-29",6.0017
"2006-04-30",2.9565
"2006-05-01",5.9759
"2006-05-02",6.1167
"2006-05-03",12.2563
"2006-05-04",10.6464
"2006-05-05",14.5464
"2006-05-06",15.5971
"2006-05-07",11.4262
"2006-05-08",8.5767
"2006-05-09",7.4569
"2006-05-10",10.4166
"2006-05-11",13.2765
"2006-05-12",8.3071
"2006-05-13",7.6469
"2006-05-14",10.6862
"2006-05-15",11.7662
"2006-05-16",7.8767
"2006-05-17",10.0964
"2006-05-18",10.7062
"2006-05-19",8.9062
"2006-05-20",10.4963
"2006-05-21",16.7861
"2006-05-22",13.9461
"2006-05-23",9.6462
"2006-05-24",9.1865
"2006-05-25",13.8171
"2006-05-26",18.9366
"2006-05-27",19.6167
"2006-05-28",17.4568
"2006-05-29",17.9962
"2006-05-30",17.9868
"2006-05-31",17.9376
"2006-06-01",18.9073
"2006-06-02",19.347
"2006-06-03",16.8471
"2006-06-04",13.898
"2006-06-05",14.4374
"2006-06-06",10.9079
"2006-06-07",13.1475
"2006-06-08",16.4871
"2006-06-09",14.8572
"2006-06-10",15.7472
"2006-06-11",18.2671
"2006-06-12",20.1772
"2006-06-13",16.8576
"2006-06-14",17.9974
"2006-06-15",17.6573
"2006-06-16",16.0075
"2006-06-17",17.2176
"2006-06-18",18.2975
"2006-06-19",17.1273
"2006-06-20",20.2476
"2006-06-21",20.488
"2006-06-22",21.8775
"2006-06-23",20.9277
"2006-06-24",19.8571
"2006-06-25",18.7971
"2006-06-26",18.5074
"2006-06-27",19.5077
"2006-06-28",20.2277
"2006-06-29",21.358
"2006-06-30",19.6109
"2006-07-01",19.4315
"2006-07-02",22.1812
"2006-07-03",21.8318
"2006-07-04",23.1216
"2006-07-05",20.2617
"2006-07-06",16.901
"2006-07-07",15.6311
"2006-07-08",13.511
"2006-07-09",16.3909
"2006-07-10",18.1017
"2006-07-11",19.442
"2006-07-12",21.8013
"2006-07-13",22.3313
"2006-07-14",22.1917
"2006-07-15",21.7919
"2006-07-16",21.2314
"2006-07-17",21.2419
"2006-07-18",20.2511
"2006-07-19",21.1317
"2006-07-20",21.351
"2006-07-21",22.662
"2006-07-22",21.4014
"2006-07-23",19.9814
"2006-07-24",21.3909
"2006-07-25",21.1716
"2006-07-26",22.0616
"2006-07-27",21.9818
"2006-07-28",22.1612
"2006-07-29",23.0114
"2006-07-30",20.9418
"2006-07-31",22.0417
"2006-08-01",23.8111
"2006-08-02",23.9612
"2006-08-03",24.3317
"2006-08-04",24.2215
"2006-08-05",24.1113
"2006-08-06",23.0513
"2006-08-07",22.2609
"2006-08-08",24.4314
"2006-08-09",22.8812
"2006-08-10",21.6219
"2006-08-11",20.3414
"2006-08-12",18.5508
"2006-08-13",17.8309
"2006-08-14",18.6317
"2006-08-15",19.0011
"2006-08-16",21.5609
"2006-08-17",20.7917
"2006-08-18",19.4408
"2006-08-19",19.6918
"2006-08-20",21.3111
"2006-08-21",23.1814
"2006-08-22",22.8519
"2006-08-23",21.5914
"2006-08-24",19.7609
"2006-08-25",18.7314
"2006-08-26",19.3411
"2006-08-27",18.4817
"2006-08-28",22.2011
"2006-08-29",23.3409
"2006-08-30",24.0315
"2006-08-31",19.2919
"2006-09-01",15.7319
"2006-09-02",14.7821
"2006-09-03",18.6716
"2006-09-04",21.1411
"2006-09-05",20.6615
"2006-09-06",19.8911
"2006-09-07",18.6611
"2006-09-08",17.0921
"2006-09-09",15.7612
"2006-09-10",18.0619
"2006-09-11",14.8513
"2006-09-12",14.102
"2006-09-13",13.3715
"2006-09-14",16.4718
"2006-09-15",13.6611
"2006-09-16",16.2514
"2006-09-17",14.6414
"2006-09-18",15.9113
"2006-09-19",19.0011
"2006-09-20",13.6611
"2006-09-21",11.5317
"2006-09-22",11.092
"2006-09-23",18.0818
"2006-09-24",20.6111
"2006-09-25",15.542
"2006-09-26",12.0922
"2006-09-27",13.4618
"2006-09-28",13.9214
"2006-09-29",10.1914
"2006-09-30",9.2744
"2006-10-01",11.9245
"2006-10-02",12.675
"2006-10-03",12.4252
"2006-10-04",12.6644
"2006-10-05",15.1843
"2006-10-06",9.3741
"2006-10-07",8.7843
"2006-10-08",6.5142
"2006-10-09",12.4147
"2006-10-10",13.8546
"2006-10-11",13.8945
"2006-10-12",12.4745
"2006-10-13",10.3145
"2006-10-14",3.0843
"2006-10-15",1.3348
"2006-10-16",5.5444
"2006-10-17",10.3145
"2006-10-18",17.2352
"2006-10-19",15.7049
"2006-10-20",10.6945
"2006-10-21",5.9947
"2006-10-22",6.0944
"2006-10-23",3.1652
"2006-10-24",-0.2752
"2006-10-25",-2.6848
"2006-10-26",0.6852
"2006-10-27",6.7452
"2006-10-28",6.2245
"2006-10-29",2.5344
"2006-10-30",5.5843
"2006-10-31",8.1276
"2006-11-01",12.1672
"2006-11-02",5.1974
"2006-11-03",-2.2533
"2006-11-04",-5.1531
"2006-11-05",-5.553
"2006-11-06",-1.4126
"2006-11-07",6.0369
"2006-11-08",11.0967
"2006-11-09",10.6968
"2006-11-10",9.3577
"2006-11-11",11.4977
"2006-11-12",6.2972
"2006-11-13",4.6368
"2006-11-14",8.7468
"2006-11-15",8.8078
"2006-11-16",7.8767
"2006-11-17",3.3177
"2006-11-18",0.7368
"2006-11-19",1.7968
"2006-11-20",4.0775
"2006-11-21",-0.2423
"2006-11-22",3.8066
"2006-11-23",3.8066
"2006-11-24",4.1772
"2006-11-25",0.7274
"2006-11-26",0.8869
"2006-11-27",5.657
"2006-11-28",8.4067
"2006-11-29",12.3877
"2006-11-30",11.337
"2006-12-01",10.637
"2006-12-02",2.627
"2006-12-03",-0.1931
"2006-12-04",-2.7927
"2006-12-05",-4.5727
"2006-12-06",-3.963
"2006-12-07",-2.4726
"2006-12-08",-8.4434
"2006-12-09",-9.5328
"2006-12-10",-6.8733
"2006-12-11",-1.0432
"2006-12-12",-1.6928
"2006-12-13",6.5376
"2006-12-14",6.8167
"2006-12-15",7.3373
"2006-12-16",2.6974
"2006-12-17",3.1266
"2006-12-18",5.9572
"2006-12-19",6.1565
"2006-12-20",1.4568
"2006-12-21",3.8969
"2006-12-22",9.3565
"2006-12-23",10.3872
"2006-12-24",4.6966
"2006-12-25",4.3073
"2006-12-26",3.877
"2006-12-27",-2.1431
"2006-12-28",-1.2027
"2006-12-29",-0.2435
"2006-12-30",0.317
"2006-12-31",9.652
"2007-01-01",9.5325
"2007-01-02",0.7523
"2007-01-03",-0.9674
"2007-01-04",8.4823
"2007-01-05",13.7829
"2007-01-06",11.4224
"2007-01-07",9.0126
"2007-01-08",2.3328
"2007-01-09",-1.5771
"2007-01-10",-3.6477
"2007-01-11",-4.768
"2007-01-12",0.0425
"2007-01-13",9.6418
"2007-01-14",11.2522
"2007-01-15",12.7119
"2007-01-16",3.3519
"2007-01-17",-3.7581
"2007-01-18",-4.148
"2007-01-19",-1.0779
"2007-01-20",-3.8179
"2007-01-21",-2.4881
"2007-01-22",-1.5173
"2007-01-23",1.0824
"2007-01-24",-0.1576
"2007-01-25",-2.8781
"2007-01-26",-6.7673
"2007-01-27",-2.8781
"2007-01-28",-1.148
"2007-01-29",-8.6077
"2007-01-30",-6.4371
"2007-01-31",-6.467
"2007-02-01",-3.2163
"2007-02-02",0.6131
"2007-02-03",-0.9468
"2007-02-04",-3.5763
"2007-02-05",-5.5963
"2007-02-06",-8.4168
"2007-02-07",-0.5062
"2007-02-08",-3.1967
"2007-02-09",-4.0871
"2007-02-10",-4.1664
"2007-02-11",-6.796
"2007-02-12",-1.0963
"2007-02-13",6.1034
"2007-02-14",-2.6066
"2007-02-15",-4.0065
"2007-02-16",-3.6764
"2007-02-17",-5.2466
"2007-02-18",-5.3766
"2007-02-19",-8.2167
"2007-02-20",0.4739
"2007-02-21",9.743
"2007-02-22",4.6437
"2007-02-23",-1.5564
"2007-02-24",-2.2569
"2007-02-25",3.5337
"2007-02-26",7.3941
"2007-02-27",3.873
"2007-02-28",1.4045
"2007-03-01",2.5341
"2007-03-02",7.4539
"2007-03-03",2.365
"2007-03-04",-1.5058
"2007-03-05",-3.635
"2007-03-06",-1.025
"2007-03-07",-0.6155
"2007-03-08",-0.0254
"2007-03-09",-2.2454
"2007-03-10",4.8841
"2007-03-11",9.085
"2007-03-12",3.2944
"2007-03-13",7.554
"2007-03-14",11.2649
"2007-03-15",12.8442
"2007-03-16",5.2143
"2007-03-17",-0.926
"2007-03-18",-2.4755
"2007-03-19",-1.1159
"2007-03-20",8.0141
"2007-03-21",9.6142
"2007-03-22",9.8143
"2007-03-23",11.1245
"2007-03-24",13.7645
"2007-03-25",13.8139
"2007-03-26",8.9044
"2007-03-27",11.5041
"2007-03-28",15.6544
"2007-03-29",7.2549
"2007-03-30",4.3745
"2007-03-31",10.7507
"2007-04-01",12.6015
"2007-04-02",16.0708
"2007-04-03",15.0114
"2007-04-04",11.4708
"2007-04-05",3.5808
"2007-04-06",-0.7788
"2007-04-07",-0.0093
"2007-04-08",-3.8593
"2007-04-09",-0.7696
"2007-04-10",1.4206
"2007-04-11",4.6805
"2007-04-12",10.0708
"2007-04-13",5.6606
"2007-04-14",9.1115
"2007-04-15",5.8711
"2007-04-16",3.9811
"2007-04-17",3.2104
"2007-04-18",5.7515
"2007-04-19",7.5505
"2007-04-20",6.3013
"2007-04-21",7.3711
"2007-04-22",8.7112
"2007-04-23",10.9313
"2007-04-24",12.521
"2007-04-25",14.9308
"2007-04-26",14.5214
"2007-04-27",17.9907
"2007-04-28",12.9109
"2007-04-29",10.141
"2007-04-30",11.5421
"2007-05-01",13.9025
"2007-05-02",15.4416
"2007-05-03",15.292
"2007-05-04",12.2518
"2007-05-05",12.8614
"2007-05-06",6.3818
"2007-05-07",3.4221
"2007-05-08",6.2323
"2007-05-09",13.0616
"2007-05-10",15.5716
"2007-05-11",16.7023
"2007-05-12",20.3419
"2007-05-13",12.2817
"2007-05-14",8.5122
"2007-05-15",10.302
"2007-05-16",14.8825
"2007-05-17",14.0325
"2007-05-18",10.5218
"2007-05-19",7.0525
"2007-05-20",8.8515
"2007-05-21",11.312
"2007-05-22",14.4719
"2007-05-23",16.1916
"2007-05-24",13.7725
"2007-05-25",15.5923
"2007-05-26",14.7019
"2007-05-27",15.4416
"2007-05-28",16.1824
"2007-05-29",16.8415
"2007-05-30",18.7418
"2007-05-31",15.7384
"2007-06-01",18.9592
"2007-06-02",16.4987
"2007-06-03",17.6594
"2007-06-04",15.9983
"2007-06-05",19.2594
"2007-06-06",18.5094
"2007-06-07",16.5091
"2007-06-08",21.759
"2007-06-09",23.1486
"2007-06-10",19.2192
"2007-06-11",16.8691
"2007-06-12",19.1191
"2007-06-13",18.1988
"2007-06-14",15.7188
"2007-06-15",13.669
"2007-06-16",14.3488
"2007-06-17",19.1087
"2007-06-18",19.4492
"2007-06-19",20.1486
"2007-06-20",19.6586
"2007-06-21",16.1686
"2007-06-22",17.0394
"2007-06-23",18.269
"2007-06-24",17.6789
"2007-06-25",21.5692
"2007-06-26",20.1889
"2007-06-27",20.4086
"2007-06-28",22.1087
"2007-06-29",22.8484
"2007-06-30",20.7284
"2007-07-01",19.9082
"2007-07-02",17.1682
"2007-07-03",15.4979
"2007-07-04",17.7077
"2007-07-05",16.1179
"2007-07-06",20.1383
"2007-07-07",22.5585
"2007-07-08",20.8975
"2007-07-09",23.2579
"2007-07-10",23.1981
"2007-07-11",21.3875
"2007-07-12",19.088
"2007-07-13",17.7284
"2007-07-14",15.7476
"2007-07-15",18.6475
"2007-07-16",22.2778
"2007-07-17",22.7678
"2007-07-18",23.3085
"2007-07-19",21.1379
"2007-07-20",21.8281
"2007-07-21",17.3683
"2007-07-22",13.6379
"2007-07-23",17.3982
"2007-07-24",16.8081
"2007-07-25",17.7779
"2007-07-26",19.8875
"2007-07-27",21.4577
"2007-07-28",21.0079
"2007-07-29",22.1179
"2007-07-30",21.5577
"2007-07-31",19.8415
"2007-08-01",21.3219
"2007-08-02",19.8012
"2007-08-03",21.4116
"2007-08-04",21.5221
"2007-08-05",21.4818
"2007-08-06",22.7218
"2007-08-07",25.1317
"2007-08-08",26.3016
"2007-08-09",25.0615
"2007-08-10",24.5416
"2007-08-11",23.7813
"2007-08-12",22.0213
"2007-08-13",19.5516
"2007-08-14",19.0915
"2007-08-15",18.8913
"2007-08-16",22.6517
"2007-08-17",22.6712
"2007-08-18",21.0712
"2007-08-19",18.7418
"2007-08-20",20.6916
"2007-08-21",24.0412
"2007-08-22",23.5017
"2007-08-23",22.861
"2007-08-24",21.6912
"2007-08-25",21.2518
"2007-08-26",21.4611
"2007-08-27",22.9312
"2007-08-28",22.922
"2007-08-29",23.1221
"2007-08-30",20.5811
"2007-08-31",21.2541
"2007-09-01",20.534
"2007-09-02",18.3035
"2007-09-03",17.0037
"2007-09-04",17.4535
"2007-09-05",17.2637
"2007-09-06",17.2832
"2007-09-07",19.4032
"2007-09-08",16.4136
"2007-09-09",17.5639
"2007-09-10",17.3039
"2007-09-11",20.2337
"2007-09-12",21.284
"2007-09-13",19.3538
"2007-09-14",18.3542
"2007-09-15",16.4642
"2007-09-16",12.1943
"2007-09-17",8.2833
"2007-09-18",10.0938
"2007-09-19",14.1233
"2007-09-20",15.774
"2007-09-21",16.5539
"2007-09-22",19.6137
"2007-09-23",18.9442
"2007-09-24",16.8634
"2007-09-25",14.7641
"2007-09-26",16.5838
"2007-09-27",17.4339
"2007-09-28",14.5133
"2007-09-29",9.9834
"2007-09-30",8.4109
"2007-10-01",11.9608
"2007-10-02",15.0413
"2007-10-03",16.6804
"2007-10-04",17.4408
"2007-10-05",19.8208
"2007-10-06",17.2809
"2007-10-07",18.1804
"2007-10-08",17.7502
"2007-10-09",20.0002
"2007-10-10",17.8204
"2007-10-11",6.4807
"2007-10-12",4.5505
"2007-10-13",5.5202
"2007-10-14",8.5708
"2007-10-15",9.1506
"2007-10-16",11.1003
"2007-10-17",15.7706
"2007-10-18",16.7805
"2007-10-19",19.0202
"2007-10-20",11.8906
"2007-10-21",9.8304
"2007-10-22",13.6506
"2007-10-23",15.4703
"2007-10-24",18.981
"2007-10-25",15.2909
"2007-10-26",14.1302
"2007-10-27",10.4412
"2007-10-28",6.2806
"2007-10-29",1.4804
"2007-10-30",0.2208
"2007-10-31",4.3377
"2007-11-01",12.4979
"2007-11-02",6.5682
"2007-11-03",2.6479
"2007-11-04",2.9286
"2007-11-05",2.5283
"2007-11-06",2.6387
"2007-11-07",-3.3923
"2007-11-08",-2.7723
"2007-11-09",0.8983
"2007-11-10",4.0088
"2007-11-11",1.638
"2007-11-12",1.3884
"2007-11-13",6.3185
"2007-11-14",9.7879
"2007-11-15",3.5383
"2007-11-16",-0.872
"2007-11-17",-1.5622
"2007-11-18",4.4183
"2007-11-19",8.2487
"2007-11-20",5.7687
"2007-11-21",8.128
"2007-11-22",13.6184
"2007-11-23",-1.5817
"2007-11-24",-5.8516
"2007-11-25",1.998
"2007-11-26",7.4286
"2007-11-27",4.1387
"2007-11-28",-1.232
"2007-11-29",1.3182
"2007-11-30",4.2986
"2007-12-01",-1.3608
"2007-12-02",-0.8007
"2007-12-03",0.4187
"2007-12-04",-4.1607
"2007-12-05",1.3585
"2007-12-06",-3.7914
"2007-12-07",-4.3516
"2007-12-08",4.7783
"2007-12-09",9.7384
"2007-12-10",12.2783
"2007-12-11",11.2384
"2007-12-12",13.8691
"2007-12-13",12.399
"2007-12-14",9.6682
"2007-12-15",5.5893
"2007-12-16",0.3888
"2007-12-17",-4.0111
"2007-12-18",-5.0211
"2007-12-19",-2.9609
"2007-12-20",1.4689
"2007-12-21",3.4888
"2007-12-22",5.0084
"2007-12-23",9.1587
"2007-12-24",1.5482
"2007-12-25",1.669
"2007-12-26",1.1192
"2007-12-27",-0.6212
"2007-12-28",4.6587
"2007-12-29",13.0489
"2007-12-30",12.1184
"2007-12-31",4.9543
"2008-01-01",-1.0255
"2008-01-02",-6.4152
"2008-01-03",-8.6555
"2008-01-04",-8.496
"2008-01-05",-6.1058
"2008-01-06",-0.036
"2008-01-07",5.6643
"2008-01-08",9.044
"2008-01-09",11.4439
"2008-01-10",11.9548
"2008-01-11",10.8442
"2008-01-12",6.234
"2008-01-13",4.9244
"2008-01-14",-0.1859
"2008-01-15",-3.9158
"2008-01-16",-5.3562
"2008-01-17",-2.4851
"2008-01-18",-3.2058
"2008-01-19",0.7039
"2008-01-20",-8.6759
"2008-01-21",-10.5757
"2008-01-22",-7.3051
"2008-01-23",0.2038
"2008-01-24",-0.9259
"2008-01-25",-6.5459
"2008-01-26",-2.966
"2008-01-27",-4.3056
"2008-01-28",-2.9851
"2008-01-29",0.1139
"2008-01-30",0.3945
"2008-01-31",-3.5344
"2008-02-01",3.436
"2008-02-02",-1.0842
"2008-02-03",-0.8348
"2008-02-04",4.8152
"2008-02-05",7.606
"2008-02-06",13.0449
"2008-02-07",6.8661
"2008-02-08",1.0158
"2008-02-09",0.4053
"2008-02-10",0.6752
"2008-02-11",-4.8045
"2008-02-12",-3.0043
"2008-02-13",3.9253
"2008-02-14",-3.0247
"2008-02-15",-1.1946
"2008-02-16",4.086
"2008-02-17",1.1453
"2008-02-18",7.335
"2008-02-19",-0.0648
"2008-02-20",-1.4848
"2008-02-21",0.4149
"2008-02-22",-2.2643
"2008-02-23",2.1755
"2008-02-24",4.1856
"2008-02-25",2.1959
"2008-02-26",7.2354
"2008-02-27",-2.214
"2008-02-28",-5.734
"2008-02-29",-1.6323
"2008-03-01",3.3281
"2008-03-02",0.4377
"2008-03-03",2.8675
"2008-03-04",11.3671
"2008-03-05",8.8677
"2008-03-06",3.0078
"2008-03-07",7.9874
"2008-03-08",1.4979
"2008-03-09",-2.0221
"2008-03-10",1.2976
"2008-03-11",4.2671
"2008-03-12",4.9975
"2008-03-13",7.0076
"2008-03-14",8.1277
"2008-03-15",10.0071
"2008-03-16",7.8171
"2008-03-17",2.407
"2008-03-18",2.028
"2008-03-19",11.198
"2008-03-20",5.9678
"2008-03-21",2.3974
"2008-03-22",6.4679
"2008-03-23",3.6375
"2008-03-24",4.098
"2008-03-25",0.0875
"2008-03-26",2.8076
"2008-03-27",6.6574
"2008-03-28",11.5578
"2008-03-29",5.638
"2008-03-30",4.7481
"2008-03-31",4.9639
"2008-04-01",11.0337
"2008-04-02",8.6039
"2008-04-03",4.5034
"2008-04-04",9.2443
"2008-04-05",15.5443
"2008-04-06",9.044
"2008-04-07",5.6943
"2008-04-08",6.6238
"2008-04-09",8.9541
"2008-04-10",12.3937
"2008-04-11",14.6832
"2008-04-12",12.9142
"2008-04-13",7.4237
"2008-04-14",2.5233
"2008-04-15",3.514
"2008-04-16",0.6536
"2008-04-17",3.6435
"2008-04-18",7.744
"2008-04-19",9.6041
"2008-04-20",12.5232
"2008-04-21",7.8639
"2008-04-22",10.3141
"2008-04-23",12.5832
"2008-04-24",12.1934
"2008-04-25",14.5933
"2008-04-26",16.1236
"2008-04-27",15.4244
"2008-04-28",14.8835
"2008-04-29",7.1143
"2008-04-30",3.8546
"2008-05-01",6.8948
"2008-05-02",12.1047
"2008-05-03",13.1253
"2008-05-04",17.5352
"2008-05-05",12.9646
"2008-05-06",14.0656
"2008-05-07",12.5352
"2008-05-08",15.9449
"2008-05-09",17.5556
"2008-05-10",13.635
"2008-05-11",10.8646
"2008-05-12",11.0853
"2008-05-13",8.4348
"2008-05-14",8.2848
"2008-05-15",15.3057
"2008-05-16",16.2255
"2008-05-17",9.435
"2008-05-18",10.7746
"2008-05-19",12.3853
"2008-05-20",13.6446
"2008-05-21",13.6746
"2008-05-22",9.7852
"2008-05-23",12.6552
"2008-05-24",13.3052
"2008-05-25",12.6648
"2008-05-26",14.9447
"2008-05-27",16.7053
"2008-05-28",11.9152
"2008-05-29",11.4247
"2008-05-30",12.8854
"2008-05-31",19.4457
"2008-06-01",20.1557
"2008-06-02",18.7453
"2008-06-03",17.9849
"2008-06-04",18.8556
"2008-06-05",22.5651
"2008-06-06",23.2248
"2008-06-07",22.2449
"2008-06-08",22.0554
"2008-06-09",22.065
"2008-06-10",22.5448
"2008-06-11",21.3047
"2008-06-12",20.6546
"2008-06-13",20.5155
"2008-06-14",18.4155
"2008-06-15",22.5855
"2008-06-16",20.6247
"2008-06-17",18.0749
"2008-06-18",12.5352
"2008-06-19",16.0648
"2008-06-20",17.0147
"2008-06-21",18.605
"2008-06-22",18.0653
"2008-06-23",19.7156
"2008-06-24",19.3654
"2008-06-25",19.3354
"2008-06-26",20.765
"2008-06-27",21.2951
"2008-06-28",21.2951
"2008-06-29",21.5757
"2008-06-30",20.9904
"2008-07-01",14.05
"2008-07-02",13.1601
"2008-07-03",14.5393
"2008-07-04",18.2596
"2008-07-05",20.3596
"2008-07-06",20.4795
"2008-07-07",20.44
"2008-07-08",19.2502
"2008-07-09",21.3502
"2008-07-10",21.8096
"2008-07-11",21.2699
"2008-07-12",19.4301
"2008-07-13",20.9497
"2008-07-14",20.6594
"2008-07-15",18.0293
"2008-07-16",19.9494
"2008-07-17",17.8302
"2008-07-18",20.0298
"2008-07-19",20.44
"2008-07-20",21.6297
"2008-07-21",20.5899
"2008-07-22",22.7894
"2008-07-23",21.71
"2008-07-24",19.6904
"2008-07-25",18.4395
"2008-07-26",20.3704
"2008-07-27",21.1799
"2008-07-28",21.5301
"2008-07-29",21.3994
"2008-07-30",22.1598
"2008-07-31",23.7489
"2008-08-01",23.3291
"2008-08-02",22.5484
"2008-08-03",21.2987
"2008-08-04",21.9883
"2008-08-05",23.1684
"2008-08-06",23.8592
"2008-08-07",22.2281
"2008-08-08",19.2982
"2008-08-09",16.3191
"2008-08-10",17.8782
"2008-08-11",17.8386
"2008-08-12",13.9588
"2008-08-13",16.0588
"2008-08-14",14.1088
"2008-08-15",18.0893
"2008-08-16",20.4591
"2008-08-17",18.5582
"2008-08-18",18.629
"2008-08-19",18.6482
"2008-08-20",19.2886
"2008-08-21",19.4193
"2008-08-22",17.8182
"2008-08-23",17.5892
"2008-08-24",20.6091
"2008-08-25",19.4085
"2008-08-26",20.1485
"2008-08-27",20.0286
"2008-08-28",19.4181
"2008-08-29",18.8988
"2008-08-30",21.8791
"2008-08-31",22.6419
"2008-09-01",20.0022
"2008-09-02",18.2416
"2008-09-03",16.5818
"2008-09-04",16.9823
"2008-09-05",17.7223
"2008-09-06",19.9722
"2008-09-07",21.8623
"2008-09-08",21.7424
"2008-09-09",21.9715
"2008-09-10",20.8321
"2008-09-11",19.5225
"2008-09-12",20.4315
"2008-09-13",20.8621
"2008-09-14",23.3015
"2008-09-15",22.432
"2008-09-16",12.5916
"2008-09-17",8.6818
"2008-09-18",14.2826
"2008-09-19",12.4621
"2008-09-20",12.4621
"2008-09-21",13.412
"2008-09-22",15.7518
"2008-09-23",12.8123
"2008-09-24",10.9318
"2008-09-25",11.872
"2008-09-26",16.2016
"2008-09-27",17.0015
"2008-09-28",18.1217
"2008-09-29",17.2018
"2008-09-30",16.7617
"2008-10-01",11.6609
"2008-10-02",7.0412
"2008-10-03",8.8713
"2008-10-04",9.3318
"2008-10-05",11.9416
"2008-10-06",12.4921
"2008-10-07",11.7221
"2008-10-08",10.6415
"2008-10-09",15.9617
"2008-10-10",16.3419
"2008-10-11",15.3416
"2008-10-12",12.7715
"2008-10-13",10.1318
"2008-10-14",11.0217
"2008-10-15",11.3311
"2008-10-16",13.4011
"2008-10-17",11.0109
"2008-10-18",8.5715
"2008-10-19",3.6111
"2008-10-20",0.9414
"2008-10-21",2.1911
"2008-10-22",1.2916
"2008-10-23",-1.1082
"2008-10-24",5.3213
"2008-10-25",12.8711
"2008-10-26",7.4609
"2008-10-27",2.4214
"2008-10-28",-1.6983
"2008-10-29",-2.6889
"2008-10-30",-2.5786
"2008-10-31",0.7279
"2008-11-01",1.348
"2008-11-02",5.4484
"2008-11-03",7.5485
"2008-11-04",11.4079
"2008-11-05",11.0181
"2008-11-06",8.6279
"2008-11-07",10.1978
"2008-11-08",7.9478
"2008-11-09",3.0978
"2008-11-10",1.0482
"2008-11-11",-0.2915
"2008-11-12",0.6883
"2008-11-13",9.1675
"2008-11-14",14.1879
"2008-11-15",10.0682
"2008-11-16",2.6876
"2008-11-17",-0.9523
"2008-11-18",-3.682
"2008-11-19",-5.5817
"2008-11-20",-4.4819
"2008-11-21",-5.2519
"2008-11-22",-7.6313
"2008-11-23",-2.2919
"2008-11-24",-3.5716
"2008-11-25",-0.8216
"2008-11-26",-3.7023
"2008-11-27",-2.7717
"2008-11-28",0.1079
"2008-11-29",4.188
"2008-11-30",5.0251
"2008-12-01",2.9851
"2008-12-02",-2.0041
"2008-12-03",-2.124
"2008-12-04",-2.154
"2008-12-05",0.7855
"2008-12-06",-2.6949
"2008-12-07",-3.4049
"2008-12-08",-4.8549
"2008-12-09",-1.9849
"2008-12-10",11.475
"2008-12-11",13.8257
"2008-12-12",0.6056
"2008-12-13",-3.8139
"2008-12-14",-3.014
"2008-12-15",6.7761
"2008-12-16",10.085
"2008-12-17",9.3354
"2008-12-18",11.7161
"2008-12-19",11.0457
"2008-12-20",9.2551
"2008-12-21",0.6752
"2008-12-22",-5.8947
"2008-12-23",-7.1348
"2008-12-24",-0.2447
"2008-12-25",7.7056
"2008-12-26",3.9961
"2008-12-27",5.825
"2008-12-28",10.885
"2008-12-29",5.2254
"2008-12-30",0.4053
"2008-12-31",-2.5846
"2009-01-01",-5.2553
"2009-01-02",-4.6949
"2009-01-03",-0.2155
"2009-01-04",6.455
"2009-01-05",8.2744
"2009-01-06",12.7947
"2009-01-07",5.2849
"2009-01-08",1.5451
"2009-01-09",-2.5351
"2009-01-10",-0.6748
"2009-01-11",7.1945
"2009-01-12",-0.6351
"2009-01-13",-2.5051
"2009-01-14",-3.0955
"2009-01-15",-4.3557
"2009-01-16",-8.7257
"2009-01-17",-11.3749
"2009-01-18",-5.3058
"2009-01-19",-3.7749
"2009-01-20",-5.7952
"2009-01-21",-9.1551
"2009-01-22",-7.5449
"2009-01-23",-3.1857
"2009-01-24",2.7752
"2009-01-25",-2.2754
"2009-01-26",-0.2852
"2009-01-27",2.5648
"2009-01-28",4.8749
"2009-01-29",2.7043
"2009-01-30",-0.8756
"2009-01-31",-3.8724
"2009-02-01",-1.7222
"2009-02-02",-0.082
"2009-02-03",0.9282
"2009-02-04",-5.1218
"2009-02-05",-7.6014
"2009-02-06",-6.9821
"2009-02-07",-2.772
"2009-02-08",2.2581
"2009-02-09",5.998
"2009-02-10",4.4985
"2009-02-11",9.0585
"2009-02-12",7.1284
"2009-02-13",2.4878
"2009-02-14",5.048
"2009-02-15",4.9783
"2009-02-16",0.6576
"2009-02-17",-4.6023
"2009-02-18",0.678
"2009-02-19",0.8187
"2009-02-20",-4.3714
"2009-02-21",-3.152
"2009-02-22",-1.792
"2009-02-23",-3.8724
"2009-02-24",-6.1523
"2009-02-25",-3.8423
"2009-02-26",0.7779
"2009-02-27",8.0784
"2009-02-28",5.8549
"2009-03-01",0.3257
"2009-03-02",-4.2451
"2009-03-03",-8.7053
"2009-03-04",-6.0946
"2009-03-05",-3.2145
"2009-03-06",1.0352
"2009-03-07",8.4957
"2009-03-08",9.3254
"2009-03-09",11.6848
"2009-03-10",5.9656
"2009-03-11",11.3252
"2009-03-12",6.1351
"2009-03-13",1.2552
"2009-03-14",1.8649
"2009-03-15",5.5447
"2009-03-16",8.8649
"2009-03-17",6.9252
"2009-03-18",3.1853
"2009-03-19",6.4947
"2009-03-20",4.9446
"2009-03-21",0.6251
"2009-03-22",-0.385
"2009-03-23",3.0254
"2009-03-24",2.9749
"2009-03-25",4.0848
"2009-03-26",7.9052
"2009-03-27",13.2745
"2009-03-28",13.0352
"2009-03-29",10.5051
"2009-03-30",5.2056
"2009-03-31",5.576
"2009-04-01",10.2754
"2009-04-02",11.9951
"2009-04-03",10.9452
"2009-04-04",6.9757
"2009-04-05",7.9557
"2009-04-06",7.7261
"2009-04-07",3.6759
"2009-04-08",2.1656
"2009-04-09",6.075
"2009-04-10",8.8757
"2009-04-11",9.9856
"2009-04-12",5.9752
"2009-04-13",6.6955
"2009-04-14",11.7557
"2009-04-15",10.065
"2009-04-16",5.7251
"2009-04-17",2.8354
"2009-04-18",5.7154
"2009-04-19",7.7453
"2009-04-20",13.426
"2009-04-21",11.805
"2009-04-22",7.5649
"2009-04-23",5.5351
"2009-04-24",11.4455
"2009-04-25",15.8251
"2009-04-26",15.415
"2009-04-27",14.0153
"2009-04-28",13.2757
"2009-04-29",13.4657
"2009-04-30",13.7543
"2009-05-01",16.2448
"2009-05-02",17.8454
"2009-05-03",18.9853
"2009-05-04",18.235
"2009-05-05",17.8754
"2009-05-06",17.4654
"2009-05-07",18.615
"2009-05-08",17.2549
"2009-05-09",19.8945
"2009-05-10",16.715
"2009-05-11",9.9051
"2009-05-12",8.2347
"2009-05-13",10.7047
"2009-05-14",12.5554
"2009-05-15",17.315
"2009-05-16",17.7852
"2009-05-17",9.2749
"2009-05-18",6.8145
"2009-05-19",4.0451
"2009-05-20",9.0549
"2009-05-21",14.9545
"2009-05-22",14.5853
"2009-05-23",16.9146
"2009-05-24",17.7949
"2009-05-25",17.885
"2009-05-26",17.8249
"2009-05-27",18.3949
"2009-05-28",19.8945
"2009-05-29",21.275
"2009-05-30",18.3252
"2009-05-31",15.3152
"2009-06-01",17.7155
"2009-06-02",19.0058
"2009-06-03",17.8454
"2009-06-04",18.5356
"2009-06-05",18.0149
"2009-06-06",17.3655
"2009-06-07",17.576
"2009-06-08",17.7059
"2009-06-09",20.5558
"2009-06-10",20.8649
"2009-06-11",20.806
"2009-06-12",22.445
"2009-06-13",20.2552
"2009-06-14",21.0753
"2009-06-15",20.9551
"2009-06-16",19.215
"2009-06-17",17.9957
"2009-06-18",19.6059
"2009-06-19",21.0753
"2009-06-20",22.4354
"2009-06-21",20.456
"2009-06-22",19.1958
"2009-06-23",17.665
"2009-06-24",18.6053
"2009-06-25",18.8651
"2009-06-26",20.7952
"2009-06-27",21.756
"2009-06-28",18.716
"2009-06-29",19.6059
"2009-06-30",15.3537
"2009-07-01",16.834
"2009-07-02",17.9932
"2009-07-03",15.4932
"2009-07-04",13.7543
"2009-07-05",20.0941
"2009-07-06",21.4433
"2009-07-07",20.3839
"2009-07-08",20.5234
"2009-07-09",18.6234
"2009-07-10",18.4334
"2009-07-11",17.8237
"2009-07-12",21.3038
"2009-07-13",23.7341
"2009-07-14",19.1044
"2009-07-15",15.694
"2009-07-16",21.8738
"2009-07-17",24.4244
"2009-07-18",20.7134
"2009-07-19",14.5637
"2009-07-20",17.1142
"2009-07-21",18.4634
"2009-07-22",17.2333
"2009-07-23",20.2035
"2009-07-24",22.2141
"2009-07-25",22.5244
"2009-07-26",21.8438
"2009-07-27",21.8137
"2009-07-28",21.5239
"2009-07-29",23.5033
"2009-07-30",23.2435
"2009-07-31",22.9344
"2009-08-01",22.6939
"2009-08-02",22.6747
"2009-08-03",21.9039
"2009-08-04",19.2138
"2009-08-05",20.1746
"2009-08-06",21.5046
"2009-08-07",16.9447
"2009-08-08",20.9948
"2009-08-09",18.4947
"2009-08-10",21.0946
"2009-08-11",24.8741
"2009-08-12",22.8647
"2009-08-13",20.414
"2009-08-14",20.9539
"2009-08-15",20.8745
"2009-08-16",21.7945
"2009-08-17",22.124
"2009-08-18",20.3442
"2009-08-19",20.0243
"2009-08-20",21.4842
"2009-08-21",22.9741
"2009-08-22",22.6038
"2009-08-23",20.1843
"2009-08-24",19.494
"2009-08-25",19.3641
"2009-08-26",21.8642
"2009-08-27",20.3141
"2009-08-28",20.634
"2009-08-29",20.3141
"2009-08-30",22.0843
"2009-08-31",18.5308
"2009-09-01",16.3109
"2009-09-02",16.5009
"2009-09-03",15.8215
"2009-09-04",13.2012
"2009-09-05",14.0213
"2009-09-06",14.7909
"2009-09-07",16.7919
"2009-09-08",15.4319
"2009-09-09",13.8614
"2009-09-10",14.6514
"2009-09-11",14.9617
"2009-09-12",15.5016
"2009-09-13",15.801
"2009-09-14",17.3511
"2009-09-15",17.6109
"2009-09-16",20.6412
"2009-09-17",17.9716
"2009-09-18",17.1515
"2009-09-19",16.8617
"2009-09-20",18.0317
"2009-09-21",18.1616
"2009-09-22",19.0515
"2009-09-23",19.0719
"2009-09-24",21.3712
"2009-09-25",17.2212
"2009-09-26",15.7914
"2009-09-27",14.5709
"2009-09-28",11.0715
"2009-09-29",8.4909
"2009-09-30",9.1799
"2009-10-01",12.82
"2009-10-02",9.7692
"2009-10-03",16.08
"2009-10-04",9.6393
"2009-10-05",9.4192
"2009-10-06",12.2692
"2009-10-07",14.5192
"2009-10-08",8.7398
"2009-10-09",14.4698
"2009-10-10",16.0295
"2009-10-11",13.9492
"2009-10-12",12.9799
"2009-10-13",11.9193
"2009-10-14",5.6493
"2009-10-15",5.9692
"2009-10-16",8.7194
"2009-10-17",7.2595
"2009-10-18",3.6399
"2009-10-19",0.8596
"2009-10-20",1.7796
"2009-10-21",4.3999
"2009-10-22",6.1099
"2009-10-23",12.4496
"2009-10-24",16.2797
"2009-10-25",8.86
"2009-10-26",9.3098
"2009-10-27",11.3397
"2009-10-28",12.6396
"2009-10-29",8.7194
"2009-10-30",11.6198
"2009-10-31",12.6204
"2009-11-01",9.4806
"2009-11-02",8.0507
"2009-11-03",4.371
"2009-11-04",2.3508
"2009-11-05",5.5615
"2009-11-06",0.6311
"2009-11-07",0.9715
"2009-11-08",3.4114
"2009-11-09",8.1013
"2009-11-10",12.1814
"2009-11-11",8.2504
"2009-11-12",6.3311
"2009-11-13",6.0606
"2009-11-14",9.7006
"2009-11-15",9.2004
"2009-11-16",7.1813
"2009-11-17",6.8807
"2009-11-18",7.1609
"2009-11-19",10.6506
"2009-11-20",7.8211
"2009-11-21",4.2904
"2009-11-22",4.7714
"2009-11-23",7.1308
"2009-11-24",6.0509
"2009-11-25",5.5014
"2009-11-26",4.4107
"2009-11-27",1.3911
"2009-11-28",-2.5195
"2009-11-29",0.9005
"2009-11-30",4.8256
"2009-12-01",-0.854
"2009-12-02",2.4157
"2009-12-03",9.6261
"2009-12-04",4.4756
"2009-12-05",2.3159
"2009-12-06",-3.7136
"2009-12-07",-3.7737
"2009-12-08",0.9065
"2009-12-09",7.4555
"2009-12-10",-0.9141
"2009-12-11",-4.6336
"2009-12-12",-5.5739
"2009-12-13",0.0058
"2009-12-14",2.8859
"2009-12-15",9.4661
"2009-12-16",-1.8545
"2009-12-17",-4.1441
"2009-12-18",-2.8634
"2009-12-19",-2.4834
"2009-12-20",-1.9134
"2009-12-21",-3.3937
"2009-12-22",-2.374
"2009-12-23",-3.4743
"2009-12-24",-3.7641
"2009-12-25",-1.5334
"2009-12-26",4.5562
"2009-12-27",-0.9237
"2009-12-28",-2.0541
"2009-12-29",-4.6937
"2009-12-30",-6.0537
"2009-12-31",-1.8088
"2010-01-01",-4.1821
"2010-01-02",-7.9327
"2010-01-03",-8.2825
"2010-01-04",-8.1527
"2010-01-05",-6.9722
"2010-01-06",-6.7029
"2010-01-07",-6.8424
"2010-01-08",-6.3519
"2010-01-09",-7.102
"2010-01-10",-9.6721
"2010-01-11",-9.5819
"2010-01-12",-6.7919
"2010-01-13",-6.9626
"2010-01-14",-5.3626
"2010-01-15",-3.2829
"2010-01-16",-0.553
"2010-01-17",7.4374
"2010-01-18",2.0472
"2010-01-19",2.088
"2010-01-20",3.4873
"2010-01-21",3.0077
"2010-01-22",0.7778
"2010-01-23",0.9881
"2010-01-24",5.8073
"2010-01-25",1.9871
"2010-01-26",-2.742
"2010-01-27",-2.2828
"2010-01-28",-0.5121
"2010-01-29",-2.7528
"2010-01-30",-7.2823
"2010-01-31",-7.203
"2010-02-01",-5.5934
"2010-02-02",0.7669
"2010-02-03",-1.6529
"2010-02-04",-0.5938
"2010-02-05",0.4664
"2010-02-06",-3.7638
"2010-02-07",-4.1136
"2010-02-08",-1.7731
"2010-02-09",-1.1829
"2010-02-10",-2.5737
"2010-02-11",-2.7733
"2010-02-12",-2.9031
"2010-02-13",-5.0031
"2010-02-14",-3.7133
"2010-02-15",-2.5436
"2010-02-16",-4.693
"2010-02-17",-4.1929
"2010-02-18",-4.0439
"2010-02-19",-3.533
"2010-02-20",-2.5833
"2010-02-21",-0.2633
"2010-02-22",3.8166
"2010-02-23",6.1668
"2010-02-24",1.1264
"2010-02-25",-2.4331
"2010-02-26",-2.7035
"2010-02-27",-2.0039
"2010-02-28",-2.1422
"2010-03-01",-1.4221
"2010-03-02",0.1875
"2010-03-03",-0.3017
"2010-03-04",-3.1519
"2010-03-05",-1.6325
"2010-03-06",-3.0521
"2010-03-07",-1.7827
"2010-03-08",1.148
"2010-03-09",2.7083
"2010-03-10",9.3679
"2010-03-11",10.7973
"2010-03-12",11.1879
"2010-03-13",6.4481
"2010-03-14",5.9973
"2010-03-15",7.0984
"2010-03-16",2.0676
"2010-03-17",3.8479
"2010-03-18",5.288
"2010-03-19",4.1376
"2010-03-20",6.0273
"2010-03-21",8.7381
"2010-03-22",3.2084
"2010-03-23",2.6278
"2010-03-24",5.8073
"2010-03-25",9.4473
"2010-03-26",0.9581
"2010-03-27",3.3274
"2010-03-28",6.2774
"2010-03-29",8.4279
"2010-03-30",6.3579
"2010-03-31",6.8688
"2010-04-01",8.0985
"2010-04-02",9.7082
"2010-04-03",11.7685
"2010-04-04",13.8085
"2010-04-05",15.2883
"2010-04-06",15.5383
"2010-04-07",15.8389
"2010-04-08",12.0883
"2010-04-09",3.9188
"2010-04-10",4.5788
"2010-04-11",6.6981
"2010-04-12",7.3484
"2010-04-13",9.4581
"2010-04-14",3.9885
"2010-04-15",7.5287
"2010-04-16",13.0187
"2010-04-17",6.9181
"2010-04-18",3.9188
"2010-04-19",5.3481
"2010-04-20",9.148
"2010-04-21",7.7584
"2010-04-22",8.4784
"2010-04-23",11.8683
"2010-04-24",15.7583
"2010-04-25",18.0579
"2010-04-26",12.0486
"2010-04-27",6.858
"2010-04-28",4.4381
"2010-04-29",8.6984
"2010-04-30",14.2689
"2010-05-01",19.8791
"2010-05-02",21.5284
"2010-05-03",20.2482
"2010-05-04",15.5492
"2010-05-05",17.1191
"2010-05-06",17.1491
"2010-05-07",19.9885
"2010-05-08",11.5281
"2010-05-09",7.0082
"2010-05-10",10.8886
"2010-05-11",14.5081
"2010-05-12",17.6192
"2010-05-13",17.8884
"2010-05-14",19.3586
"2010-05-15",19.5582
"2010-05-16",18.5292
"2010-05-17",12.9586
"2010-05-18",13.3986
"2010-05-19",14.6981
"2010-05-20",13.3589
"2010-05-21",17.7286
"2010-05-22",18.6987
"2010-05-23",17.4785
"2010-05-24",18.1589
"2010-05-25",17.1684
"2010-05-26",15.8292
"2010-05-27",18.3693
"2010-05-28",17.4088
"2010-05-29",18.3392
"2010-05-30",19.8491
"2010-05-31",19.4812
"2010-06-01",20.5811
"2010-06-02",19.5113
"2010-06-03",20.7218
"2010-06-04",21.8914
"2010-06-05",22.3915
"2010-06-06",17.8415
"2010-06-07",16.5914
"2010-06-08",18.1613
"2010-06-09",21.2219
"2010-06-10",20.0714
"2010-06-11",20.2217
"2010-06-12",22.2112
"2010-06-13",22.0814
"2010-06-14",21.2916
"2010-06-15",22.4011
"2010-06-16",22.5021
"2010-06-17",21.6919
"2010-06-18",22.222
"2010-06-19",22.3014
"2010-06-20",21.4118
"2010-06-21",21.972
"2010-06-22",23.0214
"2010-06-23",24.2019
"2010-06-24",24.1117
"2010-06-25",21.7316
"2010-06-26",22.3014
"2010-06-27",22.1919
"2010-06-28",23.5612
"2010-06-29",22.1319
"2010-06-30",21.5068
"2010-07-01",16.4471
"2010-07-02",14.2966
"2010-07-03",14.977
"2010-07-04",16.9977
"2010-07-05",18.5568
"2010-07-06",20.7867
"2010-07-07",22.6271
"2010-07-08",22.1571
"2010-07-09",22.0273
"2010-07-10",22.3675
"2010-07-11",21.6871
"2010-07-12",22.0477
"2010-07-13",22.4071
"2010-07-14",22.4672
"2010-07-15",22.9878
"2010-07-16",23.7571
"2010-07-17",21.6871
"2010-07-18",23.6068
"2010-07-19",24.5769
"2010-07-20",24.5168
"2010-07-21",23.1368
"2010-07-22",24.7272
"2010-07-23",24.9376
"2010-07-24",25.5266
"2010-07-25",23.6273
"2010-07-26",23.5371
"2010-07-27",22.0477
"2010-07-28",22.7473
"2010-07-29",22.3771
"2010-07-30",20.2373
"2010-07-31",19.0845
"2010-08-01",19.1446
"2010-08-02",21.0848
"2010-08-03",22.365
"2010-08-04",24.5456
"2010-08-05",22.2448
"2010-08-06",22.0645
"2010-08-07",21.615
"2010-08-08",21.0848
"2010-08-09",22.3951
"2010-08-10",24.0756
"2010-08-11",25.0049
"2010-08-12",24.2451
"2010-08-13",23.3556
"2010-08-14",22.2052
"2010-08-15",21.4551
"2010-08-16",22.5947
"2010-08-17",23.8052
"2010-08-18",22.805
"2010-08-19",23.1753
"2010-08-20",20.0955
"2010-08-21",21.4851
"2010-08-22",22.335
"2010-08-23",20.7146
"2010-08-24",19.0557
"2010-08-25",19.575
"2010-08-26",19.5449
"2010-08-27",19.9849
"2010-08-28",19.4656
"2010-08-29",17.8355
"2010-08-30",18.4654
"2010-08-31",19.2107
"2010-09-01",17.3607
"2010-09-02",19.361
"2010-09-03",20.6509
"2010-09-04",13.4214
"2010-09-05",15.3208
"2010-09-06",17.0205
"2010-09-07",19.1013
"2010-09-08",17.2309
"2010-09-09",16.5806
"2010-09-10",17.5206
"2010-09-11",18.7215
"2010-09-12",15.3508
"2010-09-13",14.5911
"2010-09-14",14.6115
"2010-09-15",17.2706
"2010-09-16",19.7913
"2010-09-17",19.111
"2010-09-18",14.9409
"2010-09-19",15.7908
"2010-09-20",17.6913
"2010-09-21",18.7612
"2010-09-22",19.6711
"2010-09-23",19.2913
"2010-09-24",19.1615
"2010-09-25",20.1111
"2010-09-26",19.5413
"2010-09-27",17.6408
"2010-09-28",16.8005
"2010-09-29",17.4412
"2010-09-30",17.2525
"2010-10-01",10.2827
"2010-10-02",10.7924
"2010-10-03",10.4522
"2010-10-04",8.4928
"2010-10-05",6.0718
"2010-10-06",7.3725
"2010-10-07",8.6527
"2010-10-08",9.2826
"2010-10-09",9.7226
"2010-10-10",11.932
"2010-10-11",13.7219
"2010-10-12",15.2318
"2010-10-13",15.8521
"2010-10-14",5.6426
"2010-10-15",5.9925
"2010-10-16",4.5728
"2010-10-17",6.9325
"2010-10-18",9.0722
"2010-10-19",9.8224
"2010-10-20",9.5122
"2010-10-21",6.7221
"2010-10-22",3.3923
"2010-10-23",4.9623
"2010-10-24",8.9027
"2010-10-25",16.0228
"2010-10-26",19.6627
"2010-10-27",20.6821
"2010-10-28",10.1325
"2010-10-29",2.3729
"2010-10-30",4.342
"2010-10-31",7.2054
"2010-11-01",6.4649
"2010-11-02",6.7149
"2010-11-03",8.4147
"2010-11-04",4.3648
"2010-11-05",3.7349
"2010-11-06",-0.2549
"2010-11-07",-0.7645
"2010-11-08",2.0051
"2010-11-09",4.9346
"2010-11-10",5.1847
"2010-11-11",1.3548
"2010-11-12",0.6455
"2010-11-13",0.3654
"2010-11-14",1.475
"2010-11-15",4.7651
"2010-11-16",10.6854
"2010-11-17",1.9654
"2010-11-18",1.6649
"2010-11-19",2.1457
"2010-11-20",2.9752
"2010-11-21",4.7255
"2010-11-22",7.9146
"2010-11-23",7.1453
"2010-11-24",4.2747
"2010-11-25",6.3856
"2010-11-26",2.4655
"2010-11-27",-1.3752
"2010-11-28",-1.7154
"2010-11-29",1.3451
"2010-11-30",12.0126
"2010-12-01",-3.5666
"2010-12-02",-2.867
"2010-12-03",-2.0977
"2010-12-04",-1.1973
"2010-12-05",-4.8072
"2010-12-06",-6.5274
"2010-12-07",-8.7068
"2010-12-08",-8.4868
"2010-12-09",-6.8376
"2010-12-10",-4.937
"2010-12-11",0.1034
"2010-12-12",-2.9367
"2010-12-13",-7.5877
"2010-12-14",-9.6973
"2010-12-15",-9.3776
"2010-12-16",-1.3776
"2010-12-17",-1.9366
"2010-12-18",-0.9172
"2010-12-19",-5.6367
"2010-12-20",-5.7076
"2010-12-21",-0.2873
"2010-12-22",-0.8571
"2010-12-23",-5.7076
"2010-12-24",-5.0272
"2010-12-25",-2.5076
"2010-12-26",-5.9672
"2010-12-27",-6.4974
"2010-12-28",-6.3567
"2010-12-29",-4.5572
"2010-12-30",-3.117
"2010-12-31",3.9668
"2011-01-01",3.9668
"2011-01-02",1.3671
"2011-01-03",-4.6689
"2011-01-04",-5.9939
"2011-01-05",-3.6789
"2011-01-06",0.9969
"2011-01-07",0.049
"2011-01-08",-7.4314
"2011-01-09",-9.45
"2011-01-10",-5.8638
"2011-01-11",-4.8329
"2011-01-12",-7.8496
"2011-01-13",-9.334
"2011-01-14",-9.7652
"2011-01-15",-7.6938
"2011-01-16",-5.1949
"2011-01-17",-3.8991
"2011-01-18",1.5346
"2011-01-19",3.163
"2011-01-20",-0.9655
"2011-01-21",-5.1269
"2011-01-22",-8.4858
"2011-01-23",-9.3141
"2011-01-24",-6.2739
"2011-01-25",-2.2496
"2011-01-26",-1.5853
"2011-01-27",-3.8593
"2011-01-28",-3.3157
"2011-01-29",-1.4341
"2011-01-30",-0.6586
"2011-01-31",-0.3235
"2011-02-01",-0.8413
"2011-02-02",4.6463
"2011-02-03",-1.3299
"2011-02-04",-1.6567
"2011-02-05",-0.8062
"2011-02-06",-1.2994
"2011-02-07",-0.4688
"2011-02-08",-3.3251
"2011-02-09",-4.9114
"2011-02-10",-3.6308
"2011-02-11",-4.54
"2011-02-12",-5.2008
"2011-02-13",-2.7873
"2011-02-14",0.3314
"2011-02-15",-0.6305
"2011-02-16",-2.2613
"2011-02-17",6.5149
"2011-02-18",10.2065
"2011-02-19",4.0874
"2011-02-20",0.0971
"2011-02-21",7.8903
"2011-02-22",2.5785
"2011-02-23",0.6746
"2011-02-24",1.1421
"2011-02-25",3.9949
"2011-02-26",-0.9948
"2011-02-27",4.0828
"2011-02-28",10.7466
"2011-03-01",0.8773
"2011-03-02",-0.7863
"2011-03-03",-2.2367
"2011-03-04",-3.4153
"2011-03-05",3.4841
"2011-03-06",2.5398
"2011-03-07",-1.583
"2011-03-08",-0.7406
"2011-03-09",3.3411
"2011-03-10",5.7218
"2011-03-11",0.1346
"2011-03-12",-1.515
"2011-03-13",4.4611
"2011-03-14",4.9579
"2011-03-15",4.6556
"2011-03-16",7.7099
"2011-03-17",4.6322
"2011-03-18",7.3338
"2011-03-19",9.008
"2011-03-20",6.3532
"2011-03-21",7.5881
"2011-03-22",12.4325
"2011-03-23",13.4424
"2011-03-24",8.8299
"2011-03-25",6.2584
"2011-03-26",6.5712
"2011-03-27",2.1895
"2011-03-28",0.759
"2011-03-29",-1.2104
"2011-03-30",4.4202
"2011-03-31",4.7751
"2011-04-01",4.8993
"2011-04-02",3.5907
"2011-04-03",3.0951
"2011-04-04",8.9096
"2011-04-05",4.1847
"2011-04-06",3.2252
"2011-04-07",5.8272
"2011-04-08",9.8843
"2011-04-09",13.1261
"2011-04-10",11.9767
"2011-04-11",14.0645
"2011-04-12",11.2598
"2011-04-13",10.1163
"2011-04-14",9.6723
"2011-04-15",9.2751
"2011-04-16",8.5464
"2011-04-17",6.843
"2011-04-18",7.5775
"2011-04-19",10.715
"2011-04-20",15.1247
"2011-04-21",11.1227
"2011-04-22",9.9945
"2011-04-23",13.4494
"2011-04-24",17.1926
"2011-04-25",17.7256
"2011-04-26",16.9629
"2011-04-27",16.0491
"2011-04-28",14.2824
"2011-04-29",11.0559
"2011-04-30",9.718
"2011-05-01",9.7285
"2011-05-02",12.8062
"2011-05-03",13.474
"2011-05-04",7.0972
"2011-05-05",5.0856
"2011-05-06",6.4259
"2011-05-07",10.5205
"2011-05-08",10.5474
"2011-05-09",11.4741
"2011-05-10",14.1324
"2011-05-11",15.3837
"2011-05-12",15.0791
"2011-05-13",16.6982
"2011-05-14",17.9271
"2011-05-15",17.366
"2011-05-16",14.9373
"2011-05-17",12.607
"2011-05-18",11.7518
"2011-05-19",12.7957
"2011-05-20",15.4809
"2011-05-21",14.5226
"2011-05-22",17.7127
"2011-05-23",17.9881
"2011-05-24",17.5335
"2011-05-25",18.9534
"2011-05-26",18.5504
"2011-05-27",17.3894
"2011-05-28",17.9342
"2011-05-29",18.5586
"2011-05-30",20.241
"2011-05-31",20.1941
"2011-06-01",21.3493
"2011-06-02",20.6065
"2011-06-03",17.1047
"2011-06-04",15.7351
"2011-06-05",18.4204
"2011-06-06",18.0384
"2011-06-07",17.5241
"2011-06-08",20.2902
"2011-06-09",19.975
"2011-06-10",19.9633
"2011-06-11",18.9874
"2011-06-12",18.773
"2011-06-13",19.7091
"2011-06-14",17.4398
"2011-06-15",17.5956
"2011-06-16",17.5101
"2011-06-17",18.3466
"2011-06-18",20.0043
"2011-06-19",19.7325
"2011-06-20",21.4395
"2011-06-21",20.0535
"2011-06-22",23.6327
"2011-06-23",21.4852
"2011-06-24",20.3722
"2011-06-25",19.3682
"2011-06-26",17.6612
"2011-06-27",21.969
"2011-06-28",20.8338
"2011-06-29",22.2092
"2011-06-30",18.9534
"2011-07-01",18.438
"2011-07-02",18.5235
"2011-07-03",19.7056
"2011-07-04",20.3558
"2011-07-05",21.9374
"2011-07-06",22.0874
"2011-07-07",22.2889
"2011-07-08",21.9819
"2011-07-09",21.5145
"2011-07-10",21.9761
"2011-07-11",20.9205
"2011-07-12",23.9958
"2011-07-13",24.6555
"2011-07-14",20.8104
"2011-07-15",18.8679
"2011-07-16",18.3173
"2011-07-17",19.2534
"2011-07-18",20.9264
"2011-07-19",19.4795
"2011-07-20",24.236
"2011-07-21",23.0398
"2011-07-22",25.8739
"2011-07-23",24.0989
"2011-07-24",23.2168
"2011-07-25",23.3444
"2011-07-26",21.6293
"2011-07-27",20.7494
"2011-07-28",21.7874
"2011-07-29",21.8906
"2011-07-30",23.4487
"2011-07-31",22.7165
"2011-08-01",21.5894
"2011-08-02",20.9627
"2011-08-03",21.04
"2011-08-04",24.1763
"2011-08-05",23.6877
"2011-08-06",23.0785
"2011-08-07",23.3691
"2011-08-08",23.2062
"2011-08-09",22.003
"2011-08-10",19.3857
"2011-08-11",19.5193
"2011-08-12",20.4085
"2011-08-13",19.3483
"2011-08-14",18.5821
"2011-08-15",17.1633
"2011-08-16",15.6496
"2011-08-17",18.7332
"2011-08-18",18.7472
"2011-08-19",20.5093
"2011-08-20",21.5824
"2011-08-21",22.9356
"2011-08-22",18.0654
"2011-08-23",15.4762
"2011-08-24",18.855
"2011-08-25",19.3904
"2011-08-26",20.4612
"2011-08-27",19.9153
"2011-08-28",18.8644
"2011-08-29",17.3261
"2011-08-30",17.6085
"2011-08-31",16.0796
"2011-09-01",15.0263
"2011-09-02",17.3402
"2011-09-03",20.0289
"2011-09-04",19.2299
"2011-09-05",21.1771
"2011-09-06",21.3188
"2011-09-07",17.8791
"2011-09-08",16.0936
"2011-09-09",17.7455
"2011-09-10",16.6993
"2011-09-11",16.8821
"2011-09-12",17.7573
"2011-09-13",18.7836
"2011-09-14",17.4808
"2011-09-15",13.6814
"2011-09-16",8.4363
"2011-09-17",9.1146
"2011-09-18",11.6136
"2011-09-19",13.761
"2011-09-20",17.3425
"2011-09-21",18.0068
"2011-09-22",19.565
"2011-09-23",16.5353
"2011-09-24",16.2893
"2011-09-25",18.3969
"2011-09-26",17.981
"2011-09-27",19.415
"2011-09-28",19.6318
"2011-09-29",15.796
"2011-09-30",10.9235
"2011-10-01",5.8624
"2011-10-02",5.184
"2011-10-03",3.5063
"2011-10-04",7.4615
"2011-10-05",8.1821
"2011-10-06",8.8206
"2011-10-07",8.6894
"2011-10-08",7.7544
"2011-10-09",8.3695
"2011-10-10",12.2626
"2011-10-11",15.3204
"2011-10-12",15.3485
"2011-10-13",16.376
"2011-10-14",9.9253
"2011-10-15",8.2512
"2011-10-16",6.0451
"2011-10-17",9.7227
"2011-10-18",11.7881
"2011-10-19",7.5518
"2011-10-20",4.3018
"2011-10-21",4.098
"2011-10-22",3.2263
"2011-10-23",6.8359
"2011-10-24",8.5534
"2011-10-25",6.7621
"2011-10-26",6.1904
"2011-10-27",9.2529
"2011-10-28",3.8274
"2011-10-29",-0.5801
"2011-10-30",-2.362
"2011-10-31",-1.6193
"2011-11-01",1.3343
"2011-11-02",1.3026
"2011-11-03",1.5205
"2011-11-04",5.8108
"2011-11-05",1.237
"2011-11-06",0.2658
"2011-11-07",5.6667
"2011-11-08",5.8366
"2011-11-09",5.0622
"2011-11-10",3.7137
"2011-11-11",-0.5016
"2011-11-12",-3.1915
"2011-11-13",0.9769
"2011-11-14",8.4316
"2011-11-15",11.6417
"2011-11-16",16.4451
"2011-11-17",-1.1928
"2011-11-18",-3.3579
"2011-11-19",-2.8916
"2011-11-20",10.4256
"2011-11-21",12.3446
"2011-11-22",11.6124
"2011-11-23",4.8044
"2011-11-24",0.6512
"2011-11-25",0.0116
"2011-11-26",0.875
"2011-11-27",6.9343
"2011-11-28",11.2761
"2011-11-29",2.7987
"2011-11-30",-0.6047
"2011-12-01",-1.9121
"2011-12-02",-0.9163
"2011-12-03",-1.6825
"2011-12-04",0.3455
"2011-12-05",6.0955
"2011-12-06",12.784
"2011-12-07",4.9064
"2011-12-08",-0.8847
"2011-12-09",-1.4857
"2011-12-10",-1.6158
"2011-12-11",-3.5969
"2011-12-12",-1.2338
"2011-12-13",1.23
"2011-12-14",4.0628
"2011-12-15",6.1025
"2011-12-16",6.1224
"2011-12-17",1.6939
"2011-12-18",-1.5291
"2011-12-19",-2.1172
"2011-12-20",2.705
"2011-12-21",11.3523
"2011-12-22",12.2017
"2011-12-23",7.2987
"2011-12-24",1.7056
"2011-12-25",-0.3716
"2011-12-26",-0.0634
"2011-12-27",0.6536
"2011-12-28",0.5798
"2011-12-29",-0.6562
"2011-12-30",-1.0417
"2011-12-31",7.3362
"2012-01-01",2.4111
"2012-01-02",-0.6581
"2012-01-03",-7.9216
"2012-01-04",-9.1209
"2012-01-05",-5.3082
"2012-01-06",-1.7385
"2012-01-07",0.6808
"2012-01-08",6.2926
"2012-01-09",6.2729
"2012-01-10",5.8619
"2012-01-11",6.5052
"2012-01-12",6.7461
"2012-01-13",-1.2708
"2012-01-14",-5.91
"2012-01-15",-3.6346
"2012-01-16",-5.0269
"2012-01-17",3.448
"2012-01-18",0.2087
"2012-01-19",-2.7754
"2012-01-20",-0.5708
"2012-01-21",5.8107
"2012-01-22",1.7777
"2012-01-23",4.0956
"2012-01-24",6.2152
"2012-01-25",1.3372
"2012-01-26",4.6561
"2012-01-27",4.9951
"2012-01-28",2.3043
"2012-01-29",-2.0231
"2012-01-30",-2.5595
"2012-01-31",-0.5163
"2012-02-01",5.8608
"2012-02-02",5.7038
"2012-02-03",1.2925
"2012-02-04",1.3524
"2012-02-05",2.8789
"2012-02-06",-0.5948
"2012-02-07",3.5832
"2012-02-08",-0.4771
"2012-02-09",0.7495
"2012-02-10",-0.9001
"2012-02-11",-6.4584
"2012-02-12",-8.6575
"2012-02-13",-7.0962
"2012-02-14",1.1377
"2012-02-15",2.6205
"2012-02-16",3.5505
"2012-02-17",3.75
"2012-02-18",4.7476
"2012-02-19",0.5107
"2012-02-20",-2.0613
"2012-02-21",-3.3206
"2012-02-22",5.0529
"2012-02-23",10.5055
"2012-02-24",6.3972
"2012-02-25",-1.805
"2012-02-26",-3.93
"2012-02-27",2.0273
"2012-02-28",4.6451
"2012-02-29",7.698
"2012-03-01",11.9861
"2012-03-02",9.0739
"2012-03-03",7.7165
"2012-03-04",-0.7987
"2012-03-05",-1.8497
"2012-03-06",-3.0305
"2012-03-07",0.0321
"2012-03-08",8.2944
"2012-03-09",3.3161
"2012-03-10",0.0452
"2012-03-11",-0.9459
"2012-03-12",5.1325
"2012-03-13",12.6828
"2012-03-14",11.2512
"2012-03-15",12.7275
"2012-03-16",15.7258
"2012-03-17",15.3431
"2012-03-18",13.9192
"2012-03-19",14.5897
"2012-03-20",15.378
"2012-03-21",15.1512
"2012-03-22",15.8174
"2012-03-23",15.3998
"2012-03-24",15.3638
"2012-03-25",11.6786
"2012-03-26",9.498
"2012-03-27",3.7282
"2012-03-28",3.7282
"2012-03-29",12.2325
"2012-03-30",9.413
"2012-03-31",15.4162
"2012-04-01",11.3592
"2012-04-02",9.2026
"2012-04-03",8.0926
"2012-04-04",15.668
"2012-04-05",7.3469
"2012-04-06",6.5128
"2012-04-07",4.4293
"2012-04-08",5.7594
"2012-04-09",7.6107
"2012-04-10",6.6502
"2012-04-11",0.4377
"2012-04-12",-1.3875
"2012-04-13",4.4718
"2012-04-14",6.3395
"2012-04-15",14.0838
"2012-04-16",14.2256
"2012-04-17",15.1512
"2012-04-18",13.1494
"2012-04-19",11.3417
"2012-04-20",12.1497
"2012-04-21",14.2158
"2012-04-22",7.7198
"2012-04-23",4.0836
"2012-04-24",2.8025
"2012-04-25",4.6233
"2012-04-26",12.492
"2012-04-27",13.41
"2012-04-28",11.5424
"2012-04-29",14.5865
"2012-04-30",13.1996
"2012-05-01",16.0387
"2012-05-02",16.4432
"2012-05-03",16.0813
"2012-05-04",16.7201
"2012-05-05",17.2435
"2012-05-06",14.7107
"2012-05-07",12.9794
"2012-05-08",14.4905
"2012-05-09",12.3361
"2012-05-10",9.6627
"2012-05-11",10.2558
"2012-05-12",10.6712
"2012-05-13",11.852
"2012-05-14",16.0453
"2012-05-15",16.9906
"2012-05-16",17.925
"2012-05-17",16.2557
"2012-05-18",12.1736
"2012-05-19",10.0585
"2012-05-20",8.5048
"2012-05-21",14.9975
"2012-05-22",17.6524
"2012-05-23",17.9347
"2012-05-24",18.6162
"2012-05-25",17.8268
"2012-05-26",17.6469
"2012-05-27",16.7681
"2012-05-28",18.5726
"2012-05-29",18.868
"2012-05-30",18.227
"2012-05-31",17.1606
"2012-06-01",17.2261
"2012-06-02",11.647
"2012-06-03",9.944
"2012-06-04",13.9486
"2012-06-05",12.758
"2012-06-06",13.1102
"2012-06-07",11.8716
"2012-06-08",14.1471
"2012-06-09",14.8143
"2012-06-10",15.788
"2012-06-11",18.6783
"2012-06-12",18.9476
"2012-06-13",19.6432
"2012-06-14",15.4456
"2012-06-15",13.676
"2012-06-16",11.6328
"2012-06-17",11.9599
"2012-06-18",14.3946
"2012-06-19",18.2651
"2012-06-20",19.7904
"2012-06-21",19.532
"2012-06-22",20.86
"2012-06-23",19.7697
"2012-06-24",21.2721
"2012-06-25",20.4577
"2012-06-26",13.9584
"2012-06-27",12.0035
"2012-06-28",14.9986
"2012-06-29",18.7361
"2012-06-30",23.661
"2012-07-01",23.2161
"2012-07-02",22.7626
"2012-07-03",21.5305
"2012-07-04",22.4704
"2012-07-05",23.0013
"2012-07-06",22.587
"2012-07-07",23.5345
"2012-07-08",24.1582
"2012-07-09",23.8976
"2012-07-10",22.3919
"2012-07-11",20.6768
"2012-07-12",19.3227
"2012-07-13",20.8993
"2012-07-14",21.3059
"2012-07-15",21.5055
"2012-07-16",22.5805
"2012-07-17",22.1356
"2012-07-18",21.6614
"2012-07-19",22.8193
"2012-07-20",22.7092
"2012-07-21",22.7462
"2012-07-22",22.1629
"2012-07-23",23.3491
"2012-07-24",22.0212
"2012-07-25",21.2089
"2012-07-26",22.3711
"2012-07-27",23.3622
"2012-07-28",23.2946
"2012-07-29",21.8151
"2012-07-30",21.2438
"2012-07-31",20.872
"2012-08-01",22.1411
"2012-08-02",21.0552
"2012-08-03",19.7294
"2012-08-04",21.2035
"2012-08-05",20.3432
"2012-08-06",19.9398
"2012-08-07",19.7883
"2012-08-08",19.5178
"2012-08-09",20.0423
"2012-08-10",21.3278
"2012-08-11",21.1468
"2012-08-12",20.8219
"2012-08-13",21.0672
"2012-08-14",20.0695
"2012-08-15",20.4675
"2012-08-16",18.0547
"2012-08-17",19.4819
"2012-08-18",20.6114
"2012-08-19",20.4424
"2012-08-20",18.2717
"2012-08-21",18.8604
"2012-08-22",19.8122
"2012-08-23",18.8332
"2012-08-24",17.3046
"2012-08-25",15.9766
"2012-08-26",16.5097
"2012-08-27",20.0739
"2012-08-28",18.4952
"2012-08-29",18.7154
"2012-08-30",19.5451
"2012-08-31",20.9102
"2012-09-01",21.7966
"2012-09-02",24.5354
"2012-09-03",22.5532
"2012-09-04",21.0737
"2012-09-05",20.5373
"2012-09-06",22.6786
"2012-09-07",22.4857
"2012-09-08",21.6058
"2012-09-09",14.52
"2012-09-10",12.6196
"2012-09-11",14.2953
"2012-09-12",13.627
"2012-09-13",12.4331
"2012-09-14",15.3737
"2012-09-15",18.3643
"2012-09-16",18.8386
"2012-09-17",18.2717
"2012-09-18",19.797
"2012-09-19",15.2188
"2012-09-20",14.1743
"2012-09-21",13.7687
"2012-09-22",14.9168
"2012-09-23",10.27
"2012-09-24",7.6892
"2012-09-25",9.449
"2012-09-26",12.4004
"2012-09-27",15.3355
"2012-09-28",15.7978
"2012-09-29",16.7703
"2012-09-30",14.5047
"2012-10-01",14.5897
"2012-10-02",18.7786
"2012-10-03",20.4653
"2012-10-04",16.4966
"2012-10-05",15.1578
"2012-10-06",14.5788
"2012-10-07",10.306
"2012-10-08",8.2944
"2012-10-09",7.3992
"2012-10-10",10.1969
"2012-10-11",6.4212
"2012-10-12",6.9489
"2012-10-13",5.6558
"2012-10-14",8.4241
"2012-10-15",9.9309
"2012-10-16",6.3787
"2012-10-17",7.3927
"2012-10-18",8.6792
"2012-10-19",9.0456
"2012-10-20",6.2544
"2012-10-21",5.0747
"2012-10-22",6.684
"2012-10-23",8.3565
"2012-10-24",10.2307
"2012-10-25",13.6139
"2012-10-26",13.0873
"2012-10-27",12.9194
"2012-10-28",11.3134
"2012-10-29",4.7738
"2012-10-30",3.6944
"2012-10-31",2.0415
"2012-11-01",0.3548
"2012-11-02",0.6187
"2012-11-03",0.079
"2012-11-04",3.6922
"2012-11-05",0.6427
"2012-11-06",-1.1628
"2012-11-07",2.0753
"2012-11-08",-1.3755
"2012-11-09",-1.6709
"2012-11-10",0.9141
"2012-11-11",4.4598
"2012-11-12",9.002
"2012-11-13",2.832
"2012-11-14",1.2031
"2012-11-15",3.1045
"2012-11-16",4.0869
"2012-11-17",-0.4051
"2012-11-18",4.2832
"2012-11-19",6.4801
"2012-11-20",3.8318
"2012-11-21",2.3882
"2012-11-22",-0.5894
"2012-11-23",0.6896
"2012-11-24",-2.8561
"2012-11-25",-6.4137
"2012-11-26",-3.1614
"2012-11-27",2.0284
"2012-11-28",1.3612
"2012-11-29",-1.5979
"2012-11-30",0.9305
"2012-12-01",4.3028
"2012-12-02",8.4612
"2012-12-03",10.7224
"2012-12-04",11.0288
"2012-12-05",9.4741
"2012-12-06",4.9581
"2012-12-07",5.9142
"2012-12-08",9.5231
"2012-12-09",9.5907
"2012-12-10",15.5143
"2012-12-11",10.3747
"2012-12-12",3.4785
"2012-12-13",0.5947
"2012-12-14",0.1477
"2012-12-15",0.6241
"2012-12-16",9.0652
"2012-12-17",11.8356
"2012-12-18",4.2068
"2012-12-19",1.3056
"2012-12-20",1.6872
"2012-12-21",0.6241
"2012-12-22",-1.4954
"2012-12-23",-2.5301
"2012-12-24",3.4
"2012-12-25",1.9597
"2012-12-26",3.581
"2012-12-27",-0.5817
"2012-12-28",-2.1845
"2012-12-29",2.1407
"2012-12-30",-2.4778
"2012-12-31",-3.0916
"2013-01-01",3.6601
"2013-01-02",3.288
"2013-01-03",1.1214
"2013-01-04",-2.2794
"2013-01-05",-4.2333
"2013-01-06",1.9023
"2013-01-07",-0.2498
"2013-01-08",-2.627
"2013-01-09",8.2194
"2013-01-10",8.7841
"2013-01-11",7.1578
"2013-01-12",14.3805
"2013-01-13",11.9132
"2013-01-14",12.5325
"2013-01-15",13.5295
"2013-01-16",13.9617
"2013-01-17",2.5406
"2013-01-18",-1.4985
"2013-01-19",-3.3644
"2013-01-20",1.264
"2013-01-21",-1.3203
"2013-01-22",-4.9038
"2013-01-23",-7.3266
"2013-01-24",-6.881
"2013-01-25",-8.132
"2013-01-26",-6.0411
"2013-01-27",-5.7237
"2013-01-28",-2.0021
"2013-01-29",5.3276
"2013-01-30",13.6298
"2013-01-31",-0.5472
"2013-02-01",-5.5544
"2013-02-02",-7.0058
"2013-02-03",0.5856
"2013-02-04",-3.6395
"2013-02-05",1.4144
"2013-02-06",2.9405
"2013-02-07",0.56
"2013-02-08",2.4358
"2013-02-09",-2.5267
"2013-02-10",-2.5278
"2013-02-11",6.7256
"2013-02-12",7.0152
"2013-02-13",6.3357
"2013-02-14",1.0836
"2013-02-15",0.0543
"2013-02-16",-1.2479
"2013-02-17",-6.7452
"2013-02-18",-5.5209
"2013-02-19",-1.689
"2013-02-20",-3.0346
"2013-02-21",-4.446
"2013-02-22",0.1011
"2013-02-23",2.6731
"2013-02-24",3.7035
"2013-02-25",-0.6397
"2013-02-26",1.7296
"2013-02-27",4.8119
"2013-02-28",1.5102
"2013-03-01",-0.3267
"2013-03-02",0.4809
"2013-03-03",-2.7551
"2013-03-04",-2.6704
"2013-03-05",1.1482
"2013-03-06",1.538
"2013-03-07",-1.4774
"2013-03-08",-2.5701
"2013-03-09",-2.0789
"2013-03-10",2.6865
"2013-03-11",2.7979
"2013-03-12",6.4761
"2013-03-13",1.0657
"2013-03-14",-2.9544
"2013-03-15",-1.034
"2013-03-16",7.6
"2013-03-17",6.0417
"2013-03-18",4.9311
"2013-03-19",4.7417
"2013-03-20",0.6847
"2013-03-21",-4.2021
"2013-03-22",-5.7972
"2013-03-23",0.1345
"2013-03-24",1.3888
"2013-03-25",-0.3835
"2013-03-26",-1.8082
"2013-03-27",-2.6504
"2013-03-28",-0.3545
"2013-03-29",-0.9884
"2013-03-30",4.0934
"2013-03-31",8.7552
"2013-04-01",8.5714
"2013-04-02",5.4234
"2013-04-03",3.9229
"2013-04-04",3.0931
"2013-04-05",2.4771
"2013-04-06",3.9965
"2013-04-07",3.8249
"2013-04-08",10.3793
"2013-04-09",12.8221
"2013-04-10",15.0868
"2013-04-11",13.8926
"2013-04-12",15.2449
"2013-04-13",9.8435
"2013-04-14",8.7496
"2013-04-15",12.078
"2013-04-16",10.8059
"2013-04-17",16.0124
"2013-04-18",15.9311
"2013-04-19",14.4173
"2013-04-20",5.4658
"2013-04-21",3.7291
"2013-04-22",3.2646
"2013-04-23",7.6814
"2013-04-24",10.3514
"2013-04-25",10.6522
"2013-04-26",7.7504
"2013-04-27",10.3113
"2013-04-28",11.3239
"2013-04-29",15.1503
"2013-04-30",14.6434
"2013-05-01",11.7672
"2013-05-02",10.1287
"2013-05-03",7.3672
"2013-05-04",6.1664
"2013-05-05",9.4347
"2013-05-06",13.0694
"2013-05-07",11.6436
"2013-05-08",10.7714
"2013-05-09",14.2569
"2013-05-10",16.3299
"2013-05-11",17.1732
"2013-05-12",8.568
"2013-05-13",5.1683
"2013-05-14",3.7124
"2013-05-15",10.1777
"2013-05-16",14.8306
"2013-05-17",15.8999
"2013-05-18",17.9028
"2013-05-19",17.8382
"2013-05-20",14.8551
"2013-05-21",17.5942
"2013-05-22",17.1464
"2013-05-23",17.6778
"2013-05-24",7.2592
"2013-05-25",5.3878
"2013-05-26",10.4773
"2013-05-27",11.8864
"2013-05-28",14.2279
"2013-05-29",16.4959
"2013-05-30",15.1803
"2013-05-31",16.7855
"2013-06-01",18.0532
"2013-06-02",17.7791
"2013-06-03",20.5762
"2013-06-04",19.2506
"2013-06-05",18.198
"2013-06-06",17.8582
"2013-06-07",16.9158
"2013-06-08",17.2444
"2013-06-09",20.3044
"2013-06-10",19.6973
"2013-06-11",18.8474
"2013-06-12",18.4597
"2013-06-13",20.4838
"2013-06-14",15.3652
"2013-06-15",14.0474
"2013-06-16",16.0837
"2013-06-17",20.1251
"2013-06-18",20.5784
"2013-06-19",19.557
"2013-06-20",16.1405
"2013-06-21",14.454
"2013-06-22",17.299
"2013-06-23",20.0193
"2013-06-24",21.004
"2013-06-25",21.1388
"2013-06-26",21.5888
"2013-06-27",21.9664
"2013-06-28",22.1379
"2013-06-29",22.2037
"2013-06-30",19.6528
"2013-07-01",17.9094
"2013-07-02",18.3862
"2013-07-03",19.2896
"2013-07-04",20.0181
"2013-07-05",19.2228
"2013-07-06",18.5968
"2013-07-07",18.9443
"2013-07-08",21.6066
"2013-07-09",20.7177
"2013-07-10",19.9168
"2013-07-11",20.3913
"2013-07-12",20.0783
"2013-07-13",19.6049
"2013-07-14",19.9513
"2013-07-15",20.7856
"2013-07-16",20.6587
"2013-07-17",21.6311
"2013-07-18",23.283
"2013-07-19",21.395
"2013-07-20",19.5982
"2013-07-21",20.3946
"2013-07-22",20.0126
"2013-07-23",21.5543
"2013-07-24",20.1095
"2013-07-25",21.5175
"2013-07-26",20.0471
"2013-07-27",19.5024
"2013-07-28",20.1217
"2013-07-29",20.9661
"2013-07-30",19.2473
"2013-07-31",20.1975
"2013-08-01",19.0791
"2013-08-02",19.499
"2013-08-03",20.6921
"2013-08-04",20.0404
"2013-08-05",18.7215
"2013-08-06",18.4865
"2013-08-07",19.44
"2013-08-08",20.1429
"2013-08-09",21.8127
"2013-08-10",21.523
"2013-08-11",22.4922
"2013-08-12",23.1895
"2013-08-13",22.0299
"2013-08-14",16.1818
"2013-08-15",13.9439
"2013-08-16",15.8197
"2013-08-17",16.9492
"2013-08-18",17.5898
"2013-08-19",19.3821
"2013-08-20",18.7828
"2013-08-21",18.3762
"2013-08-22",21.0207
"2013-08-23",20.5962
"2013-08-24",16.761
"2013-08-25",15.1748
"2013-08-26",15.3151
"2013-08-27",15.6092
"2013-08-28",19.0836
"2013-08-29",20.4715
"2013-08-30",19.1448
"2013-08-31",21.8093
"2013-09-01",21.7748
"2013-09-02",21.8672
"2013-09-03",22.236
"2013-09-04",20.8625
"2013-09-05",20.1317
"2013-09-06",17.4929
"2013-09-07",16.1762
"2013-09-08",17.6677
"2013-09-09",20.5183
"2013-09-10",21.4918
"2013-09-11",20.9471
"2013-09-12",20.6352
"2013-09-13",16.4547
"2013-09-14",13.0917
"2013-09-15",11.5712
"2013-09-16",18.2459
"2013-09-17",15.9679
"2013-09-18",14.0753
"2013-09-19",15.7061
"2013-09-20",15.6103
"2013-09-21",16.8178
"2013-09-22",15.842
"2013-09-23",13.7523
"2013-09-24",13.1808
"2013-09-25",15.5579
"2013-09-26",11.0521
"2013-09-27",9.6898
"2013-09-28",12.4701
"2013-09-29",13.378
"2013-09-30",12.8144
"2013-10-01",10.8226
"2013-10-02",12.6361
"2013-10-03",15.1904
"2013-10-04",17.3258
"2013-10-05",17.0729
"2013-10-06",16.8757
"2013-10-07",17.8916
"2013-10-08",10.5352
"2013-10-09",10.4829
"2013-10-10",10.3448
"2013-10-11",12.5849
"2013-10-12",15.2973
"2013-10-13",15.4042
"2013-10-14",11.7795
"2013-10-15",9.9192
"2013-10-16",11.8296
"2013-10-17",15.3285
"2013-10-18",14.7971
"2013-10-19",11.6859
"2013-10-20",8.2929
"2013-10-21",5.0191
"2013-10-22",10.9285
"2013-10-23",2.3222
"2013-10-24",-0.2242
"2013-10-25",0.1022
"2013-10-26",-1.4651
"2013-10-27",3.9542
"2013-10-28",8.2405
"2013-10-29",9.0492
"2013-10-30",12.2496
"2013-10-31",11.8452
"2013-11-01",16.7165
"2013-11-02",7.0609
"2013-11-03",2.9104
"2013-11-04",0.6803
"2013-11-05",-0.5005
"2013-11-06",10.2735
"2013-11-07",5.9882
"2013-11-08",-0.4515
"2013-11-09",-1.0095
"2013-11-10",2.9438
"2013-11-11",-0.1217
"2013-11-12",-0.2365
"2013-11-13",-6.8343
"2013-11-14",-6.8855
"2013-11-15",0.2214
"2013-11-16",8.9078
"2013-11-17",12.0156
"2013-11-18",8.3609
"2013-11-19",2.1473
"2013-11-20",1.1604
"2013-11-21",6.2767
"2013-11-22",9.8847
"2013-11-23",2.7344
"2013-11-24",-7.4347
"2013-11-25",-9.149
"2013-11-26",-1.6467
"2013-11-27",-4.2065
"2013-11-28",-5.5288
"2013-11-29",-4.9796
"2013-11-30",-6.1381
"2013-12-01",-1.7403
"2013-12-02",3.7848
"2013-12-03",4.5612
"2013-12-04",8.5992
"2013-12-05",10.3871
"2013-12-06",15.5635
"2013-12-07",1.7452
"2013-12-08",-0.2877
"2013-12-09",-0.0649
"2013-12-10",-1.1087
"2013-12-11",-3.2931
"2013-12-12",-3.273
"2013-12-13",-4.1876
"2013-12-14",0.0431
"2013-12-15",0.0253
"2013-12-16",-2.0232
"2013-12-17",-0.7244
"2013-12-18",-1.3827
"2013-12-19",-2.1569
"2013-12-20",2.9516
"2013-12-21",8.7396
"2013-12-22",15.3329
"2013-12-23",9.7321
"2013-12-24",-3.6451
"2013-12-25",-5.9821
"2013-12-26",-2.217
"2013-12-27",-4.3001
"2013-12-28",-2.1613
"2013-12-29",4.5356
"2013-12-30",2.0393
"2013-12-31",2.0393
"2014-01-01",-0.4402
"2014-01-02",-3.7993
"2014-01-03",-7.8996
"2014-01-04",-7.3096
"2014-01-05",3.5201
"2014-01-06",-12.2404
"2014-01-07",-11.9901
"2014-01-08",-9.2098
"2014-01-09",-4.6793
"2014-01-10",4.7696
"2014-01-11",4.6506
"2014-01-12",0.6903
"2014-01-13",0.2899
"2014-01-14",0.4907
"2014-01-15",0.2007
"2014-01-16",-2.4804
"2014-01-17",-1.9697
"2014-01-18",-2.6701
"2014-01-19",0.6605
"2014-01-20",-1.0401
"2014-01-21",-4.9495
"2014-01-22",-8.9197
"2014-01-23",-10.0799
"2014-01-24",-10.1494
"2014-01-25",-6.4494
"2014-01-26",-4.3199
"2014-01-27",-2.1805
"2014-01-28",-7.56
"2014-01-29",-15.0095
"2014-01-30",-15.0802
"2014-01-31",-7.8909
"2014-02-01",-4.5207
"2014-02-02",5.729
"2014-02-03",3.8994
"2014-02-04",3.0194
"2014-02-05",0.3891
"2014-02-06",-2.2412
"2014-02-07",-2.0813
"2014-02-08",-2.4308
"2014-02-09",-0.9508
"2014-02-10",0.2391
"2014-02-11",-3.441
"2014-02-12",-4.4314
"2014-02-13",-1.231
"2014-02-14",-1.1603
"2014-02-15",-0.9608
"2014-02-16",-1.5111
"2014-02-17",0.2193
"2014-02-18",1.0498
"2014-02-19",10.3995
"2014-02-20",11.9997
"2014-02-21",1.9087
"2014-02-22",1.4588
"2014-02-23",1.6695
"2014-02-24",-0.191
"2014-02-25",0.0495
"2014-02-26",-4.7413
"2014-02-27",-3.7807
"2014-02-28",-0.4575
"2014-03-01",-0.4773
"2014-03-02",0.4635
"2014-03-03",-7.4968
"2014-03-04",-6.5572
"2014-03-05",-1.3772
"2014-03-06",0.1028
"2014-03-07",-1.3971
"2014-03-08",0.6333
"2014-03-09",1.7328
"2014-03-10",3.8325
"2014-03-11",6.5136
"2014-03-12",1.6435
"2014-03-13",-4.8764
"2014-03-14",-3.037
"2014-03-15",6.0128
"2014-03-16",1.3733
"2014-03-17",-0.3571
"2014-03-18",0.2726
"2014-03-19",3.3826
"2014-03-20",0.8725
"2014-03-21",3.3528
"2014-03-22",6.5433
"2014-03-23",0.1933
"2014-03-24",0.6928
"2014-03-25",-1.1368
"2014-03-26",-4.5269
"2014-03-27",-1.6276
"2014-03-28",9.9533
"2014-03-29",6.7726
"2014-03-30",4.3333
"2014-03-31",3.0256
"2014-04-01",5.8653
"2014-04-02",11.5857
"2014-04-03",13.6954
"2014-04-04",14.5854
"2014-04-05",8.9059
"2014-04-06",8.9654
"2014-04-07",8.6555
"2014-04-08",8.2861
"2014-04-09",4.4051
"2014-04-10",7.9651
"2014-04-11",11.4159
"2014-04-12",12.7149
"2014-04-13",14.7849
"2014-04-14",17.5553
"2014-04-15",0.9456
"2014-04-16",0.9258
"2014-04-17",3.6255
"2014-04-18",6.8954
"2014-04-19",8.8352
"2014-04-20",6.9759
"2014-04-21",6.9053
"2014-04-22",10.666
"2014-04-23",5.4761
"2014-04-24",8.6059
"2014-04-25",11.9253
"2014-04-26",11.085
"2014-04-27",13.2256
"2014-04-28",13.0558
"2014-04-29",13.7958
"2014-04-30",18.6386
"2014-05-01",11.5386
"2014-05-02",10.4974
"2014-05-03",10.2582
"2014-05-04",11.6985
"2014-05-05",12.9876
"2014-05-06",14.9374
"2014-05-07",15.3576
"2014-05-08",17.0682
"2014-05-09",18.6486
"2014-05-10",16.9578
"2014-05-11",16.9678
"2014-05-12",19.0886
"2014-05-13",19.2274
"2014-05-14",17.8776
"2014-05-15",13.2083
"2014-05-16",8.3679
"2014-05-17",10.0276
"2014-05-18",7.768
"2014-05-19",8.8984
"2014-05-20",13.2479
"2014-05-21",18.3486
"2014-05-22",17.6582
"2014-05-23",13.6781
"2014-05-24",11.9179
"2014-05-25",14.6585
"2014-05-26",18.5482
"2014-05-27",19.2683
"2014-05-28",18.8085
"2014-05-29",18.268
"2014-05-30",18.3684
"2014-05-31",13.5144
"2014-06-01",10.9251
"2014-06-02",14.3846
"2014-06-03",17.8751
"2014-06-04",21.4846
"2014-06-05",20.0852
"2014-06-06",17.6445
"2014-06-07",17.0446
"2014-06-08",19.9748
"2014-06-09",20.1546
"2014-06-10",22.0349
"2014-06-11",19.8447
"2014-06-12",18.9448
"2014-06-13",19.1853
"2014-06-14",15.9154
"2014-06-15",18.9547
"2014-06-16",21.4449
"2014-06-17",20.7545
"2014-06-18",21.4449
"2014-06-19",20.6144
"2014-06-20",20.8252
"2014-06-21",20.0951
"2014-06-22",19.2943
"2014-06-23",19.7654
"2014-06-24",21.5143
"2014-06-25",21.5354
"2014-06-26",21.8651
"2014-06-27",20.8549
"2014-06-28",17.5652
"2014-06-29",18.7043
"2014-06-30",21.4784
"2014-07-01",22.6683
"2014-07-02",22.6188
"2014-07-03",20.9082
"2014-07-04",16.7794
"2014-07-05",15.8782
"2014-07-06",18.4192
"2014-07-07",21.4387
"2014-07-08",23.6587
"2014-07-09",22.7687
"2014-07-10",20.969
"2014-07-11",19.0688
"2014-07-12",20.2488
"2014-07-13",22.3783
"2014-07-14",23.3588
"2014-07-15",20.369
"2014-07-16",16.8388
"2014-07-17",17.5293
"2014-07-18",18.749
"2014-07-19",19.4394
"2014-07-20",20.6491
"2014-07-21",21.0483
"2014-07-22",22.0287
"2014-07-23",22.7687
"2014-07-24",19.8087
"2014-07-25",20.9082
"2014-07-26",22.1192
"2014-07-27",21.8688
"2014-07-28",18.2284
"2014-07-29",16.0183
"2014-07-30",18.8184
"2014-07-31",19.3229
"2014-08-01",18.2222
"2014-08-02",18.423
"2014-08-03",19.0229
"2014-08-04",20.1124
"2014-08-05",20.2624
"2014-08-06",19.7431
"2014-08-07",19.8621
"2014-08-08",20.8624
"2014-08-09",18.7924
"2014-08-10",19.3923
"2014-08-11",21.0024
"2014-08-12",21.0322
"2014-08-13",15.3229
"2014-08-14",15.5026
"2014-08-15",17.973
"2014-08-16",20.2029
"2014-08-17",21.5131
"2014-08-18",21.0024
"2014-08-19",21.1921
"2014-08-20",21.8626
"2014-08-21",21.8726
"2014-08-22",21.9829
"2014-08-23",21.4424
"2014-08-24",15.1221
"2014-08-25",16.0728
"2014-08-26",14.7329
"2014-08-27",16.1125
"2014-08-28",18.8531
"2014-08-29",20.7024
"2014-08-30",20.9429
"2014-08-31",21.9395
"2014-09-01",22.0201
"2014-09-02",20.8797
"2014-09-03",21.0198
"2014-09-04",21.2602
"2014-09-05",20.7396
"2014-09-06",21.6904
"2014-09-07",20.0505
"2014-09-08",18.4899
"2014-09-09",18.7304
"2014-09-10",18.7998
"2014-09-11",21.2503
"2014-09-12",21.2404
"2014-09-13",17.2801
"2014-09-14",17.1599
"2014-09-15",17.7896
"2014-09-16",17.29
"2014-09-17",16.56
"2014-09-18",17.0496
"2014-09-19",14.5904
"2014-09-20",15.7195
"2014-09-21",17.7995
"2014-09-22",15.7394
"2014-09-23",12.3195
"2014-09-24",13.4103
"2014-09-25",16.9405
"2014-09-26",13.2703
"2014-09-27",13.0298
"2014-09-28",15.3303
"2014-09-29",14.6399
"2014-09-30",13.6433
"2014-10-01",14.5631
"2014-10-02",16.2042
"2014-10-03",17.4636
"2014-10-04",3.9143
"2014-10-05",5.5641
"2014-10-06",9.4538
"2014-10-07",12.7633
"2014-10-08",10.9932
"2014-10-09",12.5637
"2014-10-10",16.4831
"2014-10-11",14.0041
"2014-10-12",13.9743
"2014-10-13",17.3532
"2014-10-14",17.1834
"2014-10-15",11.1941
"2014-10-16",8.6034
"2014-10-17",10.3338
"2014-10-18",8.0742
"2014-10-19",3.6342
"2014-10-20",6.9437
"2014-10-21",8.0035
"2014-10-22",5.6633
"2014-10-23",6.1132
"2014-10-24",4.6233
"2014-10-25",6.8433
"2014-10-26",4.3643
"2014-10-27",6.7342
"2014-10-28",12.2638
"2014-10-29",9.7736
"2014-10-30",5.1241
"2014-10-31",6.2347
"2014-11-01",2.9748
"2014-11-02",-1.3859
"2014-11-03",0.2143
"2014-11-04",4.8551
"2014-11-05",11.0639
"2014-11-06",5.2542
"2014-11-07",0.2441
"2014-11-08",1.7947
"2014-11-09",1.0349
"2014-11-10",1.905
"2014-11-11",7.3242
"2014-11-12",7.8448
"2014-11-13",3.0851
"2014-11-14",-4.2356
"2014-11-15",-3.7361
"2014-11-16",1.8542
"2014-11-17",-0.6459
"2014-11-18",-8.3954
"2014-11-19",-7.7459
"2014-11-20",-1.785
"2014-11-21",-5.6858
"2014-11-22",-4.6149
"2014-11-23",5.5542
"2014-11-24",14.8742
"2014-11-25",8.9939
"2014-11-26",2.2149
"2014-11-27",-2.385
"2014-11-28",-2.6961
"2014-11-29",-0.6558
"2014-11-30",1.9249
"2014-12-01",4.8849
"2014-12-02",7.0156
"2014-12-03",7.5151
"2014-12-04",6.0054
"2014-12-05",5.926
"2014-12-06",7.7358
"2014-12-07",2.3451
"2014-12-08",2.5855
"2014-12-09",1.8852
"2014-12-10",-2.4246
"2014-12-11",-3.2551
"2014-12-12",-2.8845
"2014-12-13",-1.614
"2014-12-14",-1.754
"2014-12-15",-1.2644
"2014-12-16",1.765
"2014-12-17",0.1759
"2014-12-18",0.6556
"2014-12-19",0.5651
"2014-12-20",1.6348
"2014-12-21",2.6351
"2014-12-22",2.8359
"2014-12-23",3.6255
"2014-12-24",10.3549
"2014-12-25",-0.6943
"2014-12-26",-1.2446
"2014-12-27",-1.0041
"2014-12-28",10.9251
"2014-12-29",3.7259
"2014-12-30",-2.6044
"2014-12-31",-2.1079
"2015-01-01",-2.4378
"2015-01-02",5.1522
"2015-01-03",8.182
"2015-01-04",4.7621
"2015-01-05",-1.9678
"2015-01-06",-2.9484
"2015-01-07",-10.7584
"2015-01-08",-11.5178
"2015-01-09",-5.0878
"2015-01-10",-8.2287
"2015-01-11",-7.0178
"2015-01-12",4.9913
"2015-01-13",-0.9177
"2015-01-14",-1.1481
"2015-01-15",-0.4685
"2015-01-16",-2.2688
"2015-01-17",-1.1377
"2015-01-18",-0.7985
"2015-01-19",-0.4187
"2015-01-20",2.9213
"2015-01-21",-0.4187
"2015-01-22",-0.3979
"2015-01-23",2.442
"2015-01-24",-2.2178
"2015-01-25",-1.7987
"2015-01-26",1.5019
"2015-01-27",-3.5376
"2015-01-28",-5.5486
"2015-01-29",-5.0276
"2015-01-30",-4.8586
"2015-01-31",-4.4511
"2015-02-01",2.4895
"2015-02-02",-5.1214
"2015-02-03",-5.2013
"2015-02-04",-2.601
"2015-02-05",-7.6406
"2015-02-06",-7.1405
"2015-02-07",-2.131
"2015-02-08",6.9293
"2015-02-09",3.8695
"2015-02-10",-0.3203
"2015-02-11",-1.2014
"2015-02-12",-4.0609
"2015-02-13",-6.9309
"2015-02-14",-7.9208
"2015-02-15",-7.9706
"2015-02-16",-5.2812
"2015-02-17",-4.781
"2015-02-18",-9.001
"2015-02-19",-13.4408
"2015-02-20",-12.921
"2015-02-21",-4.3203
"2015-02-22",5.3491
"2015-02-23",-3.4508
"2015-02-24",-4.7614
"2015-02-25",-2.4807
"2015-02-26",-3.2008
"2015-02-27",-3.2806
"2015-02-28",-2.1241
"2015-03-01",-0.714
"2015-03-02",4.1763
"2015-03-03",2.1167
"2015-03-04",7.316
"2015-03-05",-1.2743
"2015-03-06",-5.5938
"2015-03-07",-3.5643
"2015-03-08",3.286
"2015-03-09",9.496
"2015-03-10",11.6864
"2015-03-11",11.4757
"2015-03-12",7.3658
"2015-03-13",7.6367
"2015-03-14",9.1962
"2015-03-15",5.0365
"2015-03-16",6.4362
"2015-03-17",7.3658
"2015-03-18",7.8868
"2015-03-19",4.9658
"2015-03-20",4.4865
"2015-03-21",6.3667
"2015-03-22",9.0758
"2015-03-23",3.1957
"2015-03-24",5.0063
"2015-03-25",9.5064
"2015-03-26",15.3159
"2015-03-27",2.8368
"2015-03-28",-4.2543
"2015-03-29",-1.1342
"2015-03-30",2.4362
"2015-03-31",6.8217
"2015-04-01",3.7815
"2015-04-02",7.5811
"2015-04-03",16.851
"2015-04-04",1.1407
"2015-04-05",6.3713
"2015-04-06",12.601
"2015-04-07",15.7014
"2015-04-08",16.7214
"2015-04-09",17.4415
"2015-04-10",18.3017
"2015-04-11",8.8917
"2015-04-12",10.8008
"2015-04-13",14.5611
"2015-04-14",14.4406
"2015-04-15",9.1209
"2015-04-16",10.3516
"2015-04-17",15.5914
"2015-04-18",17.3107
"2015-04-19",17.3408
"2015-04-20",13.5712
"2015-04-21",7.2014
"2015-04-22",12.1009
"2015-04-23",6.0911
"2015-04-24",9.6211
"2015-04-25",9.0908
"2015-04-26",5.8307
"2015-04-27",4.8315
"2015-04-28",7.4214
"2015-04-29",9.4717
"2015-04-30",10.883
"2015-05-01",7.7235
"2015-05-02",7.6738
"2015-05-03",11.2835
"2015-05-04",11.5336
"2015-05-05",11.0832
"2015-05-06",13.6036
"2015-05-07",14.994
"2015-05-08",17.7541
"2015-05-09",19.9132
"2015-05-10",18.994
"2015-05-11",19.9931
"2015-05-12",18.2334
"2015-05-13",13.3535
"2015-05-14",13.5735
"2015-05-15",14.5032
"2015-05-16",15.9631
"2015-05-17",19.244
"2015-05-18",19.5532
"2015-05-19",18.4834
"2015-05-20",19.963
"2015-05-21",14.1234
"2015-05-22",9.1441
"2015-05-23",11.713
"2015-05-24",13.2829
"2015-05-25",16.4134
"2015-05-26",20.1031
"2015-05-27",19.3737
"2015-05-28",17.7934
"2015-05-29",17.6035
"2015-05-30",17.3338
"2015-05-31",20.3462
"2015-06-01",19.1561
"2015-06-02",18.0261
"2015-06-03",17.2967
"2015-06-04",16.8568
"2015-06-05",16.8163
"2015-06-06",17.886
"2015-06-07",17.8768
"2015-06-08",19.8461
"2015-06-09",19.1966
"2015-06-10",20.7364
"2015-06-11",21.8269
"2015-06-12",22.6871
"2015-06-13",22.6767
"2015-06-14",22.6269
"2015-06-15",22.9962
"2015-06-16",23.4362
"2015-06-17",22.547
"2015-06-18",21.9462
"2015-06-19",21.0663
"2015-06-20",23.6966
"2015-06-21",21.9971
"2015-06-22",23.6168
"2015-06-23",24.5661
"2015-06-24",22.6362
"2015-06-25",23.787
"2015-06-26",20.2964
"2015-06-27",21.4761
"2015-06-28",17.2261
"2015-06-29",18.8967
"2015-06-30",20.2513
"2015-07-01",21.8802
"2015-07-02",20.7804
"2015-07-03",21.2504
"2015-07-04",21.7111
"2015-07-05",21.5711
"2015-07-06",21.0802
"2015-07-07",22.6408
"2015-07-08",22.6211
"2015-07-09",23.6411
"2015-07-10",22.0712
"2015-07-11",19.7604
"2015-07-12",22.1002
"2015-07-13",21.0513
"2015-07-14",22.8411
"2015-07-15",21.0906
"2015-07-16",21.0709
"2015-07-17",22.451
"2015-07-18",21.4808
"2015-07-19",22.2808
"2015-07-20",23.1305
"2015-07-21",22.3004
"2015-07-22",23.4107
"2015-07-23",22.6107
"2015-07-24",17.6209
"2015-07-25",18.0203
"2015-07-26",20.1413
"2015-07-27",21.4102
"2015-07-28",21.8304
"2015-07-29",22.3108
"2015-07-30",23.721
"2015-07-31",19.7025
"2015-08-01",19.2128
"2015-08-02",21.3129
"2015-08-03",21.8825
"2015-08-04",22.253
"2015-08-05",21.7934
"2015-08-06",21.3928
"2015-08-07",21.0628
"2015-08-08",17.7529
"2015-08-09",19.8924
"2015-08-10",22.3028
"2015-08-11",19.8623
"2015-08-12",16.4725
"2015-08-13",17.7425
"2015-08-14",18.2727
"2015-08-15",19.2533
"2015-08-16",20.5627
"2015-08-17",22.5424
"2015-08-18",22.1025
"2015-08-19",22.4023
"2015-08-20",22.0724
"2015-08-21",20.0232
"2015-08-22",17.8131
"2015-08-23",21.7829
"2015-08-24",21.9126
"2015-08-25",20.1725
"2015-08-26",20.3323
"2015-08-27",16.4134
"2015-08-28",14.8424
"2015-08-29",16.5732
"2015-08-30",19.5126
"2015-08-31",18.5066
"2015-09-01",19.8472
"2015-09-02",20.9065
"2015-09-03",19.8067
"2015-09-04",20.5268
"2015-09-05",19.9572
"2015-09-06",20.0174
"2015-09-07",20.0475
"2015-09-08",21.0165
"2015-09-09",22.1164
"2015-09-10",20.8764
"2015-09-11",20.807
"2015-09-12",16.1969
"2015-09-13",9.2564
"2015-09-14",9.0074
"2015-09-15",11.1469
"2015-09-16",14.2172
"2015-09-17",14.6572
"2015-09-18",16.1969
"2015-09-19",16.1066
"2015-09-20",18.9268
"2015-09-21",18.7671
"2015-09-22",19.3969
"2015-09-23",16.5466
"2015-09-24",17.0571
"2015-09-25",18.2565
"2015-09-26",18.2264
"2015-09-27",18.8469
"2015-09-28",21.607
"2015-09-29",22.6767
"2015-09-30",18.2542
"2015-10-01",13.8039
"2015-10-02",11.7941
"2015-10-03",12.1738
"2015-10-04",13.9938
"2015-10-05",12.1136
"2015-10-06",10.7846
"2015-10-07",12.2746
"2015-10-08",13.8236
"2015-10-09",16.0545
"2015-10-10",12.3938
"2015-10-11",10.494
"2015-10-12",12.8141
"2015-10-13",12.2838
"2015-10-14",8.4645
"2015-10-15",9.1638
"2015-10-16",5.7739
"2015-10-17",1.5343
"2015-10-18",-0.4859
"2015-10-19",0.174
"2015-10-20",1.6941
"2015-10-21",4.6741
"2015-10-22",7.7837
"2015-10-23",10.1142
"2015-10-24",10.2138
"2015-10-25",12.2838
"2015-10-26",10.3041
"2015-10-27",11.1944
"2015-10-28",16.3544
"2015-10-29",9.7843
"2015-10-30",5.5135
"2015-10-31",6.9641
"2015-11-01",14.1246
"2015-11-02",16.4146
"2015-11-03",14.6838
"2015-11-04",14.7938
"2015-11-05",17.4947
"2015-11-06",19.4744
"2015-11-07",12.8141
"2015-11-08",9.0236
"2015-11-09",9.5944
"2015-11-10",6.5647
"2015-11-11",6.2347
"2015-11-12",7.3646
"2015-11-13",1.7439
"2015-11-14",-0.5252
"2015-11-15",0.1844
"2015-11-16",1.0747
"2015-11-17",4.9138
"2015-11-18",12.7538
"2015-11-19",10.1038
"2015-11-20",1.4244
"2015-11-21",2.2244
"2015-11-22",-1.0763
"2015-11-23",-2.5756
"2015-11-24",-1.5961
"2015-11-25",0.0247
"2015-11-26",5.6836
"2015-11-27",6.5647
"2015-11-28",7.7143
"2015-11-29",10.7741
"2015-11-30",8.0396
"2015-12-01",8.05
"2015-12-02",8.4402
"2015-12-03",1.7196
"2015-12-04",-0.8297
"2015-12-05",-0.1502
"2015-12-06",1.6999
"2015-12-07",2.9803
"2015-12-08",1.0898
"2015-12-09",3.3404
"2015-12-10",5.2101
"2015-12-11",8.9403
"2015-12-12",9.1001
"2015-12-13",9.0595
"2015-12-14",12.6103
"2015-12-15",5.6801
"2015-12-16",7.2095
"2015-12-17",12.1403
"2015-12-18",-2.1299
"2015-12-19",-3.1695
"2015-12-20",-2.5802
"2015-12-21",5.1395
"2015-12-22",15.2302
"2015-12-23",17.6198
"2015-12-24",19.4698
"2015-12-25",17.6302
"2015-12-26",16.3798
"2015-12-27",17.9902
"2015-12-28",13.3397
"2015-12-29",17.8999
"2015-12-30",17.4496
"2015-12-31",1.695
"2016-01-01",1.55
"2016-01-02",-0.65
"2016-01-03",-0.45
"2016-01-04",-4.15
"2016-01-05",-5.75
"2016-01-06",-4.45
"2016-01-07",3.35
"2016-01-08",5.35
"2016-01-09",7.65
"2016-01-10",-2.25
"2016-01-11",-2.85
"2016-01-12",-2.75
"2016-01-13",-3.25
"2016-01-14",-2.55
"2016-01-15",0.35
"2016-01-16",3.35
"2016-01-17",-2.95
"2016-01-18",-9.25
"2016-01-19",-8.95
"2016-01-20",-4.65
"2016-01-21",-3.05
"2016-01-22",-4.15
"2016-01-23",-4.45
"2016-01-24",-4.65
"2016-01-25",-3.15
"2016-01-26",0.55
"2016-01-27",3.85
"2016-01-28",0.85
"2016-01-29",-2.75
"2016-01-30",-2.25
"2016-01-31",3.25
"2016-02-01",7.95
"2016-02-02",11.15
"2016-02-03",13.65
"2016-02-04",2.65
"2016-02-05",-2.65
"2016-02-06",-1.75
"2016-02-07",-1.55
"2016-02-08",-0.95
"2016-02-09",-4.55
"2016-02-10",-7.45
"2016-02-11",-6.55
"2016-02-12",-3.95
"2016-02-13",-7.45
"2016-02-14",-7.05
"2016-02-15",-3.55
"2016-02-16",3.25
"2016-02-17",0.85
"2016-02-18",-1.85
"2016-02-19",-1.25
"2016-02-20",7.75
"2016-02-21",9.65
"2016-02-22",7.85
"2016-02-23",7.35
"2016-02-24",5.35
"2016-02-25",0.55
"2016-02-26",-4.05
"2016-02-27",-2.55
"2016-02-28",0.45
"2016-02-29",5.45
"2016-03-01",6.45
"2016-03-02",-1.65
"2016-03-03",-0.25
"2016-03-04",0.45
"2016-03-05",2.35
"2016-03-06",1.25
"2016-03-07",3.35
"2016-03-08",8.55
"2016-03-09",11.05
"2016-03-10",14.35
"2016-03-11",13.75
"2016-03-12",14.75
"2016-03-13",15.95
"2016-03-14",13.05
"2016-03-15",13.05
"2016-03-16",9.75
"2016-03-17",10.65
"2016-03-18",9.25
"2016-03-19",5.25
"2016-03-20",2.55
"2016-03-21",0.55
"2016-03-22",5.15
"2016-03-23",9.95
"2016-03-24",13.35
"2016-03-25",13.25
"2016-03-26",13.15
"2016-03-27",13.85
"2016-03-28",6.05
"2016-03-29",3.75
"2016-03-30",7.55
"2016-03-31",14.65
"2016-04-01",16.65
"2016-04-02",7.75
"2016-04-03",6.35
"2016-04-04",9.05
"2016-04-05",-2.15
"2016-04-06",2.15
"2016-04-07",10.05
"2016-04-08",4.25
"2016-04-09",-1.15
"2016-04-10",3.15
"2016-04-11",9.55
"2016-04-12",9.05
"2016-04-13",4.95
"2016-04-14",6.15
"2016-04-15",4.25
"2016-04-16",3.05
"2016-04-17",4.15
"2016-04-18",12.45
"2016-04-19",13.35
"2016-04-20",12.25
"2016-04-21",14.15
"2016-04-22",15.45
"2016-04-23",12.35
"2016-04-24",10.65
"2016-04-25",13.35
"2016-04-26",16.55
"2016-04-27",16.95
"2016-04-28",17.65
"2016-04-29",16.25
"2016-04-30",15.55
"2016-05-01",16.65
"2016-05-02",17.35
"2016-05-03",14.55
"2016-05-04",10.35
"2016-05-05",8.55
"2016-05-06",10.25
"2016-05-07",15.65
"2016-05-08",15.45
"2016-05-09",18.05
"2016-05-10",16.85
"2016-05-11",17.65
"2016-05-12",18.45
"2016-05-13",12.25
"2016-05-14",9.35
"2016-05-15",6.35
"2016-05-16",13.45
"2016-05-17",16.45
"2016-05-18",14.55
"2016-05-19",13.25
"2016-05-20",14.85
"2016-05-21",15.85
"2016-05-22",10.05
"2016-05-23",9.55
"2016-05-24",14.75
"2016-05-25",17.65
"2016-05-26",18.55
"2016-05-27",13.15
"2016-05-28",19.65
"2016-05-29",18.85
"2016-05-30",19.75
"2016-05-31",19.45
"2016-06-01",20.05
"2016-06-02",19.75
"2016-06-03",20.55
"2016-06-04",21.65
"2016-06-05",20.75
"2016-06-06",20.15
"2016-06-07",15.85
"2016-06-08",13.55
"2016-06-09",15.75
"2016-06-10",19.75
"2016-06-11",22.65
"2016-06-12",20.85
"2016-06-13",18.25
"2016-06-14",20.95
"2016-06-15",21.55
"2016-06-16",22.55
"2016-06-17",17.85
"2016-06-18",13.85
"2016-06-19",15.55
"2016-06-20",19.25
"2016-06-21",21.35
"2016-06-22",23.65
"2016-06-23",19.85
"2016-06-24",20.55
"2016-06-25",19.45
"2016-06-26",17.85
"2016-06-27",21.95
"2016-06-28",19.95
"2016-06-29",20.25
"2016-06-30",21.15
"2016-07-01",22.35
"2016-07-02",22.15
"2016-07-03",21.55
"2016-07-04",21.85
"2016-07-05",22.65
"2016-07-06",21.75
"2016-07-07",21.85
"2016-07-08",20.85
"2016-07-09",22.15
"2016-07-10",22.55
"2016-07-11",20.95
"2016-07-12",21.95
"2016-07-13",23.75
"2016-07-14",24.15
"2016-07-15",21.45
"2016-07-16",20.65
"2016-07-17",21.45
"2016-07-18",23.15
"2016-07-19",20.25
"2016-07-20",20.75
"2016-07-21",21.85
"2016-07-22",22.05
"2016-07-23",22.05
"2016-07-24",24.15
"2016-07-25",23.85
"2016-07-26",24.85
"2016-07-27",24.55
"2016-07-28",24.45
"2016-07-29",23.25
"2016-07-30",22.65
"2016-07-31",22.85
"2016-08-01",21.95
"2016-08-02",22.15
"2016-08-03",21.45
"2016-08-04",21.75
"2016-08-05",22.95
"2016-08-06",24.05
"2016-08-07",22.05
"2016-08-08",22.55
"2016-08-09",22.15
"2016-08-10",21.85
"2016-08-11",22.85
"2016-08-12",23.65
"2016-08-13",23.75
"2016-08-14",23.05
"2016-08-15",22.95
"2016-08-16",23.15
"2016-08-17",23.25
"2016-08-18",22.05
"2016-08-19",22.35
"2016-08-20",22.45
"2016-08-21",20.55
"2016-08-22",17.95
"2016-08-23",17.85
"2016-08-24",17.45
"2016-08-25",21.25
"2016-08-26",21.85
"2016-08-27",21.95
"2016-08-28",21.65
"2016-08-29",20.15
"2016-08-30",20.75
"2016-08-31",20.25
"2016-09-01",21.55
"2016-09-02",17.15
"2016-09-03",16.05
"2016-09-04",14.35
"2016-09-05",16.05
"2016-09-06",19.25
"2016-09-07",20.65
"2016-09-08",20.35
"2016-09-09",21.35
"2016-09-10",21.25
"2016-09-11",21.85
"2016-09-12",20.05
"2016-09-13",17.35
"2016-09-14",18.65
"2016-09-15",19.95
"2016-09-16",19.15
"2016-09-17",19.25
"2016-09-18",20.35
"2016-09-19",20.55
"2016-09-20",20.35
"2016-09-21",20.05
"2016-09-22",20.55
"2016-09-23",17.75
"2016-09-24",19.05
"2016-09-25",18.85
"2016-09-26",18.65
"2016-09-27",18.65
"2016-09-28",18.05
"2016-09-29",18.25
"2016-09-30",15.25
"2016-10-01",14.95
"2016-10-02",14.85
"2016-10-03",16.55
"2016-10-04",15.05
"2016-10-05",15.25
"2016-10-06",15.95
"2016-10-07",20.05
"2016-10-08",12.55
"2016-10-09",7.75
"2016-10-10",6.05
"2016-10-11",7.85
"2016-10-12",9.95
"2016-10-13",12.35
"2016-10-14",11.15
"2016-10-15",10.15
"2016-10-16",12.05
"2016-10-17",15.15
"2016-10-18",16.55
"2016-10-19",15.55
"2016-10-20",15.85
"2016-10-21",9.15
"2016-10-22",3.75
"2016-10-23",6.95
"2016-10-24",8.85
"2016-10-25",4.15
"2016-10-26",6.05
"2016-10-27",10.05
"2016-10-28",8.55
"2016-10-29",9.65
"2016-10-30",12.65
"2016-10-31",11.75
"2016-11-01",9.35
"2016-11-02",10.95
"2016-11-03",14.75
"2016-11-04",4.25
"2016-11-05",2.65
"2016-11-06",3.75
"2016-11-07",0.85
"2016-11-08",3.65
"2016-11-09",4.95
"2016-11-10",3.15
"2016-11-11",4.75
"2016-11-12",-2.05
"2016-11-13",-0.15
"2016-11-14",6.25
"2016-11-15",3.25
"2016-11-16",4.25
"2016-11-17",4.95
"2016-11-18",7.05
"2016-11-19",0.05
"2016-11-20",-2.05
"2016-11-21",-2.25
"2016-11-22",-2.35
"2016-11-23",0.45
"2016-11-24",9.55
"2016-11-25",9.55
"2016-11-26",-1.75
"2016-11-27",-1.25
"2016-11-28",0.55
"2016-11-29",16.85
"2016-11-30",14.45
"2016-12-01",1.65
"2016-12-02",1.85
"2016-12-03",2.75
"2016-12-04",5.25
"2016-12-05",6.15
"2016-12-06",3.55
"2016-12-07",3.55
"2016-12-08",-1.75
"2016-12-09",-5.45
"2016-12-10",-5.65
"2016-12-11",-3.95
"2016-12-12",3.75
"2016-12-13",5.65
"2016-12-14",-0.15
"2016-12-15",-5.85
"2016-12-16",-5.85
"2016-12-17",-0.65
"2016-12-18",2.85
"2016-12-19",1.25
"2016-12-20",-2.65
"2016-12-21",-1.85
"2016-12-22",2.15
"2016-12-23",2.95
"2016-12-24",7.45
"2016-12-25",8.05
"2016-12-26",8.35
"2016-12-27",7.05
"2016-12-28",3.65
"2016-12-29",2.55
"2016-12-30",-3.95
"2016-12-31",-3.35
"2017-01-01",5.35
"2017-01-02",8.55
"2017-01-03",8.55
"2017-01-04",-0.95
"2017-01-05",-0.75
"2017-01-06",-0.45
"2017-01-07",-9.75
"2017-01-08",-11.25
"2017-01-09",-10.65
"2017-01-10",-5.65
"2017-01-11",7.05
"2017-01-12",9.55
"2017-01-13",8.05
"2017-01-14",4.55
"2017-01-15",6.25
"2017-01-16",5.85
"2017-01-17",8.65
"2017-01-18",2.75
"2017-01-19",2.85
"2017-01-20",9.45
"2017-01-21",10.45
"2017-01-22",10.85
"2017-01-23",5.35
"2017-01-24",2.35
"2017-01-25",2.75
"2017-01-26",0.15
"2017-01-27",-2.65
"2017-01-28",-1.55
"2017-01-29",-0.45
"2017-01-30",-1.05
"2017-01-31",3.95
"2017-02-01",5.15
"2017-02-02",5.05
"2017-02-03",-3.05
"2017-02-04",-3.75
"2017-02-05",-0.75
"2017-02-06",1.75
"2017-02-07",9.45
"2017-02-08",12.05
"2017-02-09",-2.75
"2017-02-10",-1.55
"2017-02-11",7.05
"2017-02-12",9.95
"2017-02-13",-0.15
"2017-02-14",0.45
"2017-02-15",0.45
"2017-02-16",0.95
"2017-02-17",3.15
"2017-02-18",4.35
"2017-02-19",5.15
"2017-02-20",6.05
"2017-02-21",7.25
"2017-02-22",9.35
"2017-02-23",9.05
"2017-02-24",10.15
"2017-02-25",2.15
"2017-02-26",-0.25
"2017-02-27",2.55
"2017-02-28",10.95
"2017-03-01",9.95
"2017-03-02",1.05
"2017-03-03",-2.55
"2017-03-04",-1.95
"2017-03-05",-0.55
"2017-03-06",2.45
"2017-03-07",9.55
"2017-03-08",4.35
"2017-03-09",5.65
"2017-03-10",0.15
"2017-03-11",-0.05
"2017-03-12",-2.65
"2017-03-13",-1.25
"2017-03-14",-3.65
"2017-03-15",-4.65
"2017-03-16",-4.35
"2017-03-17",-0.95
"2017-03-18",5.35
"2017-03-19",0.15
"2017-03-20",1.85
"2017-03-21",12.25
"2017-03-22",0.45
"2017-03-23",0.95
"2017-03-24",4.05
"2017-03-25",10.15
"2017-03-26",12.75
"2017-03-27",15.05
"2017-03-28",12.35
"2017-03-29",11.55
"2017-03-30",12.55
"2017-03-31",10.85
"2017-04-01",9.05
"2017-04-02",9.55
"2017-04-03",11.85
"2017-04-04",13.55
"2017-04-05",15.05
"2017-04-06",7.25
"2017-04-07",2.25
"2017-04-08",3.55
"2017-04-09",7.75
"2017-04-10",11.45
"2017-04-11",12.45
"2017-04-12",12.95
"2017-04-13",10.15
"2017-04-14",12.35
"2017-04-15",14.55
"2017-04-16",15.25
"2017-04-17",16.55
"2017-04-18",14.05
"2017-04-19",14.65
"2017-04-20",17.05
"2017-04-21",16.65
"2017-04-22",12.95
"2017-04-23",11.85
"2017-04-24",12.05
"2017-04-25",13.35
"2017-04-26",14.95
"2017-04-27",17.85
"2017-04-28",21.45
"2017-04-29",20.45
"2017-04-30",19.75
"2017-05-01",15.45
"2017-05-02",12.05
"2017-05-03",13.55
"2017-05-04",16.55
"2017-05-05",11.05
"2017-05-06",6.95
"2017-05-07",6.95
"2017-05-08",7.65
"2017-05-09",11.35
"2017-05-10",16.15
"2017-05-11",14.25
"2017-05-12",12.95
"2017-05-13",10.75
"2017-05-14",14.55
"2017-05-15",15.05
"2017-05-16",18.15
"2017-05-17",17.85
"2017-05-18",18.75
"2017-05-19",19.45
"2017-05-20",17.75
"2017-05-21",17.65
"2017-05-22",18.65
"2017-05-23",17.75
"2017-05-24",15.55
"2017-05-25",14.35
"2017-05-26",15.75
"2017-05-27",19.95
"2017-05-28",18.15
"2017-05-29",18.35
"2017-05-30",20.05
"2017-05-31",18.45
"2017-06-01",18.75
"2017-06-02",15.85
"2017-06-03",17.75
"2017-06-04",20.25
"2017-06-05",18.75
"2017-06-06",18.65
"2017-06-07",12.85
"2017-06-08",12.35
"2017-06-09",17.15
"2017-06-10",18.35
"2017-06-11",18.55
"2017-06-12",19.25
"2017-06-13",18.45
"2017-06-14",20.95
"2017-06-15",20.05
"2017-06-16",21.45
"2017-06-17",22.35
"2017-06-18",22.95
"2017-06-19",20.05
"2017-06-20",19.45
"2017-06-21",20.75
"2017-06-22",22.15
"2017-06-23",23.85
"2017-06-24",21.35
"2017-06-25",17.85
"2017-06-26",17.05
"2017-06-27",13.85
"2017-06-28",15.25
"2017-06-29",19.25
"2017-06-30",21.75
"2017-07-01",21.05
"2017-07-02",21.85
"2017-07-03",21.15
"2017-07-04",21.75
"2017-07-05",21.25
"2017-07-06",22.75
"2017-07-07",23.35
"2017-07-08",19.95
"2017-07-09",21.55
"2017-07-10",21.15
"2017-07-11",22.75
"2017-07-12",23.55
"2017-07-13",24.15
"2017-07-14",24.15
"2017-07-15",21.95
"2017-07-16",21.85
"2017-07-17",22.05
"2017-07-18",19.85
"2017-07-19",21.35
"2017-07-20",23.15
"2017-07-21",23.55
"2017-07-22",24.65
"2017-07-23",21.25
"2017-07-24",22.45
"2017-07-25",21.25
"2017-07-26",20.25
"2017-07-27",22.75
"2017-07-28",23.35
"2017-07-29",17.75
"2017-07-30",14.25
"2017-07-31",14.55
"2017-08-01",17.45
"2017-08-02",20.95
"2017-08-03",21.35
"2017-08-04",21.95
"2017-08-05",19.75
"2017-08-06",21.55
"2017-08-07",21.95
"2017-08-08",19.85
"2017-08-09",17.45
"2017-08-10",20.35
"2017-08-11",22.95
"2017-08-12",22.65
"2017-08-13",22.45
"2017-08-14",22.95
"2017-08-15",22.85
"2017-08-16",23.05
"2017-08-17",23.35
"2017-08-18",23.15
"2017-08-19",21.45
"2017-08-20",21.95
"2017-08-21",21.95
"2017-08-22",23.15
"2017-08-23",21.75
"2017-08-24",19.65
"2017-08-25",19.55
"2017-08-26",17.95
"2017-08-27",16.55
"2017-08-28",18.15
"2017-08-29",15.35
"2017-08-30",17.55
"2017-08-31",20.75
"2017-09-01",20.15
"2017-09-02",16.85
"2017-09-03",15.75
"2017-09-04",18.95
"2017-09-05",18.65
"2017-09-06",12.85
"2017-09-07",11.15
"2017-09-08",11.55
"2017-09-09",12.15
"2017-09-10",13.55
"2017-09-11",16.25
"2017-09-12",15.05
"2017-09-13",17.85
"2017-09-14",17.55
"2017-09-15",17.95
"2017-09-16",18.45
"2017-09-17",17.85
"2017-09-18",17.65
"2017-09-19",17.35
"2017-09-20",18.65
"2017-09-21",17.55
"2017-09-22",17.35
"2017-09-23",17.15
"2017-09-24",17.25
"2017-09-25",19.45
"2017-09-26",20.75
"2017-09-27",18.75
"2017-09-28",18.15
"2017-09-29",15.75
"2017-09-30",9.65
"2017-10-01",9.95
"2017-10-02",10.15
"2017-10-03",10.75
"2017-10-04",12.85
"2017-10-05",13.65
"2017-10-06",15.15
"2017-10-07",18.25
"2017-10-08",23.15
"2017-10-09",23.45
"2017-10-10",22.95
"2017-10-11",22.35
"2017-10-12",18.65
"2017-10-13",15.65
"2017-10-14",16.05
"2017-10-15",16.45
"2017-10-16",7.35
"2017-10-17",3.45
"2017-10-18",4.85
"2017-10-19",6.25
"2017-10-20",8.15
"2017-10-21",9.65
"2017-10-22",11.45
"2017-10-23",12.05
"2017-10-24",6.55
"2017-10-25",5.65
"2017-10-26",3.65
"2017-10-27",5.95
"2017-10-28",9.35
"2017-10-29",1.55
"2017-10-30",2.55
"2017-10-31",5.15
"2017-11-01",9.95
"2017-11-02",11.45
"2017-11-03",12.95
"2017-11-04",13.25
"2017-11-05",10.85
"2017-11-06",11.25
"2017-11-07",7.25
"2017-11-08",6.55
"2017-11-09",5.75
"2017-11-10",-1.55
"2017-11-11",-1.85
"2017-11-12",1.25
"2017-11-13",2.35
"2017-11-14",0.95
"2017-11-15",0.85
"2017-11-16",2.25
"2017-11-17",0.25
"2017-11-18",3.05
"2017-11-19",-1.95
"2017-11-20",-1.85
"2017-11-21",1.65
"2017-11-22",2.15
"2017-11-23",-2.35
"2017-11-24",-1.95
"2017-11-25",1.85
"2017-11-26",-0.85
"2017-11-27",-1.55
"2017-11-28",0.25
"2017-11-29",2.85
"2017-11-30",3.25
"2017-12-01",8.05
"2017-12-02",8.55
"2017-12-03",2.25
"2017-12-04",2.15
"2017-12-05",7.25
"2017-12-06",4.25
"2017-12-07",3.95
"2017-12-08",1.25
"2017-12-09",-2.15
"2017-12-10",-3.05
"2017-12-11",-2.15
"2017-12-12",-4.95
"2017-12-13",-4.25
"2017-12-14",0.55
"2017-12-15",-3.75
"2017-12-16",-3.35
"2017-12-17",-2.15
"2017-12-18",6.05
"2017-12-19",6.05
"2017-12-20",5.35
"2017-12-21",2.25
"2017-12-22",4.95
"2017-12-23",9.65
"2017-12-24",5.05
"2017-12-25",-0.95
"2017-12-26",-1.45
"2017-12-27",-3.15
"2017-12-28",-6.15
"2017-12-29",-5.65
"2017-12-30",-2.75
"2017-12-31",-0.45
"2018-01-01",-11.95
"2018-01-02",-12.65
"2018-01-03",-9.75
"2018-01-04",-12.85
"2018-01-05",-13.55
"2018-01-06",-14.55
"2018-01-07",-13.75
"2018-01-08",-8.35
"2018-01-09",0.15
"2018-01-10",2.05
"2018-01-11",9.45
"2018-01-12",6.95
"2018-01-13",-4.15
"2018-01-14",-7.35
"2018-01-15",-7.65
"2018-01-16",-5.55
"2018-01-17",-10.55
"2018-01-18",-10.35
"2018-01-19",-4.45
"2018-01-20",-1.85
"2018-01-21",1.55
"2018-01-22",3.45
"2018-01-23",1.05
"2018-01-24",-2.65
"2018-01-25",-4.05
"2018-01-26",-3.25
"2018-01-27",2.35
"2018-01-28",10.15
"2018-01-29",-0.65
"2018-01-30",-6.35
"2018-01-31",-5.85
"2018-02-01",1.45
"2018-02-02",-6.75
"2018-02-03",-6.65
"2018-02-04",2.35
"2018-02-05",-0.95
"2018-02-06",0.25
"2018-02-07",5.65
"2018-02-08",-1.35
"2018-02-09",-0.55
"2018-02-10",11.05
"2018-02-11",16.35
"2018-02-12",6.45
"2018-02-13",3.65
"2018-02-14",4.45
"2018-02-15",14.55
"2018-02-16",11.55
"2018-02-17",7.05
"2018-02-18",5.95
"2018-02-19",6.15
"2018-02-20",11.45
"2018-02-21",16.85
"2018-02-22",13.25
"2018-02-23",13.55
"2018-02-24",16.65
"2018-02-25",15.35
"2018-02-26",2.75
"2018-02-27",3.05
"2018-02-28",5.55
"2018-03-01",8.75
"2018-03-02",2.05
"2018-03-03",2.05
"2018-03-04",-1.15
"2018-03-05",-0.05
"2018-03-06",4.95
"2018-03-07",-2.05
"2018-03-08",-3.15
"2018-03-09",-1.05
"2018-03-10",4.15
"2018-03-11",3.55
"2018-03-12",-1.05
"2018-03-13",0.55
"2018-03-14",-3.55
"2018-03-15",-0.55
"2018-03-16",2.25
"2018-03-17",5.05
"2018-03-18",7.45
"2018-03-19",8.15
"2018-03-20",2.95
"2018-03-21",1.25
"2018-03-22",-0.75
"2018-03-23",0.55
"2018-03-24",2.45
"2018-03-25",1.45
"2018-03-26",2.45
"2018-03-27",3.35
"2018-03-28",7.85
"2018-03-29",15.25
"2018-03-30",4.85
"2018-03-31",4.65
"2018-04-01",8.15
"2018-04-02",9.35
"2018-04-03",9.45
"2018-04-04",2.45
"2018-04-05",3.65
"2018-04-06",7.85
"2018-04-07",0.65
"2018-04-08",1.85
"2018-04-09",5.05
"2018-04-10",3.55
"2018-04-11",4.95
"2018-04-12",8.75
"2018-04-13",12.75
"2018-04-14",15.85
"2018-04-15",7.95
"2018-04-16",0.05
"2018-04-17",3.75
"2018-04-18",11.55
"2018-04-19",2.15
"2018-04-20",1.75
"2018-04-21",4.25
"2018-04-22",10.75
"2018-04-23",13.15
"2018-04-24",12.75
"2018-04-25",10.95
"2018-04-26",12.55
"2018-04-27",10.85
"2018-04-28",9.95
"2018-04-29",4.25
"2018-04-30",7.05
"2018-05-01",11.75
"2018-05-02",13.15
"2018-05-03",14.35
"2018-05-04",15.25
"2018-05-05",17.05
"2018-05-06",15.25
"2018-05-07",11.95
"2018-05-08",10.15
"2018-05-09",14.15
"2018-05-10",16.05
"2018-05-11",18.75
"2018-05-12",19.25
"2018-05-13",19.95
"2018-05-14",20.25
"2018-05-15",20.15
"2018-05-16",19.75
"2018-05-17",20.75
"2018-05-18",20.65
"2018-05-19",20.05
"2018-05-20",20.25
"2018-05-21",20.05
"2018-05-22",19.75
"2018-05-23",20.55
"2018-05-24",19.05
"2018-05-25",19.55
"2018-05-26",19.95
"2018-05-27",20.75
"2018-05-28",21.25
"2018-05-29",21.75
"2018-05-30",21.65
"2018-05-31",19.95
"2018-06-01",20.05
"2018-06-02",19.25
"2018-06-03",20.05
"2018-06-04",15.95
"2018-06-05",15.65
"2018-06-06",17.65
"2018-06-07",19.05
"2018-06-08",18.55
"2018-06-09",18.55
"2018-06-10",21.05
"2018-06-11",17.35
"2018-06-12",17.35
"2018-06-13",20.85
"2018-06-14",21.15
"2018-06-15",19.15
"2018-06-16",21.35
"2018-06-17",23.25
"2018-06-18",23.45
"2018-06-19",23.05
"2018-06-20",21.75
"2018-06-21",23.95
"2018-06-22",22.45
"2018-06-23",23.45
"2018-06-24",22.35
"2018-06-25",20.05
"2018-06-26",20.65
"2018-06-27",20.45
"2018-06-28",21.95
"2018-06-29",22.25
"2018-06-30",22.25
"2018-07-01",23.15
"2018-07-02",23.45
"2018-07-03",21.95
"2018-07-04",21.75
"2018-07-05",21.45
"2018-07-06",21.75
"2018-07-07",17.75
"2018-07-08",15.75
"2018-07-09",15.95
"2018-07-10",19.65
"2018-07-11",22.15
"2018-07-12",21.65
"2018-07-13",19.35
"2018-07-14",18.75
"2018-07-15",21.95
"2018-07-16",22.15
"2018-07-17",22.35
"2018-07-18",18.75
"2018-07-19",19.15
"2018-07-20",20.55
"2018-07-21",19.85
"2018-07-22",20.55
"2018-07-23",21.65
"2018-07-24",22.25
"2018-07-25",20.25
"2018-07-26",21.65
"2018-07-27",23.05
"2018-07-28",21.35
"2018-07-29",21.75
"2018-07-30",21.45
"2018-07-31",22.55
"2018-08-01",22.65
"2018-08-02",21.35
"2018-08-03",21.75
"2018-08-04",22.25
"2018-08-05",21.35
"2018-08-06",20.85
"2018-08-07",21.55
"2018-08-08",20.75
"2018-08-09",21.25
"2018-08-10",20.95
"2018-08-11",20.55
"2018-08-12",19.55
"2018-08-13",20.15
"2018-08-14",20.85
"2018-08-15",21.85
"2018-08-16",23.25
"2018-08-17",22.05
"2018-08-18",22.25
"2018-08-19",22.05
"2018-08-20",22.55
"2018-08-21",22.75
"2018-08-22",19.65
"2018-08-23",13.65
"2018-08-24",16.05
"2018-08-25",16.35
"2018-08-26",20.35
"2018-08-27",21.65
"2018-08-28",21.75
"2018-08-29",21.85
"2018-08-30",21.55
"2018-08-31",21.75
"2018-09-01",21.55
"2018-09-02",21.05
"2018-09-03",22.05
"2018-09-04",21.65
"2018-09-05",21.55
"2018-09-06",21.35
"2018-09-07",21.05
"2018-09-08",21.55
"2018-09-09",20.65
"2018-09-10",20.45
"2018-09-11",21.15
"2018-09-12",22.25
"2018-09-13",23.15
"2018-09-14",21.25
"2018-09-15",21.75
"2018-09-16",21.65
"2018-09-17",21.35
"2018-09-18",19.55
"2018-09-19",19.65
"2018-09-20",19.35
"2018-09-21",19.05
"2018-09-22",19.15
"2018-09-23",18.25
"2018-09-24",18.25
"2018-09-25",19.75
"2018-09-26",20.35
"2018-09-27",20.15
"2018-09-28",19.15
"2018-09-29",17.35
"2018-09-30",14.75
"2018-10-01",16.15
"2018-10-02",17.85
"2018-10-03",19.65
"2018-10-04",19.95
"2018-10-05",21.65
"2018-10-06",19.95
"2018-10-07",19.95
"2018-10-08",19.75
"2018-10-09",20.35
"2018-10-10",21.65
"2018-10-11",12.45
"2018-10-12",10.25
"2018-10-13",9.95
"2018-10-14",11.95
"2018-10-15",16.65
"2018-10-16",18.65
"2018-10-17",9.85
"2018-10-18",4.95
"2018-10-19",7.65
"2018-10-20",7.15
"2018-10-21",1.15
"2018-10-22",3.15
"2018-10-23",5.85
"2018-10-24",2.65
"2018-10-25",4.95
"2018-10-26",6.65
"2018-10-27",6.55
"2018-10-28",7.15
"2018-10-29",3.35
"2018-10-30",4.25
"2018-10-31",8.35
"2018-11-01",12.55
"2018-11-02",7.55
"2018-11-03",2.85
"2018-11-04",5.55
"2018-11-05",13.55
"2018-11-06",10.45
"2018-11-07",10.95
"2018-11-08",10.15
"2018-11-09",8.25
"2018-11-10",-1.05
"2018-11-11",0.05
"2018-11-12",5.75
"2018-11-13",7.05
"2018-11-14",2.95
"2018-11-15",2.45
"2018-11-16",0.25
"2018-11-17",0.15
"2018-11-18",1.95
"2018-11-19",8.15
"2018-11-20",0.35
"2018-11-21",0.45
"2018-11-22",-1.75
"2018-11-23",-1.05
"2018-11-24",4.55
"2018-11-25",5.85
"2018-11-26",0.55
"2018-11-27",-3.75
"2018-11-28",-4.85
"2018-11-29",-3.45
"2018-11-30",8.35
"2018-12-01",10.55
"2018-12-02",14.75
"2018-12-03",5.55
"2018-12-04",4.05
"2018-12-05",-3.35
"2018-12-06",-2.85
"2018-12-07",0.85
"2018-12-08",0.45
"2018-12-09",0.55
"2018-12-10",-0.25
"2018-12-11",-2.45
"2018-12-12",-0.55
"2018-12-13",1.35
"2018-12-14",6.65
"2018-12-15",6.75
"2018-12-16",5.05
"2018-12-17",2.85
"2018-12-18",0.15
"2018-12-19",0.05
"2018-12-20",7.75
"2018-12-21",4.65
"2018-12-22",-0.15
"2018-12-23",0.05
"2018-12-24",-1.45
"2018-12-25",-1.45
"2018-12-26",-1.15
"2018-12-27",1.95
"2018-12-28",14.15
"2018-12-29",9.65
"2018-12-30",10.65
"2018-12-31",-0.45
"2019-01-01",10.65
"2019-01-02",10.35
"2019-01-03",10.35
"2019-01-04",7.35
"2019-01-05",4.15
"2019-01-06",4.05
"2019-01-07",5.35
"2019-01-08",6.45
"2019-01-09",-1.15
"2019-01-10",-5.35
"2019-01-11",-5.25
"2019-01-12",0.45
"2019-01-13",0.65
"2019-01-14",0.55
"2019-01-15",-2.25
"2019-01-16",-2.45
"2019-01-17",-0.95
"2019-01-18",3.55
"2019-01-19",6.05
"2019-01-20",-6.25
"2019-01-21",-7.95
"2019-01-22",-7.35
"2019-01-23",0.95
"2019-01-24",-1.05
"2019-01-25",-3.95
"2019-01-26",-3.35
"2019-01-27",-2.55
"2019-01-28",1.95
"2019-01-29",-4.45
"2019-01-30",-5.55
"2019-01-31",-5.45
"2019-02-01",-1.95
"2019-02-02",0.45
"2019-02-03",2.55
"2019-02-04",2.85
"2019-02-05",7.75
"2019-02-06",8.85
"2019-02-07",15.15
"2019-02-08",5.25
"2019-02-09",-2.65
"2019-02-10",-1.15
"2019-02-11",3.75
"2019-02-12",6.35
"2019-02-13",0.45
"2019-02-14",0.85
"2019-02-15",9.95
"2019-02-16",2.15
"2019-02-17",2.65
"2019-02-18",3.65
"2019-02-19",1.55
"2019-02-20",1.25
"2019-02-21",4.25
"2019-02-22",4.35
"2019-02-23",4.65
"2019-02-24",3.95
"2019-02-25",1.25
"2019-02-26",2.85
"2019-02-27",7.05
"2019-02-28",7.45
"2019-03-01",4.75
"2019-03-02",4.75
"2019-03-03",6.35
"2019-03-04",1.25
"2019-03-05",-3.25
"2019-03-06",-3.95
"2019-03-07",-1.05
"2019-03-08",5.05
"2019-03-09",6.95
"2019-03-10",11.35
"2019-03-11",4.95
"2019-03-12",0.65
"2019-03-13",3.85
"2019-03-14",9.85
"2019-03-15",9.35
"2019-03-16",1.75
"2019-03-17",0.25
"2019-03-18",1.45
"2019-03-19",1.85
"2019-03-20",4.85
"2019-03-21",5.25
"2019-03-22",2.35
"2019-03-23",1.55
"2019-03-24",5.85
"2019-03-25",7.55
"2019-03-26",0.55
"2019-03-27",0.15
"2019-03-28",3.75
"2019-03-29",9.25
"2019-03-30",12.95
"2019-03-31",2.25
"2019-04-01",1.05
"2019-04-02",-0.15
"2019-04-03",4.95
"2019-04-04",10.55
"2019-04-05",12.15
"2019-04-06",11.25
"2019-04-07",13.55
"2019-04-08",16.25
"2019-04-09",15.15
"2019-04-10",10.15
"2019-04-11",14.05
"2019-04-12",17.55
"2019-04-13",18.95
"2019-04-14",14.35
"2019-04-15",4.05
"2019-04-16",7.65
"2019-04-17",13.25
"2019-04-18",16.45
"2019-04-19",10.55
"2019-04-20",7.45
"2019-04-21",7.15
"2019-04-22",8.75
"2019-04-23",15.15
"2019-04-24",15.45
"2019-04-25",18.05
"2019-04-26",8.25
"2019-04-27",13.65
"2019-04-28",14.95
"2019-04-29",15.85
"2019-04-30",15.95
"2019-05-01",15.95
"2019-05-02",16.25
"2019-05-03",18.45
"2019-05-04",17.75
"2019-05-05",16.55
"2019-05-06",14.75
"2019-05-07",15.65
"2019-05-08",14.95
"2019-05-09",16.35
"2019-05-10",17.25
"2019-05-11",18.45
"2019-05-12",18.75
"2019-05-13",10.05
"2019-05-14",7.25
"2019-05-15",10.25
"2019-05-16",15.65
"2019-05-17",18.25
"2019-05-18",19.85
"2019-05-19",19.25
"2019-05-20",17.95
"2019-05-21",19.55
"2019-05-22",16.35
"2019-05-23",19.95
"2019-05-24",20.75
"2019-05-25",22.65
"2019-05-26",20.35
"2019-05-27",20.05
"2019-05-28",21.05
"2019-05-29",20.05
"2019-05-30",21.55
"2019-05-31",16.05
"2019-06-01",16.55
"2019-06-02",18.35
"2019-06-03",15.65
"2019-06-04",18.15
"2019-06-05",20.45
"2019-06-06",21.95
"2019-06-07",21.75
"2019-06-08",20.75
"2019-06-09",20.55
"2019-06-10",20.05
"2019-06-11",16.05
"2019-06-12",16.45
"2019-06-13",13.85
"2019-06-14",11.85
"2019-06-15",17.55
"2019-06-16",21.05
"2019-06-17",21.65
"2019-06-18",22.35
"2019-06-19",22.55
"2019-06-20",20.65
"2019-06-21",19.15
"2019-06-22",20.05
"2019-06-23",18.95
"2019-06-24",20.75
"2019-06-25",20.75
"2019-06-26",19.45
"2019-06-27",19.75
"2019-06-28",20.85
"2019-06-29",22.25
"2019-06-30",22.55
"2019-07-01",19.35
"2019-07-02",21.75
"2019-07-03",21.85
"2019-07-04",20.35
"2019-07-05",21.25
"2019-07-06",22.85
"2019-07-07",23.25
"2019-07-08",22.35
"2019-07-09",21.65
"2019-07-10",22.35
"2019-07-11",22.75
"2019-07-12",23.45
"2019-07-13",21.45
"2019-07-14",21.75
"2019-07-15",22.65
"2019-07-16",23.95
"2019-07-17",23.35
"2019-07-18",22.65
"2019-07-19",22.15
"2019-07-20",22.75
"2019-07-21",23.45
"2019-07-22",23.35
"2019-07-23",16.75
"2019-07-24",17.05
"2019-07-25",18.05
"2019-07-26",17.25
"2019-07-27",17.95
"2019-07-28",18.45
"2019-07-29",18.25
"2019-07-30",20.25
"2019-07-31",19.55
"2019-08-01",20.25
"2019-08-02",20.75
"2019-08-03",21.55
"2019-08-04",20.65
"2019-08-05",19.05
"2019-08-06",21.55
"2019-08-07",20.35
"2019-08-08",20.75
"2019-08-09",20.55
"2019-08-10",20.75
"2019-08-11",20.45
"2019-08-12",22.55
"2019-08-13",22.15
"2019-08-14",22.35
"2019-08-15",22.45
"2019-08-16",21.75
"2019-08-17",22.05
"2019-08-18",23.25
"2019-08-19",21.55
"2019-08-20",22.25
"2019-08-21",21.45
"2019-08-22",22.55
"2019-08-23",20.65
"2019-08-24",16.85
"2019-08-25",17.95
"2019-08-26",18.75
"2019-08-27",20.35
"2019-08-28",18.15
"2019-08-29",14.95
"2019-08-30",16.05
"2019-08-31",16.65
"2019-09-01",20.45
"2019-09-02",19.05
"2019-09-03",20.25
"2019-09-04",21.75
"2019-09-05",20.75
"2019-09-06",18.65
"2019-09-07",20.85
"2019-09-08",22.25
"2019-09-09",20.35
"2019-09-10",19.65
"2019-09-11",20.55
"2019-09-12",21.55
"2019-09-13",20.75
"2019-09-14",19.25
"2019-09-15",19.85
"2019-09-16",17.95
"2019-09-17",17.45
"2019-09-18",12.25
"2019-09-19",9.95
"2019-09-20",12.35
"2019-09-21",16.05
"2019-09-22",16.55
"2019-09-23",17.85
"2019-09-24",14.15
"2019-09-25",17.15
"2019-09-26",20.45
"2019-09-27",20.15
"2019-09-28",20.75
"2019-09-29",22.15
"2019-09-30",20.05
"2019-10-01",19.85
"2019-10-02",21.05
"2019-10-03",21.45
"2019-10-04",16.95
"2019-10-05",14.35
"2019-10-06",15.15
"2019-10-07",17.45
"2019-10-08",13.45
"2019-10-09",11.95
"2019-10-10",10.15
"2019-10-11",10.25
"2019-10-12",15.65
"2019-10-13",15.85
"2019-10-14",9.85
"2019-10-15",11.55
"2019-10-16",6.75
"2019-10-17",5.25
"2019-10-18",5.25
"2019-10-19",7.55
"2019-10-20",11.15
"2019-10-21",13.05
"2019-10-22",9.45
"2019-10-23",5.25
"2019-10-24",7.35
"2019-10-25",11.65
"2019-10-26",13.25
"2019-10-27",13.25
"2019-10-28",12.95
"2019-10-29",13.75
"2019-10-30",17.35
"2019-10-31",4.05
"2019-11-01",1.85
"2019-11-02",2.25
"2019-11-03",0.55
"2019-11-04",2.65
"2019-11-05",9.75
"2019-11-06",5.95
"2019-11-07",6.95
"2019-11-08",-2.05
"2019-11-09",-2.35
"2019-11-10",1.65
"2019-11-11",5.55
"2019-11-12",-3.95
"2019-11-13",-4.75
"2019-11-14",-2.75
"2019-11-15",5.25
"2019-11-16",4.55
"2019-11-17",4.45
"2019-11-18",4.75
"2019-11-19",4.25
"2019-11-20",0.75
"2019-11-21",1.15
"2019-11-22",8.25
"2019-11-23",8.45
"2019-11-24",0.85
"2019-11-25",0.75
"2019-11-26",3.05
"2019-11-27",6.25
"2019-11-28",1.55
"2019-11-29",2.05
"2019-11-30",8.15
"2019-12-01",6.95
"2019-12-02",0.85
"2019-12-03",0.85
"2019-12-04",0.35
"2019-12-05",-0.45
"2019-12-06",2.45
"2019-12-07",-1.25
"2019-12-08",-0.85
"2019-12-09",6.45
"2019-12-10",5.85
"2019-12-11",-1.75
"2019-12-12",-0.75
"2019-12-13",3.75
"2019-12-14",1.95
"2019-12-15",2.45
"2019-12-16",5.45
"2019-12-17",2.25
"2019-12-18",-2.95
"2019-12-19",-4.65
"2019-12-20",-3.45
"2019-12-21",-1.75
"2019-12-22",-0.75
"2019-12-23",5.95
"2019-12-24",2.35
"2019-12-25",2.05
"2019-12-26",4.15
"2019-12-27",7.05
"2019-12-28",10.15
"2019-12-29",14.95
"2019-12-30",5.85
"2019-12-31",-0.45
"2020-01-01",1.25
"2020-01-02",3.95
"2020-01-03",8.85
"2020-01-04",1.55
"2020-01-05",-0.05
"2020-01-06",0.15
"2020-01-07",-1.45
"2020-01-08",-0.85
"2020-01-09",0.05
"2020-01-10",5.65
"2020-01-11",15.85
"2020-01-12",16.65
"2020-01-13",16.45
"2020-01-14",13.35
"2020-01-15",13.05
"2020-01-16",2.55
"2020-01-17",1.55
"2020-01-18",1.95
"2020-01-19",-2.85
"2020-01-20",-5.15
"2020-01-21",-4.65
"2020-01-22",-4.15
"2020-01-23",-1.75
"2020-01-24",5.75
"2020-01-25",0.15
"2020-01-26",-0.15
"2020-01-27",1.85
"2020-01-28",-1.05
"2020-01-29",-0.35
"2020-01-30",-1.25
"2020-01-31",0.05
"2020-02-01",1.15
"2020-02-02",2.15
"2020-02-03",6.15
"2020-02-04",13.15
"2020-02-05",14.05
"2020-02-06",13.65
"2020-02-07",-2.15
"2020-02-08",-1.95
"2020-02-09",0.05
"2020-02-10",3.35
"2020-02-11",13.55
"2020-02-12",13.15
"2020-02-13",6.15
"2020-02-14",-1.45
"2020-02-15",-1.55
"2020-02-16",0.75
"2020-02-17",4.85
"2020-02-18",5.75
"2020-02-19",5.75
"2020-02-20",-0.85
"2020-02-21",-5.75
"2020-02-22",-4.55
"2020-02-23",0.15
"2020-02-24",7.85
"2020-02-25",11.55
"2020-02-26",4.05
"2020-02-27",-2.75
"2020-02-28",-0.95
"2020-02-29",-3.85
"2020-03-01",-2.35
"2020-03-02",5.45
"2020-03-03",10.35
"2020-03-04",8.65
"2020-03-05",4.85
"2020-03-06",1.95
"2020-03-07",-1.45
"2020-03-08",-0.05
"2020-03-09",5.25
"2020-03-10",11.35
"2020-03-11",9.85
"2020-03-12",11.65
"2020-03-13",11.65
"2020-03-14",10.25
"2020-03-15",7.85
"2020-03-16",8.15
"2020-03-17",9.15
"2020-03-18",10.95
"2020-03-19",16.75
"2020-03-20",17.65
"2020-03-21",9.15
"2020-03-22",7.15
"2020-03-23",7.45
"2020-03-24",9.35
"2020-03-25",9.05
"2020-03-26",9.45
"2020-03-27",14.25
"2020-03-28",19.05
"2020-03-29",16.45
"2020-03-30",13.85
"2020-03-31",7.25
"2020-04-01",4.05
"2020-04-02",5.75
"2020-04-03",5.75
"2020-04-04",7.45
"2020-04-05",9.55
"2020-04-06",11.55
"2020-04-07",16.05
"2020-04-08",13.75
"2020-04-09",9.05
"2020-04-10",0.95
"2020-04-11",6.35
"2020-04-12",14.35
"2020-04-13",11.15
"2020-04-14",6.85
"2020-04-15",1.75
"2020-04-16",3.35
"2020-04-17",10.55
"2020-04-18",3.75
"2020-04-19",8.95
"2020-04-20",8.55
"2020-04-21",6.25
"2020-04-22",10.45
"2020-04-23",12.55
"2020-04-24",13.35
"2020-04-25",13.75
"2020-04-26",9.65
"2020-04-27",5.15
"2020-04-28",11.95
"2020-04-29",12.15
"2020-04-30",11.45
"2020-05-01",7.75
"2020-05-02",11.95
"2020-05-03",17.45
"2020-05-04",13.15
"2020-05-05",13.05
"2020-05-06",5.55
"2020-05-07",6.75
"2020-05-08",5.25
"2020-05-09",2.85
"2020-05-10",9.25
"2020-05-11",2.95
"2020-05-12",6.65
"2020-05-13",10.45
"2020-05-14",14.05
"2020-05-15",14.95
"2020-05-16",15.65
"2020-05-17",18.65
"2020-05-18",17.45
"2020-05-19",12.45
"2020-05-20",13.05
"2020-05-21",16.15
"2020-05-22",16.85
"2020-05-23",18.35
"2020-05-24",18.15
"2020-05-25",17.75
"2020-05-26",18.95
"2020-05-27",19.45
"2020-05-28",21.85
"2020-05-29",20.05
"2020-05-30",18.65
"2020-05-31",13.05
"2020-06-01",14.35
"2020-06-02",18.25
"2020-06-03",20.35
"2020-06-04",21.25
"2020-06-05",21.65
"2020-06-06",22.05
"2020-06-07",21.25
"2020-06-08",21.55
"2020-06-09",22.55
"2020-06-10",23.15
"2020-06-11",20.05
"2020-06-12",17.45
"2020-06-13",16.25
"2020-06-14",14.25
"2020-06-15",14.55
"2020-06-16",15.05
"2020-06-17",15.55
"2020-06-18",17.65
"2020-06-19",17.15
"2020-06-20",17.65
"2020-06-21",21.35
"2020-06-22",21.25
"2020-06-23",21.15
"2020-06-24",20.85
"2020-06-25",19.75
"2020-06-26",19.85
"2020-06-27",21.45
"2020-06-28",21.55
"2020-06-29",22.15
"2020-06-30",21.25
"2020-07-01",20.45
"2020-07-02",19.75
"2020-07-03",20.95
"2020-07-04",21.35
"2020-07-05",19.55
"2020-07-06",21.35
"2020-07-07",21.85
"2020-07-08",22.55
"2020-07-09",21.45
"2020-07-10",21.05
"2020-07-11",20.45
"2020-07-12",21.25
"2020-07-13",20.15
"2020-07-14",21.85
"2020-07-15",22.45
"2020-07-16",22.25
"2020-07-17",21.65
"2020-07-18",22.75
"2020-07-19",24.75
"2020-07-20",22.25
"2020-07-21",22.55
"2020-07-22",23.85
"2020-07-23",21.35
"2020-07-24",20.95
"2020-07-25",21.85
"2020-07-26",23.15
"2020-07-27",23.65
"2020-07-28",22.35
"2020-07-29",21.75
"2020-07-30",22.75
"2020-07-31",23.95
"2020-08-01",22.95
"2020-08-02",22.75
"2020-08-03",19.95
"2020-08-04",21.75
"2020-08-05",22.05
"2020-08-06",21.75
"2020-08-07",20.55
"2020-08-08",21.55
"2020-08-09",21.95
"2020-08-10",20.35
"2020-08-11",21.35
"2020-08-12",22.45
"2020-08-13",22.25
"2020-08-14",22.55
"2020-08-15",19.25
"2020-08-16",17.75
"2020-08-17",19.55
"2020-08-18",20.45
"2020-08-19",20.05
"2020-08-20",20.65
"2020-08-21",21.55
"2020-08-22",21.75
"2020-08-23",22.15
"2020-08-24",22.35
"2020-08-25",21.75
"2020-08-26",21.35
"2020-08-27",23.65
"2020-08-28",24.85
"2020-08-29",22.25
"2020-08-30",22.05
"2020-08-31",22.05
"2020-09-01",22.55
"2020-09-02",23.45
"2020-09-03",23.15
"2020-09-04",21.45
"2020-09-05",15.25
"2020-09-06",14.05
"2020-09-07",15.45
"2020-09-08",18.45
"2020-09-09",22.65
"2020-09-10",21.15
"2020-09-11",21.25
"2020-09-12",17.85
"2020-09-13",18.85
"2020-09-14",16.35
"2020-09-15",13.35
"2020-09-16",15.75
"2020-09-17",18.85
"2020-09-18",14.35
"2020-09-19",10.05
"2020-09-20",8.75
"2020-09-21",6.85
"2020-09-22",8.65
"2020-09-23",12.95
"2020-09-24",15.75
"2020-09-25",16.85
"2020-09-26",15.25
"2020-09-27",16.15
"2020-09-28",17.65
"2020-09-29",12.35
"2020-09-30",11.25
"2020-10-01",12.65
"2020-10-02",8.05
"2020-10-03",9.15
"2020-10-04",8.85
"2020-10-05",9.05
"2020-10-06",11.75
"2020-10-07",13.85
"2020-10-08",15.25
"2020-10-09",16.35
"2020-10-10",18.15
"2020-10-11",19.05
"2020-10-12",16.85
"2020-10-13",10.45
"2020-10-14",9.75
"2020-10-15",12.65
"2020-10-16",8.25
"2020-10-17",4.25
"2020-10-18",6.85
"2020-10-19",10.65
"2020-10-20",14.05
"2020-10-21",15.15
"2020-10-22",14.95
"2020-10-23",14.85
"2020-10-24",16.25
"2020-10-25",10.05
"2020-10-26",10.25
"2020-10-27",12.35
"2020-10-28",14.65
"2020-10-29",14.85
"2020-10-30",7.05
"2020-10-31",8.35
"2020-11-01",1.95
"2020-11-02",0.15
"2020-11-03",1.45
"2020-11-04",3.95
"2020-11-05",7.75
"2020-11-06",11.35
"2020-11-07",12.45
"2020-11-08",12.25
"2020-11-09",12.55
"2020-11-10",14.05
"2020-11-11",19.95
"2020-11-12",12.85
"2020-11-13",9.15
"2020-11-14",9.75
"2020-11-15",6.45
"2020-11-16",3.15
"2020-11-17",-0.05
"2020-11-18",-2.45
"2020-11-19",-1.55
"2020-11-20",2.85
"2020-11-21",5.55
"2020-11-22",7.05
"2020-11-23",-0.05
"2020-11-24",0.45
"2020-11-25",3.55
"2020-11-26",13.45
"2020-11-27",9.65
"2020-11-28",3.85
"2020-11-29",4.15
"2020-11-30",2.85
"2020-12-01",-2.35
"2020-12-02",-4.15
"2020-12-03",-2.65
"2020-12-04",4.95
"2020-12-05",-1.55
"2020-12-06",-0.65
"2020-12-07",-2.75
"2020-12-08",-3.95
"2020-12-09",-2.15
"2020-12-10",0.35
"2020-12-11",2.35
"2020-12-12",7.25
"2020-12-13",10.45
"2020-12-14",-0.85
"2020-12-15",-0.65
"2020-12-16",2.05
"2020-12-17",2.25
"2020-12-18",-3.75
"2020-12-19",-3.35
"2020-12-20",3.65
"2020-12-21",3.85
"2020-12-22",-2.35
"2020-12-23",-1.35
"2020-12-24",1.25
"2020-12-25",-6.45
"2020-12-26",-6.35
"2020-12-27",-4.75
"2020-12-28",-0.85
"2020-12-29",-2.05
"2020-12-30",-1.65
"2020-12-31",5.75
"2021-01-01",7.15
"2021-01-02",8.55
"2021-01-03",5.05
"2021-01-04",-0.15
"2021-01-05",0.05
"2021-01-06",-1.65
"2021-01-07",-1.05
"2021-01-08",-0.65
"2021-01-09",-2.75
"2021-01-10",-2.65
"2021-01-11",-0.15
"2021-01-12",-1.85
"2021-01-13",-1.15
"2021-01-14",-0.45
"2021-01-15",0.05
"2021-01-16",-2.95
"2021-01-17",-2.05
"2021-01-18",-2.95
"2021-01-19",-1.05
"2021-01-20",-0.15
"2021-01-21",4.15
"2021-01-22",-0.65
"2021-01-23",-3.85
"2021-01-24",-2.15
"2021-01-25",5.85
"2021-01-26",6.95
"2021-01-27",1.25
"2021-01-28",-3.95
"2021-01-29",-4.75
"2021-01-30",-3.45
"2021-01-31",0.75
"2021-02-01",0.35
"2021-02-02",-2.35
"2021-02-03",-4.35
"2021-02-04",-3.45
"2021-02-05",0.05
"2021-02-06",0.25
"2021-02-07",-3.15
"2021-02-08",-2.45
"2021-02-09",4.65
"2021-02-10",5.95
"2021-02-11",1.45
"2021-02-12",0.05
"2021-02-13",0.35
"2021-02-14",1.25
"2021-02-15",2.15
"2021-02-16",-1.95
"2021-02-17",-1.55
"2021-02-18",-0.05
"2021-02-19",-3.05
"2021-02-20",-4.45
"2021-02-21",-3.25
"2021-02-22",1.45
"2021-02-23",-0.05
"2021-02-24",3.15
"2021-02-25",5.35
"2021-02-26",4.55
"2021-02-27",5.45
"2021-02-28",12.05
"2021-03-01",4.95
"2021-03-02",3.95
"2021-03-03",1.65
"2021-03-04",1.35
"2021-03-05",1.25
"2021-03-06",-0.75
"2021-03-07",-3.55
"2021-03-08",-1.35
"2021-03-09",2.35
"2021-03-10",5.05
"2021-03-11",8.55
"2021-03-12",12.55
"2021-03-13",11.15
"2021-03-14",11.15
"2021-03-15",3.15
"2021-03-16",2.35
"2021-03-17",6.45
"2021-03-18",9.55
"2021-03-19",0.05
"2021-03-20",1.95
"2021-03-21",6.95
"2021-03-22",9.35
"2021-03-23",11.35
"2021-03-24",11.45
"2021-03-25",13.55
"2021-03-26",13.75
"2021-03-27",15.45
"2021-03-28",6.85
"2021-03-29",3.15
"2021-03-30",8.35
"2021-03-31",8.35
"2021-04-01",0.05
"2021-04-02",-2.35
"2021-04-03",1.65
"2021-04-04",6.45
"2021-04-05",9.65
"2021-04-06",11.35
"2021-04-07",12.25
"2021-04-08",13.75
"2021-04-09",14.85
"2021-04-10",15.45
"2021-04-11",10.45
"2021-04-12",10.15
"2021-04-13",10.15
"2021-04-14",13.35
"2021-04-15",4.25
"2021-04-16",7.75
"2021-04-17",8.55
"2021-04-18",9.45
"2021-04-19",6.05
"2021-04-20",10.05
"2021-04-21",-0.45
"2021-04-22",0.55
"2021-04-23",7.35
"2021-04-24",10.75
"2021-04-25",7.05
"2021-04-26",10.35
"2021-04-27",14.75
"2021-04-28",17.55
"2021-04-29",19.45
"2021-04-30",9.65
"2021-05-01",10.05
"2021-05-02",15.65
"2021-05-03",17.65
"2021-05-04",17.75
"2021-05-05",13.35
"2021-05-06",9.95
"2021-05-07",5.65
"2021-05-08",9.25
"2021-05-09",13.25
"2021-05-10",13.55
"2021-05-11",12.45
"2021-05-12",4.55
"2021-05-13",6.05
"2021-05-14",6.45
"2021-05-15",8.95
"2021-05-16",13.25
"2021-05-17",14.25
"2021-05-18",12.15
"2021-05-19",12.55
"2021-05-20",14.05
"2021-05-21",11.55
"2021-05-22",16.55
"2021-05-23",18.25
"2021-05-24",19.75
"2021-05-25",19.05
"2021-05-26",19.65
"2021-05-27",20.35
"2021-05-28",21.45
"2021-05-29",11.15
"2021-05-30",8.95
"2021-05-31",11.15
"2021-06-01",15.45
"2021-06-02",19.45
"2021-06-03",19.95
"2021-06-04",19.15
"2021-06-05",18.85
"2021-06-06",20.85
"2021-06-07",20.25
"2021-06-08",20.85
"2021-06-09",20.55
"2021-06-10",20.45
"2021-06-11",20.45
"2021-06-12",18.35
"2021-06-13",18.45
"2021-06-14",20.95
"2021-06-15",16.65
"2021-06-16",15.55
"2021-06-17",14.45
"2021-06-18",20.45
"2021-06-19",19.75
"2021-06-20",19.95
"2021-06-21",21.85
"2021-06-22",16.35
"2021-06-23",13.95
"2021-06-24",15.45
"2021-06-25",16.85
"2021-06-26",19.95
"2021-06-27",18.95
"2021-06-28",20.45
"2021-06-29",21.05
"2021-06-30",21.95
"2021-07-01",21.25
"2021-07-02",17.55
"2021-07-03",16.25
"2021-07-04",17.85
"2021-07-05",19.45
"2021-07-06",20.05
"2021-07-07",21.95
"2021-07-08",20.95
"2021-07-09",20.75
"2021-07-10",22.15
"2021-07-11",21.65
"2021-07-12",21.75
"2021-07-13",20.45
"2021-07-14",22.15
"2021-07-15",22.05
"2021-07-16",22.15
"2021-07-17",21.85
"2021-07-18",20.75
"2021-07-19",19.45
"2021-07-20",21.15
"2021-07-21",21.55
"2021-07-22",20.15
"2021-07-23",19.05
"2021-07-24",19.85
"2021-07-25",21.25
"2021-07-26",21.75
"2021-07-27",22.75
"2021-07-28",19.85
"2021-07-29",21.95
"2021-07-30",23.05
"2021-07-31",22.95
"2021-08-01",20.95
"2021-08-02",20.95
"2021-08-03",18.95
"2021-08-04",19.15
"2021-08-05",18.75
"2021-08-06",20.95
"2021-08-07",18.75
"2021-08-08",20.75
"2021-08-09",22.45
"2021-08-10",22.85
"2021-08-11",23.25
"2021-08-12",23.25
"2021-08-13",23.05
"2021-08-14",22.05
"2021-08-15",22.05
"2021-08-16",22.25
"2021-08-17",23.35
"2021-08-18",23.65
"2021-08-19",21.85
"2021-08-20",20.55
"2021-08-21",21.15
"2021-08-22",21.85
"2021-08-23",21.85
"2021-08-24",21.95
"2021-08-25",21.55
"2021-08-26",20.25
"2021-08-27",22.45
"2021-08-28",21.45
"2021-08-29",21.55
"2021-08-30",21.55
"2021-08-31",23.15
"2021-09-01",20.55
"2021-09-02",12.45
"2021-09-03",13.05
"2021-09-04",15.75
"2021-09-05",17.65
"2021-09-06",17.85
"2021-09-07",20.75
"2021-09-08",21.25
"2021-09-09",15.55
"2021-09-10",13.15
"2021-09-11",14.85
"2021-09-12",17.75
"2021-09-13",18.75
"2021-09-14",20.55
"2021-09-15",20.75
"2021-09-16",21.45
"2021-09-17",20.65
"2021-09-18",19.25
"2021-09-19",19.35
"2021-09-20",19.95
"2021-09-21",20.35
"2021-09-22",15.55
"2021-09-23",10.55
"2021-09-24",10.05
"2021-09-25",12.05
"2021-09-26",12.35
"2021-09-27",14.85
"2021-09-28",16.45
"2021-09-29",17.25
"2021-09-30",14.35
"2021-10-01",13.15
"2021-10-02",15.55
"2021-10-03",18.45
"2021-10-04",18.65
"2021-10-05",19.85
"2021-10-06",20.65
"2021-10-07",19.35
"2021-10-08",17.25
"2021-10-09",17.75
"2021-10-10",18.05
"2021-10-11",17.75
"2021-10-12",13.65
"2021-10-13",15.05
"2021-10-14",14.45
"2021-10-15",16.05
"2021-10-16",9.35
"2021-10-17",5.95
"2021-10-18",5.75
"2021-10-19",7.25
"2021-10-20",8.35
"2021-10-21",11.55
"2021-10-22",9.95
"2021-10-23",8.15
"2021-10-24",11.25
"2021-10-25",14.35
"2021-10-26",6.05
"2021-10-27",6.75
"2021-10-28",9.15
"2021-10-29",9.55
"2021-10-30",10.05
"2021-10-31",6.85
"2021-11-01",6.55
"2021-11-02",7.35
"2021-11-03",6.25
"2021-11-04",1.05
"2021-11-05",2.25
"2021-11-06",5.55
"2021-11-07",3.25
"2021-11-08",3.55
"2021-11-09",6.95
"2021-11-10",5.95
"2021-11-11",7.45
"2021-11-12",5.25
"2021-11-13",-0.05
"2021-11-14",1.95
"2021-11-15",0.15
"2021-11-16",1.65
"2021-11-17",8.25
"2021-11-18",5.15
"2021-11-19",-1.25
"2021-11-20",0.25
"2021-11-21",3.25
"2021-11-22",0.05
"2021-11-23",-3.85
"2021-11-24",-2.65
"2021-11-25",1.05
"2021-11-26",-1.65
"2021-11-27",-0.85
"2021-11-28",2.65
"2021-11-29",-2.95
"2021-11-30",-1.65
"2021-12-01",1.75
"2021-12-02",5.25
"2021-12-03",6.35
"2021-12-04",5.65
"2021-12-05",5.35
"2021-12-06",6.85
"2021-12-07",3.55
"2021-12-08",-1.05
"2021-12-09",-0.35
"2021-12-10",4.75
"2021-12-11",7.45
"2021-12-12",-2.05
"2021-12-13",-1.75
"2021-12-14",-1.35
"2021-12-15",-0.15
"2021-12-16",3.05
"2021-12-17",13.65
"2021-12-18",14.45
"2021-12-19",-1.95
"2021-12-20",-2.15
"2021-12-21",2.05
"2021-12-22",-1.95
"2021-12-23",-2.35
"2021-12-24",0.35
"2021-12-25",10.35
"2021-12-26",6.85
"2021-12-27",7.35
"2021-12-28",12.05
"2021-12-29",16.25
"2021-12-30",15.05
"2021-12-31",14.35
"2022-01-01",19.15
"2022-01-02",14.15
"2022-01-03",-2.05
"2022-01-04",-2.25
"2022-01-05",1.85
"2022-01-06",2.05
"2022-01-07",-3.55
"2022-01-08",-3.65
"2022-01-09",4.35
"2022-01-10",-2.45
"2022-01-11",-4.65
"2022-01-12",-4.65
"2022-01-13",-1.05
"2022-01-14",-0.95
"2022-01-15",-1.85
"2022-01-16",-1.95
"2022-01-17",-3.05
"2022-01-18",-3.75
"2022-01-19",-1.35
"2022-01-20",-0.75
"2022-01-21",-5.05
"2022-01-22",-8.35
"2022-01-23",-7.45
"2022-01-24",-1.55
"2022-01-25",1.55
"2022-01-26",-5.75
"2022-01-27",-5.45
"2022-01-28",-2.55
"2022-01-29",-7.45
"2022-01-30",-7.05
"2022-01-31",-2.95
"2022-02-01",-3.45
"2022-02-02",-2.25
"2022-02-03",11.45
"2022-02-04",3.45
"2022-02-05",-3.95
"2022-02-06",-3.75
"2022-02-07",1.55
"2022-02-08",-2.15
"2022-02-09",-1.05
"2022-02-10",0.95
"2022-02-11",1.95
"2022-02-12",5.15
"2022-02-13",-3.55
"2022-02-14",-4.25
"2022-02-15",-2.95
"2022-02-16",-0.05
"2022-02-17",12.15
"2022-02-18",-0.35
"2022-02-19",-2.75
"2022-02-20",-1.95
"2022-02-21",2.25
"2022-02-22",13.85
"2022-02-23",11.55
"2022-02-24",6.95
"2022-02-25",7.25
"2022-02-26",5.35
"2022-02-27",0.55
"2022-02-28",0.45
"2022-03-01",1.45
"2022-03-02",6.05
"2022-03-03",5.55
"2022-03-04",5.85
"2022-03-05",9.45
"2022-03-06",15.25
"2022-03-07",12.75
"2022-03-08",8.85
"2022-03-09",7.05
"2022-03-10",5.65
"2022-03-11",6.15
"2022-03-12",-5.85
"2022-03-13",-3.85
"2022-03-14",0.75
"2022-03-15",5.45
"2022-03-16",10.95
"2022-03-17",9.15
"2022-03-18",12.05
"2022-03-19",9.25
"2022-03-20",3.05
"2022-03-21",5.65
"2022-03-22",9.55
"2022-03-23",14.65
"2022-03-24",9.85
"2022-03-25",5.25
"2022-03-26",-0.55
"2022-03-27",-1.25
"2022-03-28",1.25
"2022-03-29",1.95
"2022-03-30",6.85
"2022-03-31",13.15
"2022-04-01",3.45
"2022-04-02",6.25
"2022-04-03",4.25
"2022-04-04",7.25
"2022-04-05",12.45
"2022-04-06",16.15
"2022-04-07",9.75
"2022-04-08",6.45
"2022-04-09",1.55
"2022-04-10",4.55
"2022-04-11",11.95
"2022-04-12",15.05
"2022-04-13",16.85
"2022-04-14",13.45
"2022-04-15",8.85
"2022-04-16",12.25
"2022-04-17",7.35
"2022-04-18",3.85
"2022-04-19",1.75
"2022-04-20",4.95
"2022-04-21",9.65
"2022-04-22",12.75
"2022-04-23",14.05
"2022-04-24",14.25
"2022-04-25",15.75
"2022-04-26",9.05
"2022-04-27",7.15
"2022-04-28",7.75
"2022-04-29",11.35
"2022-04-30",12.05
"2022-05-01",16.35
"2022-05-02",17.95
"2022-05-03",17.15
"2022-05-04",17.85
"2022-05-05",16.25
"2022-05-06",15.35
"2022-05-07",9.05
"2022-05-08",6.15
"2022-05-09",7.75
"2022-05-10",11.35
"2022-05-11",14.65
"2022-05-12",16.15
"2022-05-13",16.35
"2022-05-14",16.05
"2022-05-15",18.15
"2022-05-16",13.95
"2022-05-17",14.05
"2022-05-18",19.65
"2022-05-19",20.75
"2022-05-20",22.15
"2022-05-21",19.75
"2022-05-22",18.75
"2022-05-23",18.65
"2022-05-24",15.55
"2022-05-25",15.85
"2022-05-26",16.95
"2022-05-27",18.15
"2022-05-28",16.45
"2022-05-29",18.55
"2022-05-30",18.75
"2022-05-31",20.15
"2022-06-01",20.85
"2022-06-02",20.45
"2022-06-03",18.85
"2022-06-04",14.55
"2022-06-05",12.45
"2022-06-06",16.15
"2022-06-07",21.15
"2022-06-08",21.45
"2022-06-09",18.75
"2022-06-10",17.75
"2022-06-11",18.95
"2022-06-12",21.25
"2022-06-13",24.15
"2022-06-14",22.65
"2022-06-15",21.55
"2022-06-16",19.65
"2022-06-17",20.05
"2022-06-18",14.85
"2022-06-19",12.75
"2022-06-20",15.55
"2022-06-21",16.95
"2022-06-22",21.05
"2022-06-23",20.45
"2022-06-24",18.85
"2022-06-25",18.45
"2022-06-26",21.85
"2022-06-27",20.25
"2022-06-28",21.65
"2022-06-29",19.55
"2022-06-30",20.95
"2022-07-01",21.05
"2022-07-02",21.55
"2022-07-03",22.45
"2022-07-04",22.85
"2022-07-05",21.75
"2022-07-06",22.95
"2022-07-07",22.85
"2022-07-08",22.75
"2022-07-09",21.05
"2022-07-10",17.55
"2022-07-11",19.25
"2022-07-12",23.25
"2022-07-13",22.05
"2022-07-14",21.85
"2022-07-15",20.95
"2022-07-16",20.95
"2022-07-17",21.65
"2022-07-18",23.15
"2022-07-19",21.35
"2022-07-20",23.15
"2022-07-21",23.85
"2022-07-22",21.75
"2022-07-23",21.45
"2022-07-24",22.95
"2022-07-25",23.35
"2022-07-26",23.45
"2022-07-27",24.65
"2022-07-28",24.25
"2022-07-29",23.05
"2022-07-30",22.95
"2022-07-31",23.25
"2022-08-01",22.05
"2022-08-02",22.45
"2022-08-03",22.55
"2022-08-04",23.05
"2022-08-05",22.65
"2022-08-06",21.75
"2022-08-07",22.05
"2022-08-08",22.75
"2022-08-09",23.85
"2022-08-10",23.65
"2022-08-11",20.75
"2022-08-12",17.25
"2022-08-13",15.65
"2022-08-14",18.65
"2022-08-15",18.75
"2022-08-16",19.05
"2022-08-17",17.35
"2022-08-18",17.95
"2022-08-19",19.85
"2022-08-20",20.55
"2022-08-21",21.05
"2022-08-22",20.45
"2022-08-23",19.85
"2022-08-24",20.45
"2022-08-25",19.95
"2022-08-26",20.15
"2022-08-27",21.15
"2022-08-28",20.95
"2022-08-29",21.35
"2022-08-30",21.15
"2022-08-31",18.15
"2022-09-01",17.95
"2022-09-02",18.85
"2022-09-03",20.75
"2022-09-04",20.35
"2022-09-05",22.45
"2022-09-06",21.45
"2022-09-07",20.25
"2022-09-08",17.05
"2022-09-09",18.95
"2022-09-10",20.15
"2022-09-11",22.05
"2022-09-12",20.65
"2022-09-13",14.85
"2022-09-14",14.45
"2022-09-15",15.05
"2022-09-16",14.55
"2022-09-17",15.75
"2022-09-18",17.15
"2022-09-19",17.55
"2022-09-20",18.35
"2022-09-21",19.05
"2022-09-22",12.15
"2022-09-23",8.35
"2022-09-24",12.05
"2022-09-25",15.65
"2022-09-26",12.25
"2022-09-27",10.05
"2022-09-28",12.05
"2022-09-29",12.95
"2022-09-30",13.05
"2022-10-01",10.95
"2022-10-02",11.05
"2022-10-03",7.35
"2022-10-04",6.85
"2022-10-05",9.45
"2022-10-06",11.95
"2022-10-07",13.15
"2022-10-08",6.75
"2022-10-09",8.95
"2022-10-10",10.05
"2022-10-11",10.35
"2022-10-12",13.25
"2022-10-13",12.05
"2022-10-14",8.15
"2022-10-15",10.85
"2022-10-16",14.05
"2022-10-17",7.65
"2022-10-18",-0.15
"2022-10-19",0.55
"2022-10-20",2.25
"2022-10-21",3.45
"2022-10-22",7.85
"2022-10-23",7.65
"2022-10-24",7.45
"2022-10-25",8.75
"2022-10-26",10.55
"2022-10-27",9.05
"2022-10-28",9.75
"2022-10-29",11.25
"2022-10-30",12.05
"2022-10-31",13.85
"2022-11-01",12.55
"2022-11-02",11.25
"2022-11-03",11.55
"2022-11-04",12.75
"2022-11-05",17.05
"2022-11-06",16.55
"2022-11-07",14.75
"2022-11-08",8.35
"2022-11-09",9.25
"2022-11-10",12.65
"2022-11-11",17.45
"2022-11-12",10.25
"2022-11-13",0.25
"2022-11-14",1.25
"2022-11-15",5.55
"2022-11-16",0.75
"2022-11-17",-3.35
"2022-11-18",-1.85
"2022-11-19",0.35
"2022-11-20",-3.45
"2022-11-21",-1.95
"2022-11-22",2.35
"2022-11-23",3.35
"2022-11-24",4.85
"2022-11-25",4.35
"2022-11-26",4.75
"2022-11-27",9.75
"2022-11-28",4.05
"2022-11-29",4.55
"2022-11-30",1.75
"2022-12-01",-1.75
"2022-12-02",-1.25
"2022-12-03",6.95
"2022-12-04",0.65
"2022-12-05",0.95
"2022-12-06",9.45
"2022-12-07",14.15
"2022-12-08",8.65
"2022-12-09",6.65
"2022-12-10",6.45
"2022-12-11",6.55
"2022-12-12",-0.45
"2022-12-13",-1.25
"2022-12-14",0.35
"2022-12-15",2.95
"2022-12-16",1.65
"2022-12-17",-0.55
"2022-12-18",-3.15
"2022-12-19",-3.25
"2022-12-20",0.05
"2022-12-21",1.05
"2022-12-22",4.65
"2022-12-23",-10.95
"2022-12-24",-11.45
"2022-12-25",-8.85
"2022-12-26",-7.95
"2022-12-27",-3.75
"2022-12-28",-2.45
"2022-12-29",-2.35
"2022-12-30",4.05
"2022-12-31",11.55
"2023-01-01",6.65
"2023-01-02",8.75
"2023-01-03",10.25
"2023-01-04",11.95
"2023-01-05",3.45
"2023-01-06",1.15
"2023-01-07",1.05
"2023-01-08",2.25
"2023-01-09",-1.15
"2023-01-10",-0.85
"2023-01-11",-0.25
"2023-01-12",9.85
"2023-01-13",1.55
"2023-01-14",-3.45
"2023-01-15",-4.45
"2023-01-16",-2.75
"2023-01-17",7.35
"2023-01-18",9.35
"2023-01-19",9.35
"2023-01-20",0.05
"2023-01-21",-0.15
"2023-01-22",3.05
"2023-01-23",-2.85
"2023-01-24",-2.45
"2023-01-25",4.75
"2023-01-26",-1.55
"2023-01-27",-1.95
"2023-01-28",-1.45
"2023-01-29",0.35
"2023-01-30",7.75
"2023-01-31",9.95
"2023-02-01",3.65
"2023-02-02",3.65
"2023-02-03",-2.85
"2023-02-04",-2.65
"2023-02-05",0.05
"2023-02-06",1.05
"2023-02-07",2.15
"2023-02-08",7.45
"2023-02-09",10.75
"2023-02-10",10.65
"2023-02-11",4.15
"2023-02-12",4.45
"2023-02-13",2.15
"2023-02-14",4.05
"2023-02-15",8.35
"2023-02-16",13.75
"2023-02-17",-1.15
"2023-02-18",-1.05
"2023-02-19",3.55
"2023-02-20",9.45
"2023-02-21",11.35
"2023-02-22",13.55
"2023-02-23",18.85
"2023-02-24",0.05
"2023-02-25",1.25
"2023-02-26",7.05
"2023-02-27",10.35
"2023-02-28",3.45
"2023-03-01",2.95
"2023-03-02",14.45
"2023-03-03",14.25
"2023-03-04",4.75
"2023-03-05",4.25
"2023-03-06",6.85
"2023-03-07",3.55
"2023-03-08",1.45
"2023-03-09",3.85
"2023-03-10",4.75
"2023-03-11",2.65
"2023-03-12",2.75
"2023-03-13",-0.05
"2023-03-14",-1.25
"2023-03-15",-2.05
"2023-03-16",2.65
"2023-03-17",9.35
"2023-03-18",4.65
"2023-03-19",-0.35
"2023-03-20",-2.45
"2023-03-21",1.35
"2023-03-22",8.65
"2023-03-23",13.35
"2023-03-24",16.15
"2023-03-25",17.15
"2023-03-26",15.45
"2023-03-27",11.65
"2023-03-28",7.65
"2023-03-29",3.45
"2023-03-30",6.45
"2023-03-31",11.05
"2023-04-01",9.05
"2023-04-02",6.75
"2023-04-03",9.75
"2023-04-04",13.95
"2023-04-05",15.85
"2023-04-06",18.65
"2023-04-07",6.55
"2023-04-08",3.95
"2023-04-09",2.15
"2023-04-10",1.25
"2023-04-11",5.95
"2023-04-12",9.95
"2023-04-13",14.05
"2023-04-14",14.25
"2023-04-15",13.75
"2023-04-16",12.45
"2023-04-17",6.45
"2023-04-18",9.85
"2023-04-19",13.55
"2023-04-20",13.75
"2023-04-21",14.95
"2023-04-22",7.95
"2023-04-23",10.45
"2023-04-24",5.35
"2023-04-25",9.75
"2023-04-26",12.55
"2023-04-27",14.15
"2023-04-28",13.85
"2023-04-29",15.15
"2023-04-30",7.65
"2023-05-01",8.75
"2023-05-02",7.45
"2023-05-03",6.05
"2023-05-04",6.75
"2023-05-05",9.45
"2023-05-06",13.25
"2023-05-07",17.55
"2023-05-08",17.25
"2023-05-09",14.75
"2023-05-10",11.15
"2023-05-11",13.15
"2023-05-12",15.15
"2023-05-13",18.35
"2023-05-14",14.15
"2023-05-15",16.35
"2023-05-16",17.85
"2023-05-17",14.95
"2023-05-18",13.95
"2023-05-19",14.65
"2023-05-20",17.65
"2023-05-21",11.55
"2023-05-22",13.15
"2023-05-23",12.75
"2023-05-24",12.75
"2023-05-25",14.05
"2023-05-26",11.05
"2023-05-27",11.05
"2023-05-28",14.35
"2023-05-29",15.85
"2023-05-30",16.35
"2023-05-31",15.15
"2023-06-01",17.25
"2023-06-02",15.35
"2023-06-03",15.95
"2023-06-04",13.15
"2023-06-05",14.95
"2023-06-06",14.55
"2023-06-07",14.95
"2023-06-08",11.05
"2023-06-09",11.85
"2023-06-10",15.05
"2023-06-11",18.25
"2023-06-12",15.85
"2023-06-13",14.95
"2023-06-14",18.25
"2023-06-15",19.05
"2023-06-16",16.05
"2023-06-17",14.85
"2023-06-18",19.75
"2023-06-19",19.95
"2023-06-20",19.05
"2023-06-21",18.95
"2023-06-22",19.95
"2023-06-23",19.45
"2023-06-24",19.75
"2023-06-25",21.05
"2023-06-26",18.15
"2023-06-27",19.35
"2023-06-28",18.25
"2023-06-29",19.35
"2023-06-30",21.15
"2023-07-01",20.25
"2023-07-02",22.95
"2023-07-03",24.05
"2023-07-04",22.35
"2023-07-05",21.65
"2023-07-06",21.65
"2023-07-07",21.75
"2023-07-08",20.95
"2023-07-09",21.45
"2023-07-10",19.75
"2023-07-11",21.55
"2023-07-12",22.35
"2023-07-13",24.15
"2023-07-14",21.35
"2023-07-15",23.35
"2023-07-16",21.35
"2023-07-17",19.65
"2023-07-18",23.25
"2023-07-19",22.45
"2023-07-20",22.75
"2023-07-21",22.45
"2023-07-22",19.55
"2023-07-23",20.75
"2023-07-24",20.95
"2023-07-25",21.65
"2023-07-26",22.85
"2023-07-27",23.25
"2023-07-28",23.45
"2023-07-29",22.65
"2023-07-30",21.05
"2023-07-31",18.95
"2023-08-01",17.95
"2023-08-02",18.15
"2023-08-03",21.15
"2023-08-04",19.65
"2023-08-05",20.75
"2023-08-06",21.75
"2023-08-07",21.25
"2023-08-08",21.15
"2023-08-09",22.15
"2023-08-10",20.45
"2023-08-11",21.85
"2023-08-12",22.45
"2023-08-13",24.15
"2023-08-14",23.85
"2023-08-15",22.65
"2023-08-16",22.95
"2023-08-17",19.95
"2023-08-18",19.35
"2023-08-19",19.15
"2023-08-20",22.05
"2023-08-21",21.15
"2023-08-22",20.95
"2023-08-23",17.15
"2023-08-24",21.15
"2023-08-25",22.75
"2023-08-26",22.45
"2023-08-27",22.25
"2023-08-28",22.35
"2023-08-29",21.95
"2023-08-30",19.25
"2023-08-31",14.25
"2023-09-01",13.75
"2023-09-02",14.95
"2023-09-03",18.65
"2023-09-04",20.55
"2023-09-05",21.65
"2023-09-06",22.25
"2023-09-07",18.45
"2023-09-08",20.35
"2023-09-09",19.75
"2023-09-10",18.65
"2023-09-11",19.35
"2023-09-12",19.55
"2023-09-13",19.45
"2023-09-14",15.35
"2023-09-15",10.95
"2023-09-16",14.95
"2023-09-17",16.15
"2023-09-18",12.95
"2023-09-19",14.45
"2023-09-20",14.95
"2023-09-21",16.25
"2023-09-22",14.05
"2023-09-23",13.75
"2023-09-24",16.35
"2023-09-25",17.55
"2023-09-26",16.75
"2023-09-27",15.05
"2023-09-28",15.85
"2023-09-29",14.05
"2023-09-30",13.65
"2023-10-01",14.05
"2023-10-02",13.95
"2023-10-03",13.75
"2023-10-04",13.95
"2023-10-05",16.75
"2023-10-06",16.05
"2023-10-07",5.75
"2023-10-08",4.35
"2023-10-09",8.65
"2023-10-10",11.85
"2023-10-11",14.25
"2023-10-12",11.15
"2023-10-13",12.45
"2023-10-14",10.45
"2023-10-15",8.45
"2023-10-16",5.25
"2023-10-17",7.25
"2023-10-18",7.05
"2023-10-19",9.65
"2023-10-20",8.85
"2023-10-21",9.15
"2023-10-22",4.55
"2023-10-23",2.85
"2023-10-24",4.45
"2023-10-25",8.45
"2023-10-26",11.45
"2023-10-27",12.45
"2023-10-28",13.85
"2023-10-29",15.45
"2023-10-30",13.45
"2023-10-31",3.95
"2023-11-01",-2.95
"2023-11-02",-3.15
"2023-11-03",-1.05
"2023-11-04",2.15
"2023-11-05",5.05
"2023-11-06",6.95
"2023-11-07",8.95
"2023-11-08",11.05
"2023-11-09",13.55
"2023-11-10",8.35
"2023-11-11",8.25
"2023-11-12",3.05
"2023-11-13",2.65
"2023-11-14",4.35
"2023-11-15",5.45
"2023-11-16",7.95
"2023-11-17",10.65
"2023-11-18",3.95
"2023-11-19",0.55
"2023-11-20",2.15
"2023-11-21",10.45
"2023-11-22",2.65
"2023-11-23",2.85
"2023-11-24",3.65
"2023-11-25",1.25
"2023-11-26",1.95
"2023-11-27",-0.25
"2023-11-28",-5.35
"2023-11-29",-4.45
"2023-11-30",-1.55
"2023-12-01",3.95
"2023-12-02",16.15
"2023-12-03",8.85
"2023-12-04",2.75
"2023-12-05",2.85
"2023-12-06",-1.65
"2023-12-07",-0.55
"2023-12-08",2.15
"2023-12-09",7.15
"2023-12-10",3.95
"2023-12-11",-2.45
"2023-12-12",-2.45
"2023-12-13",-0.55
"2023-12-14",-2.15
"2023-12-15",-1.85
"2023-12-16",-0.65
"2023-12-17",7.95
"2023-12-18",-0.35
"2023-12-19",-3.85
"2023-12-20",-4.05
"2023-12-21",-1.95
"2023-12-22",0.05
"2023-12-23",1.25
"2023-12-24",2.75
"2023-12-25",6.55
"2023-12-26",13.45
"2023-12-27",9.25
"2023-12-28",2.65
"2023-12-29",0.15
"2023-12-30",-1.05
"2023-12-31",-1.85
"2024-01-01",-1.45
"2024-01-02",-3.25
"2024-01-03",-2.55
"2024-01-04",-4.35
"2024-01-05",-4.25
"2024-01-06",3.45
"2024-01-07",-0.85
"2024-01-08",-0.95
"2024-01-09",4.45
"2024-01-10",-0.25
"2024-01-11",-1.55
"2024-01-12",-1.25
"2024-01-13",-0.85
"2024-01-14",-1.15
"2024-01-15",2.05
"2024-01-16",-7.85
"2024-01-17",-8.35
"2024-01-18",-4.85
"2024-01-19",-4.95
"2024-01-20",-9.65
"2024-01-21",-9.35
"2024-01-22",-6.45
"2024-01-23",2.45
"2024-01-24",10.25
"2024-01-25",17.35
"2024-01-26",12.25
"2024-01-27",13.15
"2024-01-28",4.55
"2024-01-29",-0.45
"2024-01-30",-0.45
"2024-01-31",-0.65
"2024-02-01",-0.25
"2024-02-02",0.65
"2024-02-03",-1.85
"2024-02-04",-1.05
"2024-02-05",1.85
"2024-02-06",-1.65
"2024-02-07",-2.75
"2024-02-08",-1.45
"2024-02-09",6.35
"2024-02-10",11.35
"2024-02-11",13.35
"2024-02-12",10.35
"2024-02-13",0.75
"2024-02-14",1.45
"2024-02-15",2.85
"2024-02-16",6.55
"2024-02-17",-1.15
"2024-02-18",-1.85
"2024-02-19",-1.75
"2024-02-20",-1.65
"2024-02-21",-1.05
"2024-02-22",1.35
"2024-02-23",4.15
"2024-02-24",-0.75
"2024-02-25",1.55
"2024-02-26",4.85
"2024-02-27",2.75
"2024-02-28",4.25
"2024-02-29",1.05
"2024-03-01",6.35
"2024-03-02",10.05
"2024-03-03",9.95
"2024-03-04",9.55
"2024-03-05",11.05
"2024-03-06",12.15
"2024-03-07",9.95
"2024-03-08",9.35
"2024-03-09",9.15
"2024-03-10",2.45
"2024-03-11",1.85
"2024-03-12",4.65
"2024-03-13",6.15
"2024-03-14",10.25
"2024-03-15",13.85
"2024-03-16",12.55
"2024-03-17",11.05
"2024-03-18",0.45
"2024-03-19",1.45
"2024-03-20",4.85
"2024-03-21",6.15
"2024-03-22",7.65
"2024-03-23",2.95
"2024-03-24",0.45
"2024-03-25",3.45
"2024-03-26",5.25
"2024-03-27",10.25
"2024-03-28",4.35
"2024-03-29",6.45
"2024-03-30",9.15
"2024-03-31",14.05
"2024-04-01",17.25
"2024-04-02",18.05
"2024-04-03",7.45
"2024-04-04",5.15
"2024-04-05",3.25
"2024-04-06",2.95
"2024-04-07",5.25
"2024-04-08",10.75
"2024-04-09",13.35
"2024-04-10",15.85
"2024-04-11",13.95
"2024-04-12",8.15
"2024-04-13",7.05
"2024-04-14",13.35
"2024-04-15",15.25
"2024-04-16",14.65
"2024-04-17",16.05
"2024-04-18",13.85
"2024-04-19",15.95
"2024-04-20",13.05
"2024-04-21",6.85
"2024-04-22",3.45
"2024-04-23",9.05
"2024-04-24",9.45
"2024-04-25",9.15
"2024-04-26",10.45
"2024-04-27",12.25
"2024-04-28",13.85
"2024-04-29",15.25
"2024-04-30",16.55
"2024-05-01",15.25
"2024-05-02",17.45
"2024-05-03",18.15
"2024-05-04",18.65
"2024-05-05",19.35
"2024-05-06",18.55
"2024-05-07",19.75
"2024-05-08",18.75
"2024-05-09",18.15
"2024-05-10",10.35
"2024-05-11",12.15
"2024-05-12",10.55
"2024-05-13",14.85
"2024-05-14",15.75
"2024-05-15",16.45
"2024-05-16",16.65
"2024-05-17",19.85
"2024-05-18",15.75
"2024-05-19",14.55
"2024-05-20",13.85
"2024-05-21",15.75
"2024-05-22",18.15
"2024-05-23",19.35
"2024-05-24",19.75
"2024-05-25",18.95
"2024-05-26",19.35
"2024-05-27",20.55
"2024-05-28",16.95
"2024-05-29",15.85
"2024-05-30",13.55
"2024-05-31",10.05
"2024-06-01",16.15
"2024-06-02",18.65
"2024-06-03",18.65
"2024-06-04",20.15
"2024-06-05",20.15
"2024-06-06",20.15
"2024-06-07",16.35
"2024-06-08",17.85
"2024-06-09",18.65
"2024-06-10",16.85
"2024-06-11",16.65
"2024-06-12",18.25
"2024-06-13",17.15
"2024-06-14",21.05
"2024-06-15",21.25
"2024-06-16",20.25
"2024-06-17",18.75
"2024-06-18",16.95
"2024-06-19",18.15
"2024-06-20",17.65
"2024-06-21",22.35
"2024-06-22",23.55
"2024-06-23",24.85
"2024-06-24",21.35
"2024-06-25",23.45
"2024-06-26",24.35
"2024-06-27",21.15
"2024-06-28",22.85
"2024-06-29",24.15
"2024-06-30",22.45
"2024-07-01",15.25
"2024-07-02",17.75
"2024-07-03",21.05
"2024-07-04",23.25
"2024-07-05",25.55
"2024-07-06",23.35
"2024-07-07",23.15
"2024-07-08",23.55
"2024-07-09",24.45
"2024-07-10",22.95
"2024-07-11",23.45
"2024-07-12",22.35
"2024-07-13",23.55
"2024-07-14",23.65
"2024-07-15",23.45
"2024-07-16",23.25
"2024-07-17",22.85
"2024-07-18",21.95
"2024-07-19",21.55
"2024-07-20",21.75
"2024-07-21",21.35
"2024-07-22",22.35
"2024-07-23",21.95
"2024-07-24",22.45
"2024-07-25",22.45
"2024-07-26",22.05
"2024-07-27",18.15
"2024-07-28",20.15
"2024-07-29",20.65
"2024-07-30",21.65
"2024-07-31",22.95
"2024-08-01",24.35
"2024-08-02",22.75
"2024-08-03",20.75
"2024-08-04",22.35
"2024-08-05",22.35
"2024-08-06",22.75
"2024-08-07",22.15
"2024-08-08",21.95
"2024-08-09",22.55
"2024-08-10",22.75
"2024-08-11",22.65
"2024-08-12",20.85
"2024-08-13",18.85
"2024-08-14",18.05
"2024-08-15",18.35
"2024-08-16",21.75
"2024-08-17",21.35
"2024-08-18",19.45
"2024-08-19",19.85
"2024-08-20",15.15
"2024-08-21",12.35
"2024-08-22",13.15
"2024-08-23",13.15
"2024-08-24",14.65
"2024-08-25",16.25
"2024-08-26",18.15
"2024-08-27",19.55
"2024-08-28",22.25
"2024-08-29",22.55
"2024-08-30",20.85
"2024-08-31",21.55
"2024-09-01",20.75
"2024-09-02",16.45
"2024-09-03",16.05
"2024-09-04",16.95
"2024-09-05",15.35
"2024-09-06",18.05
"2024-09-07",16.05
"2024-09-08",12.35
"2024-09-09",11.45
"2024-09-10",13.05
"2024-09-11",15.45
"2024-09-12",18.15
"2024-09-13",19.65
"2024-09-14",20.25
"2024-09-15",18.35
"2024-09-16",17.45
"2024-09-17",16.05
"2024-09-18",18.25
"2024-09-19",17.55
"2024-09-20",17.15
"2024-09-21",18.05
"2024-09-22",19.55
"2024-09-23",19.95
"2024-09-24",21.35
"2024-09-25",21.45
"2024-09-26",22.15
"2024-09-27",17.75
"2024-09-28",18.35
"2024-09-29",19.75
"2024-09-30",18.55
"2024-10-01",18.35
"2024-10-02",16.95
"2024-10-03",15.55
"2024-10-04",16.95
"2024-10-05",17.35
"2024-10-06",15.25
"2024-10-07",13.75
"2024-10-08",9.25
"2024-10-09",10.65
"2024-10-10",5.65
"2024-10-11",6.25
"2024-10-12",8.45
"2024-10-13",10.95
"2024-10-14",5.25
"2024-10-15",6.75
"2024-10-16",3.25
"2024-10-17",2.55
"2024-10-18",3.65
"2024-10-19",5.25
"2024-10-20",5.35
"2024-10-21",6.75
"2024-10-22",9.05
"2024-10-23",11.35
"2024-10-24",5.85
"2024-10-25",6.65
"2024-10-26",11.55
"2024-10-27",7.25
"2024-10-28",6.75
"2024-10-29",9.05
"2024-10-30",11.85
"2024-10-31",12.45
"2024-11-01",16.35
"2024-11-02",9.05
"2024-11-03",9.45
"2024-11-04",11.55
"2024-11-05",13.45
"2024-11-06",14.85
"2024-11-07",17.45
"2024-11-08",11.35
"2024-11-09",6.65
"2024-11-10",7.85
"2024-11-11",11.55
"2024-11-12",4.55
"2024-11-13",4.75
"2024-11-14",6.75
"2024-11-15",5.55
"2024-11-16",3.35
"2024-11-17",4.05
"2024-11-18",6.75
"2024-11-19",7.95
"2024-11-20",2.85
"2024-11-21",-0.85
"2024-11-22",0.35
"2024-11-23",0.75
"2024-11-24",1.55
"2024-11-25",3.75
"2024-11-26",4.25
"2024-11-27",4.85
"2024-11-28",0.55
"2024-11-29",-4.15
"2024-11-30",-3.35
"2024-12-01",-2.25
"2024-12-02",-2.05
"2024-12-03",-5.65
"2024-12-04",-5.45
"2024-12-05",-4.55
"2024-12-06",-6.75
"2024-12-07",-5.65
"2024-12-08",1.15
"2024-12-09",8.45
"2024-12-10",15.25
"2024-12-11",-1.65
"2024-12-12",-1.75
"2024-12-13",-0.85
"2024-12-14",2.45
"2024-12-15",4.95
"2024-12-16",7.05
"2024-12-17",10.05
"2024-12-18",11.25
"2024-12-19",6.75
"2024-12-20",0.95
"2024-12-21",-2.95
"2024-12-22",-5.95
"2024-12-23",-5.35
"2024-12-24",0.35
"2024-12-25",-0.15
"2024-12-26",0.55
"2024-12-27",4.25
"2024-12-28",8.65
"2024-12-29",9.45
"2024-12-30",4.25
"2024-12-31",4.45
"2025-01-01",-0.25
"2025-01-02",-0.35
"2025-01-03",-1.85
"2025-01-04",-3.55
"2025-01-05",-3.15
"2025-01-06",-0.45
"2025-01-07",-4.85
"2025-01-08",-4.85
"2025-01-09",-4.75
"2025-01-10",-2.15
"2025-01-11",-3.45
"2025-01-12",-3.25
"2025-01-13",-2.65
"2025-01-14",-2.35
"2025-01-15",-6.25
"2025-01-16",-4.95
"2025-01-17",-1.45
"2025-01-18",5.45
"2025-01-19",-1.25
"2025-01-20",-5.05
"2025-01-21",-4.35
"2025-01-22",-8.65
"2025-01-23",-6.25
"2025-01-24",-5.25
"2025-01-25",-4.25
"2025-01-26",-0.65
"2025-01-27",5.25
"2025-01-28",3.85
"2025-01-29",2.95
"2025-01-30",3.65
"2025-01-31",5.45
"2025-02-01",2.25
"2025-02-02",-0.85
"2025-02-03",-0.05
"2025-02-04",3.45
"2025-02-05",1.45
"2025-02-06",1.75
"2025-02-07",5.85
"2025-02-08",5.85
"2025-02-09",2.05
"2025-02-10",-2.85
"2025-02-11",-1.45
"2025-02-12",-1.15
"2025-02-13",-3.65
"2025-02-14",-3.65
"2025-02-15",-0.65
"2025-02-16",-2.85
"2025-02-17",-6.55
"2025-02-18",-5.35
"2025-02-19",-7.85
"2025-02-20",-10.55
"2025-02-21",6.55
"2025-02-22",-4.95
"2025-02-23",-6.75
"2025-02-24",-5.25
"2025-02-25",2.65
"2025-02-26",7.35
"2025-02-27",3.75
"2025-02-28",4.45
"2025-03-01",4.15
"2025-03-02",-4.35
"2025-03-03",-2.95
"2025-03-04",1.35
"2025-03-05",6.15
"2025-03-06",-1.15
"2025-03-07",1.25
"2025-03-08",5.85
"2025-03-09",4.05
"2025-03-10",4.85
"2025-03-11",4.55
"2025-03-12",7.35
"2025-03-13",7.35
"2025-03-14",8.05
"2025-03-15",11.45
"2025-03-16",13.75
"2025-03-17",2.95
"2025-03-18",3.75
"2025-03-19",7.75
"2025-03-20",5.45
"2025-03-21",5.15
"2025-03-22",4.25
"2025-03-23",7.95
"2025-03-24",7.55
"2025-03-25",5.05
"2025-03-26",1.95
"2025-03-27",5.35
"2025-03-28",10.65
"2025-03-29",14.25
"2025-03-30",16.05
"2025-03-31",13.25
"2025-04-01",11.45
"2025-04-02",12.75
"2025-04-03",21.15
"2025-04-04",18.45
"2025-04-05",19.15
"2025-04-06",19.65
"2025-04-07",8.05
"2025-04-08",3.65
"2025-04-09",4.15
"2025-04-10",7.45
"2025-04-11",6.85
"2025-04-12",2.35
"2025-04-13",6.25
"2025-04-14",12.95
"2025-04-15",6.35
"2025-04-16",5.45
"2025-04-17",7.65
"2025-04-18",12.85
"2025-04-19",16.55
"2025-04-20",14.65
"2025-04-21",15.75
"2025-04-22",15.95
"2025-04-23",16.05
"2025-04-24",16.25
"2025-04-25",17.45
"2025-04-26",13.75
"2025-04-27",8.45
"2025-04-28",9.75
"2025-04-29",14.85
"2025-04-30",16.45
"2025-05-01",17.85
"2025-05-02",17.95
"2025-05-03",16.05
"2025-05-04",12.25
"2025-05-05",11.95
"2025-05-06",11.85
"2025-05-07",16.35
"2025-05-08",15.85
"2025-05-09",12.45
"2025-05-10",14.15
"2025-05-11",13.55
"2025-05-12",18.75
"2025-05-13",17.55
"2025-05-14",17.35
"2025-05-15",18.95
"2025-05-16",22.15
"2025-05-17",18.45
"2025-05-18",16.75
"2025-05-19",16.75
"2025-05-20",19.45
"2025-05-21",15.15
"2025-05-22",12.45
"2025-05-23",9.95
"2025-05-24",14.45
"2025-05-25",17.15
"2025-05-26",13.75
"2025-05-27",14.05
"2025-05-28",15.25
"2025-05-29",18.55
"2025-05-30",13.25
"2025-05-31",13.65
"2025-06-01",15.05
"2025-06-02",11.15
"2025-06-03",15.55
"2025-06-04",19.45
"2025-06-05",20.25
"2025-06-06",20.05
"2025-06-07",20.15
"2025-06-08",20.75
"2025-06-09",20.35
"2025-06-10",20.65
"2025-06-11",20.05
"2025-06-12",22.05
"2025-06-13",21.75
"2025-06-14",22.35
"2025-06-15",22.25
"2025-06-16",22.15
"2025-06-17",22.35
"2025-06-18",23.25
"2025-06-19",21.45
"2025-06-20",18.95
"2025-06-21",20.65
"2025-06-22",22.75
"2025-06-23",23.65
"2025-06-24",24.35
"2025-06-25",20.05
"2025-06-26",22.45
"2025-06-27",21.55
"2025-06-28",22.35
"2025-06-29",22.95
"2025-06-30",22.55
"2025-07-01",22.45
"2025-07-02",21.35
"2025-07-03",21.55
"2025-07-04",20.45
"2025-07-05",21.65
"2025-07-06",21.65
"2025-07-07",23.55
"2025-07-08",22.75
"2025-07-09",22.25
"2025-07-10",21.15
"2025-07-11",21.95
"2025-07-12",22.55
"2025-07-13",21.85
"2025-07-14",23.05
"2025-07-15",23.35
"2025-07-16",23.45
"2025-07-17",24.15
"2025-07-18",23.85
"2025-07-19",24.55
"2025-07-20",24.35
"2025-07-21",23.25
"2025-07-22",19.25
"2025-07-23",21.55
"2025-07-24",22.95
"2025-07-25",24.35
"2025-07-26",24.65
"2025-07-27",22.75
"2025-07-28",23.85
"2025-07-29",21.95
"2025-07-30",24.05
"2025-07-31",22.35
"2025-08-01",21.05
"2025-08-02",17.45
"2025-08-03",18.15
"2025-08-04",19.55
"2025-08-05",18.95
"2025-08-06",18.65
"2025-08-07",19.45
"2025-08-08",18.85
"2025-08-09",19.65
"2025-08-10",21.15
"2025-08-11",22.15
"2025-08-12",21.75
"2025-08-13",22.25
"2025-08-14",22.55
"2025-08-15",22.95
"2025-08-16",21.35
"2025-08-17",21.95
"2025-08-18",22.65
"2025-08-19",21.45
"2025-08-20",21.55
"2025-08-21",21.05
"2025-08-22",18.85
"2025-08-23",19.25
"2025-08-24",21.05
"2025-08-25",18.15
"2025-08-26",14.75
"2025-08-27",14.25
"2025-08-28",15.05
"2025-08-29",14.55
"2025-08-30",17.15
"2025-08-31",12.65
"2025-09-01",13.85
"2025-09-02",12.25
"2025-09-03",14.15
"2025-09-04",17.55
"2025-09-05",19.45
"2025-09-06",20.05
"2025-09-07",14.95
"2025-09-08",13.75
"2025-09-09",14.85
"2025-09-10",18.15
"2025-09-11",15.65
"2025-09-12",13.95
"2025-09-13",14.05
"2025-09-14",15.35
"2025-09-15",16.15
"2025-09-16",14.15
"2025-09-17",16.35
"2025-09-18",16.35
"2025-09-19",16.75
"2025-09-20",15.45
"2025-09-21",14.65
"2025-09-22",14.95
"2025-09-23",17.65
"2025-09-24",20.45
"2025-09-25",21.45
"2025-09-26",20.75
"2025-09-27",19.75
"2025-09-28",18.95
"2025-09-29",19.05
"2025-09-30",17.55
"2025-10-01",11.45
"2025-10-02",10.35
"2025-10-03",11.65
"2025-10-04",13.55
"2025-10-05",14.85
"2025-10-06",14.95
"2025-10-07",16.85
"2025-10-08",13.35
"2025-10-09",11.85
"2025-10-10",13.55
"2025-10-11",14.95
"2025-10-12",14.35
"2025-10-13",12.15
"2025-10-14",12.15
"2025-10-15",10.95
"2025-10-16",5.45
"2025-10-17",6.95
"2025-10-18",10.75
"2025-10-19",7.95
"2025-10-20",5.85
"2025-10-21",7.55
"2025-10-22",4.55
"2025-10-23",5.25
"2025-10-24",3.65
"2025-10-25",4.75
"2025-10-26",7.65
"2025-10-27",9.05
"2025-10-28",8.65
"2025-10-29",8.95
"2025-10-30",6.55
"2025-10-31",2.45
"2025-11-01",1.95
"2025-11-02",3.75
"2025-11-03",5.35
"2025-11-04",3.45
"2025-11-05",5.85
"2025-11-06",4.95
"2025-11-07",6.55
"2025-11-08",13.65
"2025-11-09",5.85
"2025-11-10",-2.45
"2025-11-11",-1.95
"2025-11-12",1.85
"2025-11-13",1.45
"2025-11-14",2.85
"2025-11-15",7.45
"2025-11-16",3.55
"2025-11-17",1.75
"2025-11-18",3.25
"2025-11-19",6.85
"2025-11-20",6.95
"2025-11-21",12.45
"2025-11-22",12.35
"2025-11-23",4.65
"2025-11-24",5.05
"2025-11-25",7.95
"2025-11-26",4.65
"2025-11-27",-2.95
"2025-11-28",-5.15
"2025-11-29",-4.65
"2025-11-30",2.65
"2025-12-01",3.55
"2025-12-02",-1.65
"2025-12-03",-1.75
"2025-12-04",-0.65
"2025-12-05",1.55
"2025-12-06",0.65
"2025-12-07",-1.15
"2025-12-08",-1.45
"2025-12-09",-2.55
"2025-12-10",-1.15
"2025-12-11",-1.15
"2025-12-12",-2.25
"2025-12-13",0.15
"2025-12-14",-9.55
"2025-12-15",-9.25
"2025-12-16",-4.55
"2025-12-17",-0.95
"2025-12-18",5.55
"2025-12-19",-0.65
"2025-12-20",-0.35
"2025-12-21",-1.35
"2025-12-22",-1.35
"2025-12-23",4.55
"2025-12-24",6.65
"2025-12-25",7.65
"2025-12-26",5.65
"2025-12-27",4.05
"2025-12-28",4.55
"2025-12-29",-2.35
"2025-12-30",-4.05
"2025-12-31",-3.85
"2026-01-01",0.55
"2026-01-02",0.65
"2026-01-03",-2.75
"2026-01-04",-2.45
"2026-01-05",1.55
"2026-01-06",6.45
"2026-01-07",6.15
"2026-01-08",5.15
"2026-01-09",8.85
"2026-01-10",15.55
"2026-01-11",-4.25
"2026-01-12",-4.15
"2026-01-13",-3.15
"2026-01-14",2.25
"2026-01-15",-8.15
"2026-01-16",-8.55
"2026-01-17",0.45
"2026-01-18",-4.05
"2026-01-19",-5.45
"2026-01-20",-6.35
"2026-01-21",-5.45
"2026-01-22",5.55
"2026-01-23",1.25
"2026-01-24",-6.75
"2026-01-25",-5.75
"2026-01-26",-10.05
"2026-01-27",-9.65
"2026-01-28",-5.95
"2026-01-29",-7.25
"2026-01-30",-6.85
"2026-01-31",-8.95
"2026-02-01",-11.65
"2026-02-02",-11.65
"2026-02-03",-5.15
"2026-02-04",-1.05
"2026-02-05",-5.35
"2026-02-06",-4.75
"2026-02-07",-6.35
"2026-02-08",-6.55
"2026-02-09",-5.25
"2026-02-10",-2.15
"2026-02-11",1.55
"2026-02-12",-2.25
"2026-02-13",-4.35
"2026-02-14",-2.95
"2026-02-15",5.15
"2026-02-16",-0.75
"2026-02-17",0.05
"2026-02-18",11.15
"2026-02-19",13.95
"2026-02-20",10.35
"2026-02-21",9.45
"2026-02-22",-2.05
"2026-02-23",-3.85
"2026-02-24",-2.45
"2026-02-25",5.55
"2026-02-26",10.15
"2026-02-27",6.55
"2026-02-28",4.75
"2026-03-01",4.35
"2026-03-02",5.05
"2026-03-03",5.15
"2026-03-04",8.45
"2026-03-05",13.05
"2026-03-06",15.75
"2026-03-07",17.65
"2026-03-08",13.35
"2026-03-09",11.25
"2026-03-10",14.55
"2026-03-11",17.95
"2026-03-12",-1.25
"2026-03-13",0.25
"2026-03-14",6.95
"2026-03-15",9.75
"2026-03-16",-0.45
"2026-03-17",-2.35
"2026-03-18",-1.05
"2026-03-19",0.85
"2026-03-20",4.65
"2026-03-21",11.95
"2026-03-22",14.05
"2026-03-23",6.35
"2026-03-24",0.15
"2026-03-25",2.25
"2026-03-26",13.45
"2026-03-27",7.45
"2026-03-28",-0.45
"2026-03-29",2.65
"2026-03-30",9.55
"2026-03-31",14.35
"2026-04-01",15.65
"2026-04-02",15.45
"2026-04-03",14.95
"2026-04-04",16.55
"2026-04-05",8.55
"2026-04-06",7.05
"2026-04-07",6.55
"2026-04-08",2.35
"2026-04-09",4.15
"2026-04-10",8.25