,"(deg C) Mean Temperature (gridMET) at -123.1250E,44.3430N, 1979-01-01 to 2026-04-12"
"1979-01-01",-6.7158
"1979-01-02",-1.0204
"1979-01-03",-0.5661
"1979-01-04",-1.9306
"1979-01-05",-1.911
"1979-01-06",-2.4612
"1979-01-07",-2.0259
"1979-01-08",0.5342
"1979-01-09",2.3347
"1979-01-10",5.4793
"1979-01-11",3.8197
"1979-01-12",2.4046
"1979-01-13",0.6747
"1979-01-14",1.3895
"1979-01-15",1.6545
"1979-01-16",0.6444
"1979-01-17",0.0494
"1979-01-18",-0.3455
"1979-01-19",0.8892
"1979-01-20",6.0443
"1979-01-21",2.2395
"1979-01-22",-0.4754
"1979-01-23",0.0393
"1979-01-24",0.1394
"1979-01-25",-0.7357
"1979-01-26",-1.3655
"1979-01-27",-0.9911
"1979-01-28",-2.1706
"1979-01-29",-3.9208
"1979-01-30",-2.8308
"1979-01-31",-0.9675
"1979-02-01",-0.7524
"1979-02-02",-0.8676
"1979-02-03",2.5473
"1979-02-04",7.1523
"1979-02-05",7.8327
"1979-02-06",7.7176
"1979-02-07",7.9774
"1979-02-08",10.1472
"1979-02-09",7.0024
"1979-02-10",7.1926
"1979-02-11",7.7673
"1979-02-12",8.8328
"1979-02-13",6.2625
"1979-02-14",4.3381
"1979-02-15",4.8777
"1979-02-16",4.713
"1979-02-17",6.3475
"1979-02-18",6.1631
"1979-02-19",5.1325
"1979-02-20",4.8524
"1979-02-21",4.7322
"1979-02-22",5.0426
"1979-02-23",4.6225
"1979-02-24",5.9124
"1979-02-25",8.5624
"1979-02-26",5.6425
"1979-02-27",5.5274
"1979-02-28",4.3213
"1979-03-01",4.7912
"1979-03-02",5.5761
"1979-03-03",8.936
"1979-03-04",10.6367
"1979-03-05",12.346
"1979-03-06",15.1362
"1979-03-07",11.4857
"1979-03-08",8.0016
"1979-03-09",10.961
"1979-03-10",12.1815
"1979-03-11",10.2362
"1979-03-12",10.631
"1979-03-13",12.7459
"1979-03-14",11.7011
"1979-03-15",9.2213
"1979-03-16",7.2312
"1979-03-17",7.8059
"1979-03-18",7.8462
"1979-03-19",9.871
"1979-03-20",10.9313
"1979-03-21",9.8414
"1979-03-22",9.9865
"1979-03-23",12.251
"1979-03-24",10.3559
"1979-03-25",7.8212
"1979-03-26",7.4963
"1979-03-27",9.9159
"1979-03-28",8.2064
"1979-03-29",5.5064
"1979-03-30",5.3662
"1979-03-31",5.4179
"1979-04-01",6.5026
"1979-04-02",8.2879
"1979-04-03",8.3179
"1979-04-04",12.2327
"1979-04-05",13.0525
"1979-04-06",10.7474
"1979-04-07",10.5175
"1979-04-08",8.878
"1979-04-09",7.2174
"1979-04-10",7.8426
"1979-04-11",8.3774
"1979-04-12",9.7425
"1979-04-13",9.1575
"1979-04-14",7.953
"1979-04-15",10.1981
"1979-04-16",9.5776
"1979-04-17",7.3426
"1979-04-18",7.3825
"1979-04-19",8.2477
"1979-04-20",11.6128
"1979-04-21",12.6178
"1979-04-22",11.5577
"1979-04-23",11.5578
"1979-04-24",12.1533
"1979-04-25",13.9625
"1979-04-26",16.1676
"1979-04-27",15.7432
"1979-04-28",15.6724
"1979-04-29",15.2072
"1979-04-30",14.9953
"1979-05-01",11.3807
"1979-05-02",13.0049
"1979-05-03",14.865
"1979-05-04",12.1656
"1979-05-05",10.8356
"1979-05-06",9.9302
"1979-05-07",9.6506
"1979-05-08",9.7852
"1979-05-09",11.5202
"1979-05-10",11.4052
"1979-05-11",13.42
"1979-05-12",14.3504
"1979-05-13",15.7357
"1979-05-14",16.0252
"1979-05-15",14.1551
"1979-05-16",13.5804
"1979-05-17",14.3348
"1979-05-18",14.655
"1979-05-19",14.955
"1979-05-20",17.3353
"1979-05-21",19.34
"1979-05-22",15.7254
"1979-05-23",16.6101
"1979-05-24",16.0453
"1979-05-25",19.6553
"1979-05-26",14.6851
"1979-05-27",10.6505
"1979-05-28",9.2104
"1979-05-29",11.8703
"1979-05-30",13.9951
"1979-05-31",18.3312
"1979-06-01",20.9314
"1979-06-02",22.6611
"1979-06-03",21.2409
"1979-06-04",16.766
"1979-06-05",15.9311
"1979-06-06",12.9116
"1979-06-07",14.1961
"1979-06-08",16.4957
"1979-06-09",17.7213
"1979-06-10",18.8613
"1979-06-11",17.1714
"1979-06-12",14.6961
"1979-06-13",13.2662
"1979-06-14",13.2114
"1979-06-15",13.231
"1979-06-16",11.4761
"1979-06-17",12.7717
"1979-06-18",15.8762
"1979-06-19",13.4461
"1979-06-20",16.2364
"1979-06-21",14.4311
"1979-06-22",15.3209
"1979-06-23",16.7111
"1979-06-24",19.6759
"1979-06-25",20.0109
"1979-06-26",18.3861
"1979-06-27",19.6313
"1979-06-28",17.6211
"1979-06-29",15.2912
"1979-06-30",14.4343
"1979-07-01",15.264
"1979-07-02",14.3738
"1979-07-03",15.704
"1979-07-04",16.8842
"1979-07-05",18.024
"1979-07-06",17.8592
"1979-07-07",17.0545
"1979-07-08",19.8345
"1979-07-09",20.149
"1979-07-10",17.8293
"1979-07-11",17.2494
"1979-07-12",17.3089
"1979-07-13",19.4594
"1979-07-14",20.2697
"1979-07-15",23.1141
"1979-07-16",26.744
"1979-07-17",24.5791
"1979-07-18",24.4989
"1979-07-19",23.2093
"1979-07-20",22.1189
"1979-07-21",19.0742
"1979-07-22",18.6845
"1979-07-23",19.6992
"1979-07-24",21.6138
"1979-07-25",20.4445
"1979-07-26",21.5592
"1979-07-27",18.9394
"1979-07-28",17.7391
"1979-07-29",19.5291
"1979-07-30",21.9642
"1979-07-31",20.5713
"1979-08-01",20.0112
"1979-08-02",17.536
"1979-08-03",16.5463
"1979-08-04",16.9965
"1979-08-05",17.5612
"1979-08-06",18.1165
"1979-08-07",18.0465
"1979-08-08",18.1464
"1979-08-09",18.9113
"1979-08-10",18.9008
"1979-08-11",19.1913
"1979-08-12",18.9764
"1979-08-13",17.0309
"1979-08-14",19.0959
"1979-08-15",19.4814
"1979-08-16",18.3017
"1979-08-17",19.2215
"1979-08-18",16.7514
"1979-08-19",17.2212
"1979-08-20",17.926
"1979-08-21",17.2716
"1979-08-22",18.3761
"1979-08-23",18.2712
"1979-08-24",19.0264
"1979-08-25",19.2665
"1979-08-26",19.3811
"1979-08-27",20.0214
"1979-08-28",18.4309
"1979-08-29",18.9765
"1979-08-30",17.2463
"1979-08-31",17.6984
"1979-09-01",16.7234
"1979-09-02",13.014
"1979-09-03",13.4736
"1979-09-04",15.9189
"1979-09-05",15.9683
"1979-09-06",18.1037
"1979-09-07",19.7886
"1979-09-08",16.4235
"1979-09-09",15.7385
"1979-09-10",16.3838
"1979-09-11",17.509
"1979-09-12",20.8589
"1979-09-13",21.9938
"1979-09-14",24.3887
"1979-09-15",19.7983
"1979-09-16",17.669
"1979-09-17",19.5435
"1979-09-18",19.0237
"1979-09-19",16.6188
"1979-09-20",17.7633
"1979-09-21",15.2688
"1979-09-22",16.2733
"1979-09-23",16.3182
"1979-09-24",19.5133
"1979-09-25",16.4992
"1979-09-26",15.6191
"1979-09-27",17.234
"1979-09-28",15.7036
"1979-09-29",16.0684
"1979-09-30",17.3604
"1979-10-01",17.5406
"1979-10-02",17.9651
"1979-10-03",20.6755
"1979-10-04",18.1951
"1979-10-05",19.0605
"1979-10-06",14.5604
"1979-10-07",15.145
"1979-10-08",16.1105
"1979-10-09",19.3002
"1979-10-10",17.1348
"1979-10-11",17.1752
"1979-10-12",14.1206
"1979-10-13",16.3651
"1979-10-14",14.2454
"1979-10-15",14.6708
"1979-10-16",13.5906
"1979-10-17",12.2254
"1979-10-18",9.2652
"1979-10-19",8.3105
"1979-10-20",9.5156
"1979-10-21",9.5855
"1979-10-22",9.7353
"1979-10-23",10.5853
"1979-10-24",11.5154
"1979-10-25",11.69
"1979-10-26",10.7105
"1979-10-27",11.1952
"1979-10-28",8.7102
"1979-10-29",9.0901
"1979-10-30",7.2305
"1979-10-31",7.5974
"1979-11-01",7.9027
"1979-11-02",9.1427
"1979-11-03",8.8233
"1979-11-04",7.5529
"1979-11-05",8.6926
"1979-11-06",9.1628
"1979-11-07",10.7626
"1979-11-08",9.6276
"1979-11-09",6.1881
"1979-11-10",6.473
"1979-11-11",5.2479
"1979-11-12",5.6229
"1979-11-13",7.4127
"1979-11-14",7.8926
"1979-11-15",8.4877
"1979-11-16",9.8776
"1979-11-17",6.4126
"1979-11-18",3.9977
"1979-11-19",4.9375
"1979-11-20",3.4529
"1979-11-21",5.3622
"1979-11-22",6.2227
"1979-11-23",4.4724
"1979-11-24",4.6629
"1979-11-25",3.7733
"1979-11-26",2.2878
"1979-11-27",2.1674
"1979-11-28",4.4377
"1979-11-29",5.6372
"1979-11-30",7.8086
"1979-12-01",5.5086
"1979-12-02",10.0685
"1979-12-03",12.0037
"1979-12-04",7.8185
"1979-12-05",5.694
"1979-12-06",5.4185
"1979-12-07",7.0835
"1979-12-08",9.0084
"1979-12-09",8.8986
"1979-12-10",4.2938
"1979-12-11",2.9183
"1979-12-12",4.0782
"1979-12-13",5.1386
"1979-12-14",5.8189
"1979-12-15",9.5234
"1979-12-16",6.5589
"1979-12-17",9.7088
"1979-12-18",9.3635
"1979-12-19",7.4638
"1979-12-20",6.8838
"1979-12-21",5.4683
"1979-12-22",2.7035
"1979-12-23",3.0982
"1979-12-24",6.7187
"1979-12-25",6.6533
"1979-12-26",6.2642
"1979-12-27",5.304
"1979-12-28",5.9339
"1979-12-29",6.6389
"1979-12-30",6.1835
"1979-12-31",6.0583
"1980-01-01",5.8981
"1980-01-02",5.7282
"1980-01-03",5.3683
"1980-01-04",5.3985
"1980-01-05",3.9579
"1980-01-06",1.3182
"1980-01-07",-0.2572
"1980-01-08",2.6584
"1980-01-09",3.2536
"1980-01-10",0.293
"1980-01-11",2.5682
"1980-01-12",7.783
"1980-01-13",7.8032
"1980-01-14",6.4427
"1980-01-15",5.0078
"1980-01-16",6.7281
"1980-01-17",3.2234
"1980-01-18",-0.1769
"1980-01-19",0.6181
"1980-01-20",3.538
"1980-01-21",4.5129
"1980-01-22",4.2782
"1980-01-23",5.1831
"1980-01-24",6.6728
"1980-01-25",2.978
"1980-01-26",0.0331
"1980-01-27",-4.4414
"1980-01-28",-6.9269
"1980-01-29",-7.1969
"1980-01-30",-3.8569
"1980-01-31",2.0969
"1980-02-01",6.9915
"1980-02-02",9.3466
"1980-02-03",7.0915
"1980-02-04",6.2166
"1980-02-05",7.1067
"1980-02-06",5.8715
"1980-02-07",5.3813
"1980-02-08",5.4112
"1980-02-09",4.256
"1980-02-10",6.6567
"1980-02-11",5.3466
"1980-02-12",5.9015
"1980-02-13",3.3663
"1980-02-14",4.0715
"1980-02-15",7.1265
"1980-02-16",9.2615
"1980-02-17",7.3761
"1980-02-18",8.3511
"1980-02-19",8.4561
"1980-02-20",5.5316
"1980-02-21",3.9967
"1980-02-22",5.2213
"1980-02-23",6.7562
"1980-02-24",8.8659
"1980-02-25",8.4416
"1980-02-26",11.5564
"1980-02-27",10.7869
"1980-02-28",7.4362
"1980-02-29",10.5139
"1980-03-01",11.1694
"1980-03-02",11.4796
"1980-03-03",10.5793
"1980-03-04",10.084
"1980-03-05",9.3444
"1980-03-06",8.4498
"1980-03-07",8.2396
"1980-03-08",8.5444
"1980-03-09",7.7792
"1980-03-10",8.2794
"1980-03-11",5.9543
"1980-03-12",5.244
"1980-03-13",5.0939
"1980-03-14",5.2145
"1980-03-15",4.4794
"1980-03-16",5.0543
"1980-03-17",7.0844
"1980-03-18",7.0645
"1980-03-19",6.9991
"1980-03-20",6.264
"1980-03-21",8.1843
"1980-03-22",8.5541
"1980-03-23",6.1339
"1980-03-24",6.5943
"1980-03-25",7.5794
"1980-03-26",6.819
"1980-03-27",6.8792
"1980-03-28",7.7842
"1980-03-29",7.3842
"1980-03-30",5.9689
"1980-03-31",6.4171
"1980-04-01",7.6666
"1980-04-02",8.2265
"1980-04-03",10.4969
"1980-04-04",11.3311
"1980-04-05",9.4868
"1980-04-06",7.1118
"1980-04-07",7.8065
"1980-04-08",8.3963
"1980-04-09",9.7066
"1980-04-10",9.311
"1980-04-11",11.8115
"1980-04-12",16.4314
"1980-04-13",17.0064
"1980-04-14",11.3766
"1980-04-15",11.7461
"1980-04-16",12.4419
"1980-04-17",11.8867
"1980-04-18",13.7114
"1980-04-19",12.6016
"1980-04-20",11.077
"1980-04-21",9.4967
"1980-04-22",10.7117
"1980-04-23",11.8368
"1980-04-24",11.1716
"1980-04-25",10.4764
"1980-04-26",14.3414
"1980-04-27",16.8364
"1980-04-28",13.0265
"1980-04-29",10.1812
"1980-04-30",11.8855
"1980-05-01",15.4609
"1980-05-02",12.131
"1980-05-03",13.7159
"1980-05-04",14.421
"1980-05-05",12.3607
"1980-05-06",11.7912
"1980-05-07",12.621
"1980-05-08",12.4707
"1980-05-09",10.0913
"1980-05-10",10.0412
"1980-05-11",13.621
"1980-05-12",12.2509
"1980-05-13",10.4608
"1980-05-14",11.2056
"1980-05-15",11.6962
"1980-05-16",11.9356
"1980-05-17",14.9263
"1980-05-18",16.3805
"1980-05-19",14.1161
"1980-05-20",14.1559
"1980-05-21",14.6162
"1980-05-22",10.2506
"1980-05-23",8.896
"1980-05-24",9.2612
"1980-05-25",10.711
"1980-05-26",10.3908
"1980-05-27",11.8512
"1980-05-28",12.6761
"1980-05-29",15.0908
"1980-05-30",14.2059
"1980-05-31",15.2545
"1980-06-01",11.7741
"1980-06-02",9.7741
"1980-06-03",11.1
"1980-06-04",12.9343
"1980-06-05",12.5942
"1980-06-06",13.5246
"1980-06-07",13.2247
"1980-06-08",16.6443
"1980-06-09",14.8945
"1980-06-10",14.4643
"1980-06-11",13.7543
"1980-06-12",14.0098
"1980-06-13",12.5195
"1980-06-14",14.93
"1980-06-15",16.6592
"1980-06-16",14.7046
"1980-06-17",15.3697
"1980-06-18",15.9997
"1980-06-19",17.1247
"1980-06-20",15.6743
"1980-06-21",14.7995
"1980-06-22",15.1246
"1980-06-23",14.8644
"1980-06-24",13.6149
"1980-06-25",13.405
"1980-06-26",14.6092
"1980-06-27",16.8045
"1980-06-28",16.5946
"1980-06-29",15.4445
"1980-06-30",16.228
"1980-07-01",17.6485
"1980-07-02",15.5731
"1980-07-03",12.0932
"1980-07-04",15.5636
"1980-07-05",16.2884
"1980-07-06",18.4831
"1980-07-07",19.7132
"1980-07-08",17.3037
"1980-07-09",15.5788
"1980-07-10",17.1585
"1980-07-11",16.7431
"1980-07-12",19.2036
"1980-07-13",19.543
"1980-07-14",18.928
"1980-07-15",20.2132
"1980-07-16",20.0883
"1980-07-17",18.1434
"1980-07-18",18.723
"1980-07-19",19.3233
"1980-07-20",22.5882
"1980-07-21",26.0131
"1980-07-22",21.1485
"1980-07-23",20.6934
"1980-07-24",18.8978
"1980-07-25",20.4829
"1980-07-26",21.4785
"1980-07-27",22.8532
"1980-07-28",22.5736
"1980-07-29",19.9482
"1980-07-30",20.0032
"1980-07-31",20.6147
"1980-08-01",17.5545
"1980-08-02",17.1693
"1980-08-03",18.2994
"1980-08-04",16.3692
"1980-08-05",15.0999
"1980-08-06",17.6595
"1980-08-07",19.6493
"1980-08-08",17.6944
"1980-08-09",21.4792
"1980-08-10",22.0245
"1980-08-11",17.7795
"1980-08-12",18.199
"1980-08-13",18.7543
"1980-08-14",15.9594
"1980-08-15",15.389
"1980-08-16",17.4642
"1980-08-17",17.9189
"1980-08-18",15.8746
"1980-08-19",17.8494
"1980-08-20",17.3445
"1980-08-21",15.7594
"1980-08-22",17.0741
"1980-08-23",16.8043
"1980-08-24",17.1643
"1980-08-25",17.1897
"1980-08-26",15.3046
"1980-08-27",16.7348
"1980-08-28",15.2047
"1980-08-29",16.2796
"1980-08-30",13.3393
"1980-08-31",16.5548
"1980-09-01",15.3801
"1980-09-02",15.6801
"1980-09-03",15.995
"1980-09-04",17.0951
"1980-09-05",19.1451
"1980-09-06",17.4402
"1980-09-07",17.63
"1980-09-08",17.7
"1980-09-09",22.32
"1980-09-10",20.0653
"1980-09-11",15.385
"1980-09-12",14.1553
"1980-09-13",12.3747
"1980-09-14",14.6453
"1980-09-15",17.9701
"1980-09-16",20.3604
"1980-09-17",16.3249
"1980-09-18",13.445
"1980-09-19",14.4047
"1980-09-20",13.3007
"1980-09-21",11.8849
"1980-09-22",13.2402
"1980-09-23",16.5346
"1980-09-24",16.6802
"1980-09-25",20.0651
"1980-09-26",16.9199
"1980-09-27",14.405
"1980-09-28",16.7246
"1980-09-29",18.395
"1980-09-30",15.5193
"1980-10-01",16.2984
"1980-10-02",20.9888
"1980-10-03",17.4486
"1980-10-04",18.1241
"1980-10-05",19.2185
"1980-10-06",17.1689
"1980-10-07",16.8539
"1980-10-08",13.979
"1980-10-09",13.8337
"1980-10-10",12.6737
"1980-10-11",10.1241
"1980-10-12",10.929
"1980-10-13",9.1539
"1980-10-14",9.0889
"1980-10-15",9.7237
"1980-10-16",9.3637
"1980-10-17",8.5237
"1980-10-18",10.4739
"1980-10-19",12.8536
"1980-10-20",10.6438
"1980-10-21",9.9138
"1980-10-22",9.3285
"1980-10-23",12.7293
"1980-10-24",11.0285
"1980-10-25",7.3237
"1980-10-26",7.0442
"1980-10-27",9.9134
"1980-10-28",11.4385
"1980-10-29",12.4089
"1980-10-30",11.9085
"1980-10-31",10.1139
"1980-11-01",10.7987
"1980-11-02",11.8688
"1980-11-03",14.3336
"1980-11-04",15.7239
"1980-11-05",12.1539
"1980-11-06",8.8986
"1980-11-07",9.5038
"1980-11-08",8.3839
"1980-11-09",7.1688
"1980-11-10",6.5336
"1980-11-11",6.6588
"1980-11-12",4.9185
"1980-11-13",5.2836
"1980-11-14",6.3591
"1980-11-15",6.434
"1980-11-16",6.9235
"1980-11-17",7.9635
"1980-11-18",10.484
"1980-11-19",9.9789
"1980-11-20",8.3936
"1980-11-21",9.2542
"1980-11-22",7.7884
"1980-11-23",6.7339
"1980-11-24",4.9186
"1980-11-25",6.9584
"1980-11-26",8.3835
"1980-11-27",8.6689
"1980-11-28",7.914
"1980-11-29",7.7992
"1980-11-30",3.5415
"1980-12-01",4.6767
"1980-12-02",7.5567
"1980-12-03",6.5417
"1980-12-04",2.7463
"1980-12-05",2.7617
"1980-12-06",0.5213
"1980-12-07",-0.8983
"1980-12-08",0.4265
"1980-12-09",2.1866
"1980-12-10",4.266
"1980-12-11",5.8016
"1980-12-12",5.7262
"1980-12-13",4.8314
"1980-12-14",5.4463
"1980-12-15",10.996
"1980-12-16",10.756
"1980-12-17",7.9467
"1980-12-18",5.3865
"1980-12-19",5.5066
"1980-12-20",8.1763
"1980-12-21",9.0415
"1980-12-22",7.1817
"1980-12-23",7.2612
"1980-12-24",8.1415
"1980-12-25",12.0666
"1980-12-26",12.8065
"1980-12-27",9.5411
"1980-12-28",6.0764
"1980-12-29",7.666
"1980-12-30",11.2263
"1980-12-31",9.2592
"1981-01-01",5.9348
"1981-01-02",5.0441
"1981-01-03",4.0346
"1981-01-04",6.6897
"1981-01-05",5.5642
"1981-01-06",6.0793
"1981-01-07",5.7444
"1981-01-08",6.0444
"1981-01-09",5.684
"1981-01-10",3.5494
"1981-01-11",5.9596
"1981-01-12",5.6996
"1981-01-13",4.349
"1981-01-14",3.2297
"1981-01-15",3.9898
"1981-01-16",4.3444
"1981-01-17",5.6795
"1981-01-18",8.7039
"1981-01-19",8.9845
"1981-01-20",8.6493
"1981-01-21",9.0793
"1981-01-22",8.3842
"1981-01-23",5.0193
"1981-01-24",2.3293
"1981-01-25",3.8097
"1981-01-26",4.7139
"1981-01-27",2.7644
"1981-01-28",3.6143
"1981-01-29",2.5243
"1981-01-30",1.3346
"1981-01-31",4.2079
"1981-02-01",4.5629
"1981-02-02",4.4632
"1981-02-03",3.8581
"1981-02-04",3.6179
"1981-02-05",3.7579
"1981-02-06",3.6484
"1981-02-07",4.7679
"1981-02-08",5.4277
"1981-02-09",3.5583
"1981-02-10",3.5083
"1981-02-11",7.0581
"1981-02-12",9.5783
"1981-02-13",9.9928
"1981-02-14",9.1235
"1981-02-15",8.7877
"1981-02-16",10.093
"1981-02-17",7.9832
"1981-02-18",9.3377
"1981-02-19",8.0577
"1981-02-20",5.7726
"1981-02-21",7.5729
"1981-02-22",10.1381
"1981-02-23",7.548
"1981-02-24",5.7032
"1981-02-25",4.9835
"1981-02-26",6.3381
"1981-02-27",8.2885
"1981-02-28",9.1763
"1981-03-01",10.2915
"1981-03-02",9.3813
"1981-03-03",6.6409
"1981-03-04",5.376
"1981-03-05",4.4813
"1981-03-06",5.9557
"1981-03-07",7.5662
"1981-03-08",8.1661
"1981-03-09",10.3409
"1981-03-10",9.9958
"1981-03-11",9.9361
"1981-03-12",9.721
"1981-03-13",9.1306
"1981-03-14",9.1661
"1981-03-15",8.9211
"1981-03-16",7.631
"1981-03-17",6.9609
"1981-03-18",7.7062
"1981-03-19",9.8412
"1981-03-20",8.8009
"1981-03-21",8.4064
"1981-03-22",8.291
"1981-03-23",9.7508
"1981-03-24",10.501
"1981-03-25",9.9115
"1981-03-26",8.7456
"1981-03-27",8.1957
"1981-03-28",9.7764
"1981-03-29",6.8915
"1981-03-30",6.2559
"1981-03-31",8.0778
"1981-04-01",8.0478
"1981-04-02",7.2427
"1981-04-03",8.8978
"1981-04-04",9.1172
"1981-04-05",8.1426
"1981-04-06",7.2276
"1981-04-07",6.4576
"1981-04-08",8.5774
"1981-04-09",7.4827
"1981-04-10",6.2925
"1981-04-11",7.4376
"1981-04-12",7.0924
"1981-04-13",10.0125
"1981-04-14",13.408
"1981-04-15",11.5625
"1981-04-16",13.0074
"1981-04-17",13.283
"1981-04-18",13.4771
"1981-04-19",11.2022
"1981-04-20",9.7275
"1981-04-21",10.3826
"1981-04-22",15.8628
"1981-04-23",16.8876
"1981-04-24",11.7478
"1981-04-25",10.0978
"1981-04-26",10.1375
"1981-04-27",9.2027
"1981-04-28",15.343
"1981-04-29",19.3778
"1981-04-30",17.1831
"1981-05-01",13.5431
"1981-05-02",10.3282
"1981-05-03",9.103
"1981-05-04",9.0125
"1981-05-05",8.7725
"1981-05-06",9.2528
"1981-05-07",10.5725
"1981-05-08",9.7027
"1981-05-09",13.4331
"1981-05-10",10.6077
"1981-05-11",11.9478
"1981-05-12",12.7579
"1981-05-13",11.3079
"1981-05-14",11.2278
"1981-05-15",10.6573
"1981-05-16",10.6526
"1981-05-17",10.7582
"1981-05-18",12.9178
"1981-05-19",11.6979
"1981-05-20",13.703
"1981-05-21",12.2827
"1981-05-22",14.4424
"1981-05-23",15.3828
"1981-05-24",16.1478
"1981-05-25",15.7577
"1981-05-26",14.003
"1981-05-27",14.7428
"1981-05-28",18.2729
"1981-05-29",17.8925
"1981-05-30",15.1527
"1981-05-31",14.5379
"1981-06-01",13.818
"1981-06-02",16.0524
"1981-06-03",16.9277
"1981-06-04",16.2581
"1981-06-05",17.7327
"1981-06-06",14.9227
"1981-06-07",13.0224
"1981-06-08",14.2726
"1981-06-09",14.5823
"1981-06-10",13.9622
"1981-06-11",13.8424
"1981-06-12",11.5224
"1981-06-13",12.3071
"1981-06-14",13.7824
"1981-06-15",16.2227
"1981-06-16",16.0327
"1981-06-17",12.8632
"1981-06-18",13.1678
"1981-06-19",17.7124
"1981-06-20",17.5224
"1981-06-21",14.2426
"1981-06-22",17.3724
"1981-06-23",14.1428
"1981-06-24",17.1378
"1981-06-25",18.2773
"1981-06-26",15.7479
"1981-06-27",15.2275
"1981-06-28",17.0327
"1981-06-29",19.6227
"1981-06-30",17.424
"1981-07-01",16.7093
"1981-07-02",20.8049
"1981-07-03",24.1293
"1981-07-04",23.5096
"1981-07-05",18.05
"1981-07-06",13.4297
"1981-07-07",14.5296
"1981-07-08",15.7896
"1981-07-09",14.1995
"1981-07-10",13.4098
"1981-07-11",15.4647
"1981-07-12",16.3791
"1981-07-13",16.1597
"1981-07-14",18.6545
"1981-07-15",19.5541
"1981-07-16",18.8548
"1981-07-17",18.2094
"1981-07-18",17.9342
"1981-07-19",18.9892
"1981-07-20",19.5695
"1981-07-21",18.2842
"1981-07-22",18.6697
"1981-07-23",18.1892
"1981-07-24",18.1748
"1981-07-25",21.6048
"1981-07-26",24.7393
"1981-07-27",26.4042
"1981-07-28",19.4296
"1981-07-29",16.4249
"1981-07-30",17.5445
"1981-07-31",17.5824
"1981-08-01",17.5273
"1981-08-02",16.8326
"1981-08-03",16.7325
"1981-08-04",19.6628
"1981-08-05",21.2075
"1981-08-06",23.388
"1981-08-07",23.8974
"1981-08-08",26.9925
"1981-08-09",28.2025
"1981-08-10",27.9324
"1981-08-11",24.7477
"1981-08-12",20.9228
"1981-08-13",20.2625
"1981-08-14",19.4625
"1981-08-15",20.3122
"1981-08-16",20.9725
"1981-08-17",22.2276
"1981-08-18",22.3273
"1981-08-19",18.8224
"1981-08-20",16.9377
"1981-08-21",18.4678
"1981-08-22",20.3529
"1981-08-23",18.9922
"1981-08-24",17.6075
"1981-08-25",16.7521
"1981-08-26",17.4825
"1981-08-27",17.4423
"1981-08-28",18.3625
"1981-08-29",17.5175
"1981-08-30",17.2124
"1981-08-31",16.5398
"1981-09-01",17.5647
"1981-09-02",16.5797
"1981-09-03",16.7192
"1981-09-04",16.0445
"1981-09-05",18.0496
"1981-09-06",21.1143
"1981-09-07",24.0095
"1981-09-08",19.7443
"1981-09-09",17.3847
"1981-09-10",18.4898
"1981-09-11",19.8146
"1981-09-12",19.3249
"1981-09-13",18.4547
"1981-09-14",19.6845
"1981-09-15",22.5795
"1981-09-16",19.3293
"1981-09-17",18.9693
"1981-09-18",18.7547
"1981-09-19",15.0396
"1981-09-20",13.5693
"1981-09-21",13.5698
"1981-09-22",12.4098
"1981-09-23",12.2242
"1981-09-24",11.0294
"1981-09-25",13.305
"1981-09-26",11.3897
"1981-09-27",14.1298
"1981-09-28",12.3841
"1981-09-29",12.7646
"1981-09-30",13.6137
"1981-10-01",14.6585
"1981-10-02",11.698
"1981-10-03",8.4138
"1981-10-04",9.9378
"1981-10-05",8.7734
"1981-10-06",13.2838
"1981-10-07",9.6082
"1981-10-08",7.6986
"1981-10-09",8.738
"1981-10-10",8.8186
"1981-10-11",8.4938
"1981-10-12",9.2335
"1981-10-13",8.7982
"1981-10-14",9.6736
"1981-10-15",11.0489
"1981-10-16",12.2884
"1981-10-17",14.0881
"1981-10-18",16.5285
"1981-10-19",15.5531
"1981-10-20",11.4235
"1981-10-21",9.7639
"1981-10-22",10.913
"1981-10-23",11.6878
"1981-10-24",12.7181
"1981-10-25",13.2036
"1981-10-26",12.0087
"1981-10-27",10.4837
"1981-10-28",8.2033
"1981-10-29",6.5733
"1981-10-30",7.9832
"1981-10-31",13.446
"1981-11-01",13.8108
"1981-11-02",12.7453
"1981-11-03",9.4557
"1981-11-04",7.3907
"1981-11-05",8.2154
"1981-11-06",10.1605
"1981-11-07",11.5405
"1981-11-08",11.4952
"1981-11-09",12.1358
"1981-11-10",7.241
"1981-11-11",9.8504
"1981-11-12",9.5753
"1981-11-13",9.0356
"1981-11-14",7.9108
"1981-11-15",7.4454
"1981-11-16",7.1956
"1981-11-17",7.1757
"1981-11-18",6.8809
"1981-11-19",7.0758
"1981-11-20",7.7459
"1981-11-21",8.1059
"1981-11-22",7.2659
"1981-11-23",6.3257
"1981-11-24",5.4956
"1981-11-25",5.5354
"1981-11-26",4.7855
"1981-11-27",3.1258
"1981-11-28",3.0658
"1981-11-29",2.966
"1981-11-30",5.562
"1981-12-01",7.8123
"1981-12-02",7.0975
"1981-12-03",7.1075
"1981-12-04",8.4021
"1981-12-05",9.5018
"1981-12-06",8.5422
"1981-12-07",6.197
"1981-12-08",5.5426
"1981-12-09",7.3175
"1981-12-10",6.1771
"1981-12-11",4.2121
"1981-12-12",4.4323
"1981-12-13",7.5169
"1981-12-14",7.7227
"1981-12-15",8.1872
"1981-12-16",5.9674
"1981-12-17",6.0175
"1981-12-18",7.9572
"1981-12-19",8.8322
"1981-12-20",5.9425
"1981-12-21",5.5523
"1981-12-22",4.0219
"1981-12-23",5.3273
"1981-12-24",6.147
"1981-12-25",6.4676
"1981-12-26",6.4172
"1981-12-27",3.3821
"1981-12-28",2.4577
"1981-12-29",2.8322
"1981-12-30",2.152
"1981-12-31",1.5208
"1982-01-01",1.6805
"1982-01-02",1.8354
"1982-01-03",2.7853
"1982-01-04",0.8107
"1982-01-05",-1.004
"1982-01-06",-4.2041
"1982-01-07",-3.4244
"1982-01-08",1.6456
"1982-01-09",2.6058
"1982-01-10",2.3606
"1982-01-11",3.0711
"1982-01-12",2.936
"1982-01-13",4.5511
"1982-01-14",4.2304
"1982-01-15",5.9005
"1982-01-16",6.2609
"1982-01-17",4.7606
"1982-01-18",3.4359
"1982-01-19",2.8558
"1982-01-20",3.106
"1982-01-21",1.4755
"1982-01-22",2.6359
"1982-01-23",6.481
"1982-01-24",7.626
"1982-01-25",7.2757
"1982-01-26",5.0708
"1982-01-27",4.4157
"1982-01-28",5.1161
"1982-01-29",3.5056
"1982-01-30",6.0006
"1982-01-31",6.1191
"1982-02-01",4.289
"1982-02-02",6.3742
"1982-02-03",6.4743
"1982-02-04",0.7445
"1982-02-05",1.4739
"1982-02-06",3.584
"1982-02-07",3.314
"1982-02-08",1.6443
"1982-02-09",2.3793
"1982-02-10",1.7395
"1982-02-11",4.2841
"1982-02-12",6.129
"1982-02-13",8.939
"1982-02-14",10.7987
"1982-02-15",10.3246
"1982-02-16",9.0691
"1982-02-17",7.8242
"1982-02-18",6.8494
"1982-02-19",10.084
"1982-02-20",11.1494
"1982-02-21",4.934
"1982-02-22",2.6744
"1982-02-23",1.9438
"1982-02-24",3.2546
"1982-02-25",6.3593
"1982-02-26",6.4192
"1982-02-27",6.0639
"1982-02-28",7.5643
"1982-03-01",8.3797
"1982-03-02",7.1398
"1982-03-03",5.9146
"1982-03-04",7.4544
"1982-03-05",6.4994
"1982-03-06",7.6592
"1982-03-07",10.0596
"1982-03-08",9.7345
"1982-03-09",10.1247
"1982-03-10",11.4343
"1982-03-11",5.5643
"1982-03-12",3.6391
"1982-03-13",7.5239
"1982-03-14",5.3695
"1982-03-15",4.179
"1982-03-16",6.5295
"1982-03-17",7.089
"1982-03-18",6.8344
"1982-03-19",6.6544
"1982-03-20",5.0393
"1982-03-21",7.1047
"1982-03-22",9.0392
"1982-03-23",10.5143
"1982-03-24",10.8245
"1982-03-25",6.7544
"1982-03-26",6.6842
"1982-03-27",7.4143
"1982-03-28",5.959
"1982-03-29",5.7695
"1982-03-30",5.7194
"1982-03-31",6.3314
"1982-04-01",5.1462
"1982-04-02",5.8463
"1982-04-03",6.2464
"1982-04-04",6.2212
"1982-04-05",6.6607
"1982-04-06",6.4362
"1982-04-07",6.8615
"1982-04-08",8.6516
"1982-04-09",9.3311
"1982-04-10",10.2661
"1982-04-11",11.1315
"1982-04-12",8.3563
"1982-04-13",7.1367
"1982-04-14",6.4811
"1982-04-15",5.9411
"1982-04-16",7.5014
"1982-04-17",7.4366
"1982-04-18",5.2964
"1982-04-19",8.4713
"1982-04-20",11.4765
"1982-04-21",14.3763
"1982-04-22",17.1508
"1982-04-23",11.6812
"1982-04-24",8.9864
"1982-04-25",9.3764
"1982-04-26",9.0164
"1982-04-27",9.0262
"1982-04-28",8.9166
"1982-04-29",9.0815
"1982-04-30",11.1509
"1982-05-01",12.5107
"1982-05-02",11.0702
"1982-05-03",10.0952
"1982-05-04",9.6304
"1982-05-05",12.9108
"1982-05-06",15.0258
"1982-05-07",11.0953
"1982-05-08",7.6706
"1982-05-09",10.2003
"1982-05-10",10.8107
"1982-05-11",12.6903
"1982-05-12",12.4954
"1982-05-13",13.4604
"1982-05-14",13.0704
"1982-05-15",13.5203
"1982-05-16",13.1657
"1982-05-17",11.7804
"1982-05-18",10.4509
"1982-05-19",12.6308
"1982-05-20",15.0206
"1982-05-21",15.0755
"1982-05-22",13.4605
"1982-05-23",15.0956
"1982-05-24",19.4259
"1982-05-25",16.4402
"1982-05-26",10.2757
"1982-05-27",11.2403
"1982-05-28",14.5459
"1982-05-29",16.5607
"1982-05-30",17.4905
"1982-05-31",16.6917
"1982-06-01",12.5269
"1982-06-02",10.4467
"1982-06-03",11.9822
"1982-06-04",12.0368
"1982-06-05",13.2024
"1982-06-06",12.0269
"1982-06-07",14.4672
"1982-06-08",16.2367
"1982-06-09",20.227
"1982-06-10",21.2222
"1982-06-11",15.342
"1982-06-12",13.1268
"1982-06-13",15.987
"1982-06-14",15.5764
"1982-06-15",18.517
"1982-06-16",19.7268
"1982-06-17",20.7969
"1982-06-18",22.612
"1982-06-19",20.4566
"1982-06-20",21.1372
"1982-06-21",20.1423
"1982-06-22",19.5823
"1982-06-23",21.7625
"1982-06-24",18.8019
"1982-06-25",19.837
"1982-06-26",18.7664
"1982-06-27",16.702
"1982-06-28",15.6765
"1982-06-29",17.6416
"1982-06-30",16.8878
"1982-07-01",16.3181
"1982-07-02",16.178
"1982-07-03",15.2175
"1982-07-04",12.2573
"1982-07-05",16.6231
"1982-07-06",18.5828
"1982-07-07",16.9732
"1982-07-08",16.9531
"1982-07-09",17.853
"1982-07-10",20.868
"1982-07-11",19.3332
"1982-07-12",19.9825
"1982-07-13",17.6979
"1982-07-14",16.9325
"1982-07-15",14.798
"1982-07-16",17.5375
"1982-07-17",20.853
"1982-07-18",19.7327
"1982-07-19",20.2828
"1982-07-20",20.0881
"1982-07-21",16.783
"1982-07-22",17.4427
"1982-07-23",18.4176
"1982-07-24",19.7978
"1982-07-25",18.648
"1982-07-26",20.063
"1982-07-27",19.373
"1982-07-28",19.7329
"1982-07-29",19.8232
"1982-07-30",18.853
"1982-07-31",17.6424
"1982-08-01",14.0971
"1982-08-02",16.4718
"1982-08-03",16.4667
"1982-08-04",16.9972
"1982-08-05",18.4623
"1982-08-06",21.6373
"1982-08-07",22.4573
"1982-08-08",20.3473
"1982-08-09",18.4121
"1982-08-10",14.887
"1982-08-11",16.232
"1982-08-12",18.7619
"1982-08-13",16.3775
"1982-08-14",17.5126
"1982-08-15",17.1924
"1982-08-16",17.4867
"1982-08-17",19.2318
"1982-08-18",20.2523
"1982-08-19",20.7971
"1982-08-20",19.8819
"1982-08-21",20.2323
"1982-08-22",23.152
"1982-08-23",24.0126
"1982-08-24",24.462
"1982-08-25",20.3121
"1982-08-26",18.6618
"1982-08-27",17.2021
"1982-08-28",18.0871
"1982-08-29",18.0072
"1982-08-30",18.2274
"1982-08-31",17.7224
"1982-09-01",20.1621
"1982-09-02",22.2974
"1982-09-03",15.4627
"1982-09-04",15.9922
"1982-09-05",18.8423
"1982-09-06",17.5072
"1982-09-07",19.2273
"1982-09-08",17.8675
"1982-09-09",13.4624
"1982-09-10",12.6923
"1982-09-11",11.337
"1982-09-12",15.9769
"1982-09-13",16.2928
"1982-09-14",15.4179
"1982-09-15",14.7174
"1982-09-16",16.2821
"1982-09-17",18.6374
"1982-09-18",16.4325
"1982-09-19",16.4176
"1982-09-20",14.2519
"1982-09-21",16.5923
"1982-09-22",19.2024
"1982-09-23",20.533
"1982-09-24",18.0627
"1982-09-25",14.6168
"1982-09-26",11.767
"1982-09-27",12.8226
"1982-09-28",11.1672
"1982-09-29",12.1174
"1982-09-30",12.451
"1982-10-01",14.086
"1982-10-02",12.1408
"1982-10-03",10.3011
"1982-10-04",9.0509
"1982-10-05",12.5109
"1982-10-06",8.7406
"1982-10-07",9.0364
"1982-10-08",11.0908
"1982-10-09",14.7563
"1982-10-10",16.0762
"1982-10-11",16.5412
"1982-10-12",17.5263
"1982-10-13",18.3109
"1982-10-14",18.1262
"1982-10-15",15.5113
"1982-10-16",11.1961
"1982-10-17",8.4308
"1982-10-18",7.9408
"1982-10-19",10.771
"1982-10-20",10.0807
"1982-10-21",11.2161
"1982-10-22",11.9461
"1982-10-23",12.8558
"1982-10-24",12.9809
"1982-10-25",11.3014
"1982-10-26",8.1863
"1982-10-27",7.2613
"1982-10-28",6.9459
"1982-10-29",11.8015
"1982-10-30",8.5263
"1982-10-31",7.3357
"1982-11-01",8.6998
"1982-11-02",8.8753
"1982-11-03",11.06
"1982-11-04",8.22
"1982-11-05",6.805
"1982-11-06",5.7653
"1982-11-07",4.4902
"1982-11-08",5.4849
"1982-11-09",5.6754
"1982-11-10",4.3851
"1982-11-11",5.5505
"1982-11-12",5.7903
"1982-11-13",4.7703
"1982-11-14",4.3053
"1982-11-15",5.0902
"1982-11-16",6.2152
"1982-11-17",6.9799
"1982-11-18",5.8206
"1982-11-19",5.8048
"1982-11-20",3.6406
"1982-11-21",3.3751
"1982-11-22",3.125
"1982-11-23",3.7705
"1982-11-24",4.7654
"1982-11-25",4.2552
"1982-11-26",5.4348
"1982-11-27",7.2704
"1982-11-28",6.9253
"1982-11-29",6.3349
"1982-11-30",6.5097
"1982-12-01",4.8747
"1982-12-02",5.8344
"1982-12-03",9.8946
"1982-12-04",6.2344
"1982-12-05",6.2599
"1982-12-06",6.2799
"1982-12-07",2.5191
"1982-12-08",3.2494
"1982-12-09",3.4697
"1982-12-10",4.4046
"1982-12-11",4.9895
"1982-12-12",5.8049
"1982-12-13",5.0645
"1982-12-14",6.4791
"1982-12-15",6.5296
"1982-12-16",7.1498
"1982-12-17",5.4947
"1982-12-18",4.8545
"1982-12-19",5.9149
"1982-12-20",5.7251
"1982-12-21",5.8946
"1982-12-22",4.9195
"1982-12-23",3.425
"1982-12-24",2.975
"1982-12-25",3.3893
"1982-12-26",5.1396
"1982-12-27",2.4896
"1982-12-28",1.5947
"1982-12-29",0.82
"1982-12-30",1.3048
"1982-12-31",0.9656
"1983-01-01",2.3108
"1983-01-02",3.8505
"1983-01-03",4.9452
"1983-01-04",8.1806
"1983-01-05",8.3754
"1983-01-06",8.9351
"1983-01-07",9.7401
"1983-01-08",5.0102
"1983-01-09",2.9755
"1983-01-10",7.5102
"1983-01-11",6.7105
"1983-01-12",7.5801
"1983-01-13",6.3607
"1983-01-14",5.4405
"1983-01-15",6.5005
"1983-01-16",5.7906
"1983-01-17",7.8909
"1983-01-18",8.0605
"1983-01-19",5.1909
"1983-01-20",4.0857
"1983-01-21",1.4506
"1983-01-22",3.9253
"1983-01-23",6.6651
"1983-01-24",7.255
"1983-01-25",7.6601
"1983-01-26",8.6803
"1983-01-27",5.2553
"1983-01-28",5.8255
"1983-01-29",6.7757
"1983-01-30",5.1054
"1983-01-31",7.5573
"1983-02-01",7.037
"1983-02-02",6.9174
"1983-02-03",5.5417
"1983-02-04",6.0367
"1983-02-05",5.9272
"1983-02-06",7.2622
"1983-02-07",4.2876
"1983-02-08",5.0367
"1983-02-09",6.8272
"1983-02-10",6.9672
"1983-02-11",11.8525
"1983-02-12",8.5617
"1983-02-13",7.1474
"1983-02-14",6.6525
"1983-02-15",7.8976
"1983-02-16",7.9871
"1983-02-17",9.4077
"1983-02-18",8.2875
"1983-02-19",6.0571
"1983-02-20",8.7567
"1983-02-21",9.1568
"1983-02-22",12.4919
"1983-02-23",12.4317
"1983-02-24",7.1476
"1983-02-25",7.9474
"1983-02-26",7.6722
"1983-02-27",6.9374
"1983-02-28",10.4602
"1983-03-01",10.3001
"1983-03-02",10.2052
"1983-03-03",11.2402
"1983-03-04",9.1447
"1983-03-05",8.8151
"1983-03-06",9.8347
"1983-03-07",8.935
"1983-03-08",10.8947
"1983-03-09",11.7051
"1983-03-10",11.13
"1983-03-11",10.1
"1983-03-12",10.3199
"1983-03-13",8.29
"1983-03-14",7.305
"1983-03-15",8.4601
"1983-03-16",10.6652
"1983-03-17",10.7496
"1983-03-18",9.975
"1983-03-19",9.8399
"1983-03-20",10.4197
"1983-03-21",9.21
"1983-03-22",9.0304
"1983-03-23",8.6553
"1983-03-24",8.8802
"1983-03-25",7.8247
"1983-03-26",6.4598
"1983-03-27",7.1602
"1983-03-28",7.5448
"1983-03-29",9.2301
"1983-03-30",8.5399
"1983-03-31",9.4625
"1983-04-01",8.4277
"1983-04-02",6.7077
"1983-04-03",6.083
"1983-04-04",8.3975
"1983-04-05",9.9428
"1983-04-06",11.2579
"1983-04-07",9.1474
"1983-04-08",7.3681
"1983-04-09",5.8827
"1983-04-10",5.9777
"1983-04-11",6.3925
"1983-04-12",6.6179
"1983-04-13",9.3226
"1983-04-14",10.018
"1983-04-15",12.3077
"1983-04-16",14.2081
"1983-04-17",15.5381
"1983-04-18",14.2777
"1983-04-19",13.0474
"1983-04-20",13.4678
"1983-04-21",11.9929
"1983-04-22",11.7226
"1983-04-23",11.2424
"1983-04-24",9.2075
"1983-04-25",9.0877
"1983-04-26",9.833
"1983-04-27",12.7732
"1983-04-28",14.1579
"1983-04-29",13.3824
"1983-04-30",13.6615
"1983-05-01",11.2967
"1983-05-02",10.507
"1983-05-03",11.1561
"1983-05-04",10.8466
"1983-05-05",11.6419
"1983-05-06",9.8267
"1983-05-07",9.5166
"1983-05-08",8.0767
"1983-05-09",8.1217
"1983-05-10",10.1915
"1983-05-11",13.0464
"1983-05-12",14.1615
"1983-05-13",13.4719
"1983-05-14",9.4716
"1983-05-15",10.1666
"1983-05-16",12.8312
"1983-05-17",13.5366
"1983-05-18",14.0019
"1983-05-19",14.712
"1983-05-20",17.8116
"1983-05-21",15.5315
"1983-05-22",17.7166
"1983-05-23",21.5668
"1983-05-24",18.2917
"1983-05-25",16.7419
"1983-05-26",18.2864
"1983-05-27",21.0913
"1983-05-28",24.1069
"1983-05-29",18.5665
"1983-05-30",15.9567
"1983-05-31",13.2854
"1983-06-01",13.8206
"1983-06-02",12.9706
"1983-06-03",13.1851
"1983-06-04",13.9702
"1983-06-05",15.8402
"1983-06-06",17.9455
"1983-06-07",20.1658
"1983-06-08",17.8804
"1983-06-09",14.9202
"1983-06-10",14.3404
"1983-06-11",12.9754
"1983-06-12",14.6603
"1983-06-13",17.2159
"1983-06-14",17.3607
"1983-06-15",15.5102
"1983-06-16",17.4754
"1983-06-17",14.6554
"1983-06-18",11.9156
"1983-06-19",13.2004
"1983-06-20",13.8653
"1983-06-21",14.8454
"1983-06-22",15.6857
"1983-06-23",12.2907
"1983-06-24",13.9052
"1983-06-25",15.3956
"1983-06-26",15.9005
"1983-06-27",18.1506
"1983-06-28",16.8006
"1983-06-29",15.0957
"1983-06-30",13.413
"1983-07-01",15.0629
"1983-07-02",14.2732
"1983-07-03",16.5582
"1983-07-04",18.1031
"1983-07-05",17.7882
"1983-07-06",15.5779
"1983-07-07",12.8077
"1983-07-08",13.4726
"1983-07-09",15.5625
"1983-07-10",18.7281
"1983-07-11",21.0977
"1983-07-12",18.7876
"1983-07-13",17.8729
"1983-07-14",14.0628
"1983-07-15",14.7279
"1983-07-16",16.1278
"1983-07-17",17.983
"1983-07-18",18.8179
"1983-07-19",18.9484
"1983-07-20",17.7378
"1983-07-21",19.7976
"1983-07-22",20.6178
"1983-07-23",19.3184
"1983-07-24",17.608
"1983-07-25",17.9375
"1983-07-26",17.393
"1983-07-27",16.523
"1983-07-28",19.323
"1983-07-29",19.8981
"1983-07-30",21.8535
"1983-07-31",20.0228
"1983-08-01",19.743
"1983-08-02",16.3132
"1983-08-03",19.188
"1983-08-04",18.2829
"1983-08-05",19.4685
"1983-08-06",21.4376
"1983-08-07",22.3679
"1983-08-08",19.7927
"1983-08-09",19.3028
"1983-08-10",18.6077
"1983-08-11",17.9782
"1983-08-12",20.3276
"1983-08-13",23.083
"1983-08-14",21.473
"1983-08-15",19.6381
"1983-08-16",18.8776
"1983-08-17",19.7633
"1983-08-18",20.0883
"1983-08-19",19.1574
"1983-08-20",18.9226
"1983-08-21",19.0381
"1983-08-22",17.1875
"1983-08-23",17.3029
"1983-08-24",17.7729
"1983-08-25",17.8829
"1983-08-26",18.3129
"1983-08-27",19.6728
"1983-08-28",16.2127
"1983-08-29",13.8931
"1983-08-30",19.183
"1983-08-31",18.8818
"1983-09-01",15.4219
"1983-09-02",16.2766
"1983-09-03",17.947
"1983-09-04",17.9172
"1983-09-05",14.8168
"1983-09-06",15.0168
"1983-09-07",14.3969
"1983-09-08",12.2166
"1983-09-09",13.2668
"1983-09-10",12.8568
"1983-09-11",18.0366
"1983-09-12",17.7719
"1983-09-13",18.3616
"1983-09-14",16.4117
"1983-09-15",16.1016
"1983-09-16",14.4719
"1983-09-17",13.672
"1983-09-18",11.572
"1983-09-19",12.1665
"1983-09-20",14.2021
"1983-09-21",17.397
"1983-09-22",18.102
"1983-09-23",15.2064
"1983-09-24",16.8762
"1983-09-25",17.9668
"1983-09-26",15.2919
"1983-09-27",11.6668
"1983-09-28",10.8369
"1983-09-29",10.9219
"1983-09-30",11.6448
"1983-10-01",13.0249
"1983-10-02",11.3155
"1983-10-03",13.4447
"1983-10-04",13.6301
"1983-10-05",11.0258
"1983-10-06",10.9456
"1983-10-07",9.5303
"1983-10-08",10.5202
"1983-10-09",10.2453
"1983-10-10",12.4899
"1983-10-11",13.6203
"1983-10-12",12.4905
"1983-10-13",9.9148
"1983-10-14",9.3701
"1983-10-15",8.8506
"1983-10-16",8.9851
"1983-10-17",11.23
"1983-10-18",9.9455
"1983-10-19",10.0998
"1983-10-20",12.7101
"1983-10-21",11.4951
"1983-10-22",11.0954
"1983-10-23",10.7801
"1983-10-24",11.1251
"1983-10-25",13.9101
"1983-10-26",13.3653
"1983-10-27",12.5657
"1983-10-28",12.9852
"1983-10-29",14.165
"1983-10-30",11.6349
"1983-10-31",12.2758
"1983-11-01",12.2257
"1983-11-02",12.5605
"1983-11-03",12.8754
"1983-11-04",11.1857
"1983-11-05",8.6254
"1983-11-06",9.4556
"1983-11-07",8.3856
"1983-11-08",7.7057
"1983-11-09",7.5058
"1983-11-10",9.6807
"1983-11-11",9.9103
"1983-11-12",9.0952
"1983-11-13",8.8507
"1983-11-14",8.3151
"1983-11-15",10.511
"1983-11-16",8.4308
"1983-11-17",8.5508
"1983-11-18",8.0207
"1983-11-19",8.6955
"1983-11-20",6.4453
"1983-11-21",5.4907
"1983-11-22",5.0012
"1983-11-23",7.1353
"1983-11-24",8.3807
"1983-11-25",6.2158
"1983-11-26",6.8459
"1983-11-27",9.1554
"1983-11-28",8.9654
"1983-11-29",5.0108
"1983-11-30",2.0118
"1983-12-01",4.0263
"1983-12-02",4.6814
"1983-12-03",4.727
"1983-12-04",2.4963
"1983-12-05",3.0867
"1983-12-06",5.062
"1983-12-07",7.6914
"1983-12-08",6.8167
"1983-12-09",7.7464
"1983-12-10",6.3362
"1983-12-11",4.3719
"1983-12-12",3.7919
"1983-12-13",8.0664
"1983-12-14",8.9821
"1983-12-15",5.347
"1983-12-16",3.8763
"1983-12-17",5.4121
"1983-12-18",3.9814
"1983-12-19",1.8771
"1983-12-20",-0.228
"1983-12-21",-4.0035
"1983-12-22",-6.2879
"1983-12-23",-9.3932
"1983-12-24",-7.7682
"1983-12-25",-0.1085
"1983-12-26",1.8068
"1983-12-27",1.8168
"1983-12-28",-0.6282
"1983-12-29",4.1967
"1983-12-30",7.2818
"1983-12-31",5.9513
"1984-01-01",4.6262
"1984-01-02",5.6213
"1984-01-03",10.4409
"1984-01-04",13.1064
"1984-01-05",11.2209
"1984-01-06",10.2411
"1984-01-07",7.0865
"1984-01-08",6.6562
"1984-01-09",6.8364
"1984-01-10",5.8415
"1984-01-11",6.1863
"1984-01-12",3.2616
"1984-01-13",2.0213
"1984-01-14",-0.1135
"1984-01-15",-0.3687
"1984-01-16",0.0962
"1984-01-17",-0.9038
"1984-01-18",-0.4589
"1984-01-19",2.5863
"1984-01-20",1.1261
"1984-01-21",4.6013
"1984-01-22",5.9716
"1984-01-23",4.3061
"1984-01-24",8.4318
"1984-01-25",6.8512
"1984-01-26",5.0014
"1984-01-27",8.741
"1984-01-28",7.1764
"1984-01-29",7.3013
"1984-01-30",6.8114
"1984-01-31",8.1736
"1984-02-01",5.6538
"1984-02-02",5.6889
"1984-02-03",8.1994
"1984-02-04",9.8338
"1984-02-05",8.9487
"1984-02-06",10.1692
"1984-02-07",10.2993
"1984-02-08",7.529
"1984-02-09",6.1239
"1984-02-10",5.3738
"1984-02-11",6.7638
"1984-02-12",9.299
"1984-02-13",6.759
"1984-02-14",5.6339
"1984-02-15",6.9787
"1984-02-16",5.109
"1984-02-17",5.8592
"1984-02-18",5.124
"1984-02-19",8.0394
"1984-02-20",9.0238
"1984-02-21",4.7943
"1984-02-22",4.0589
"1984-02-23",5.6487
"1984-02-24",4.989
"1984-02-25",5.3441
"1984-02-26",5.6441
"1984-02-27",9.5392
"1984-02-28",7.5038
"1984-02-29",8.68
"1984-03-01",9.1757
"1984-03-02",8.34
"1984-03-03",7.6901
"1984-03-04",9.3153
"1984-03-05",11.1755
"1984-03-06",13.0702
"1984-03-07",12.9157
"1984-03-08",13.1605
"1984-03-09",12.7804
"1984-03-10",10.55
"1984-03-11",9.2353
"1984-03-12",6.9557
"1984-03-13",9.9654
"1984-03-14",9.5755
"1984-03-15",8.9198
"1984-03-16",9.6702
"1984-03-17",7.6454
"1984-03-18",8.2404
"1984-03-19",11.81
"1984-03-20",13.0101
"1984-03-21",8.2001
"1984-03-22",9.6603
"1984-03-23",9.8406
"1984-03-24",6.8702
"1984-03-25",6.7106
"1984-03-26",10.0399
"1984-03-27",8.3402
"1984-03-28",8.5153
"1984-03-29",9.1708
"1984-03-30",9.3204
"1984-03-31",10.3702
"1984-04-01",9.1957
"1984-04-02",9.1408
"1984-04-03",9.6255
"1984-04-04",9.1901
"1984-04-05",8.9754
"1984-04-06",7.4554
"1984-04-07",9.5204
"1984-04-08",8.5305
"1984-04-09",6.736
"1984-04-10",7.6506
"1984-04-11",7.0302
"1984-04-12",7.4351
"1984-04-13",9.7953
"1984-04-14",16.6206
"1984-04-15",12.9307
"1984-04-16",9.6555
"1984-04-17",9.4657
"1984-04-18",10.1254
"1984-04-19",8.6806
"1984-04-20",9.8403
"1984-04-21",9.7305
"1984-04-22",12.0902
"1984-04-23",9.3908
"1984-04-24",5.6655
"1984-04-25",6.6608
"1984-04-26",8.4954
"1984-04-27",10.0652
"1984-04-28",8.97
"1984-04-29",9.121
"1984-04-30",11.2334
"1984-05-01",10.7836
"1984-05-02",9.354
"1984-05-03",9.5435
"1984-05-04",8.5185
"1984-05-05",8.3636
"1984-05-06",10.5493
"1984-05-07",12.4886
"1984-05-08",13.5538
"1984-05-09",10.4443
"1984-05-10",9.2138
"1984-05-11",12.9636
"1984-05-12",15.154
"1984-05-13",13.4639
"1984-05-14",9.3737
"1984-05-15",9.3036
"1984-05-16",11.0333
"1984-05-17",13.1885
"1984-05-18",15.1483
"1984-05-19",14.389
"1984-05-20",11.4792
"1984-05-21",9.364
"1984-05-22",12.1639
"1984-05-23",12.0287
"1984-05-24",8.8439
"1984-05-25",11.5137
"1984-05-26",14.7434
"1984-05-27",15.6335
"1984-05-28",19.9085
"1984-05-29",20.3034
"1984-05-30",12.8935
"1984-05-31",10.8401
"1984-06-01",12.6499
"1984-06-02",13.7896
"1984-06-03",13.6201
"1984-06-04",12.9251
"1984-06-05",12.4147
"1984-06-06",12.4254
"1984-06-07",13.0497
"1984-06-08",10.2205
"1984-06-09",10.7654
"1984-06-10",13.2751
"1984-06-11",14.2654
"1984-06-12",16.0645
"1984-06-13",15.7501
"1984-06-14",17.7955
"1984-06-15",15.4248
"1984-06-16",13.3402
"1984-06-17",14.4701
"1984-06-18",15.6203
"1984-06-19",16.3455
"1984-06-20",10.915
"1984-06-21",15.7548
"1984-06-22",17.035
"1984-06-23",18.0597
"1984-06-24",18.4953
"1984-06-25",17.9152
"1984-06-26",15.3901
"1984-06-27",19.6846
"1984-06-28",18.3599
"1984-06-29",14.295
"1984-06-30",15.1774
"1984-07-01",18.407
"1984-07-02",19.8923
"1984-07-03",20.2672
"1984-07-04",21.4869
"1984-07-05",19.8471
"1984-07-06",15.6072
"1984-07-07",15.8924
"1984-07-08",17.092
"1984-07-09",17.4323
"1984-07-10",17.8222
"1984-07-11",15.7027
"1984-07-12",16.0822
"1984-07-13",17.9122
"1984-07-14",20.257
"1984-07-15",22.957
"1984-07-16",24.867
"1984-07-17",22.6871
"1984-07-18",19.7926
"1984-07-19",18.0071
"1984-07-20",16.5724
"1984-07-21",16.4675
"1984-07-22",19.5371
"1984-07-23",18.1771
"1984-07-24",22.9824
"1984-07-25",18.2925
"1984-07-26",18.7122
"1984-07-27",17.6172
"1984-07-28",19.5921
"1984-07-29",19.7971
"1984-07-30",21.4776
"1984-07-31",19.3124
"1984-08-01",17.2526
"1984-08-02",17.4373
"1984-08-03",17.5119
"1984-08-04",18.347
"1984-08-05",15.3971
"1984-08-06",18.6123
"1984-08-07",21.2674
"1984-08-08",23.1269
"1984-08-09",22.4321
"1984-08-10",19.3225
"1984-08-11",18.1626
"1984-08-12",15.6868
"1984-08-13",17.3672
"1984-08-14",18.8473
"1984-08-15",19.2875
"1984-08-16",19.1072
"1984-08-17",20.1424
"1984-08-18",18.917
"1984-08-19",18.6121
"1984-08-20",19.3419
"1984-08-21",17.9176
"1984-08-22",18.0275
"1984-08-23",18.1023
"1984-08-24",17.9972
"1984-08-25",20.5524
"1984-08-26",22.7525
"1984-08-27",18.1426
"1984-08-28",18.0323
"1984-08-29",16.3522
"1984-08-30",16.9575
"1984-08-31",14.482
"1984-09-01",17.5418
"1984-09-02",17.4774
"1984-09-03",16.3368
"1984-09-04",18.3269
"1984-09-05",15.7467
"1984-09-06",13.7021
"1984-09-07",16.6071
"1984-09-08",16.7371
"1984-09-09",16.6665
"1984-09-10",15.4665
"1984-09-11",12.7115
"1984-09-12",14.2468
"1984-09-13",16.4822
"1984-09-14",19.152
"1984-09-15",18.3471
"1984-09-16",17.7723
"1984-09-17",19.4169
"1984-09-18",19.2316
"1984-09-19",21.267
"1984-09-20",15.7517
"1984-09-21",12.3715
"1984-09-22",10.6619
"1984-09-23",12.0866
"1984-09-24",11.5418
"1984-09-25",13.2217
"1984-09-26",14.467
"1984-09-27",15.8115
"1984-09-28",16.4765
"1984-09-29",16.6924
"1984-09-30",14.3767
"1984-10-01",13.8365
"1984-10-02",15.002
"1984-10-03",16.1166
"1984-10-04",14.4266
"1984-10-05",13.4213
"1984-10-06",15.4718
"1984-10-07",14.6868
"1984-10-08",13.6217
"1984-10-09",11.8863
"1984-10-10",11.7467
"1984-10-11",10.1564
"1984-10-12",10.4014
"1984-10-13",9.8516
"1984-10-14",8.5362
"1984-10-15",7.5466
"1984-10-16",7.2265
"1984-10-17",6.8171
"1984-10-18",6.6167
"1984-10-19",9.9216
"1984-10-20",8.9422
"1984-10-21",8.0966
"1984-10-22",8.4121
"1984-10-23",8.8563
"1984-10-24",11.2611
"1984-10-25",11.2418
"1984-10-26",8.4365
"1984-10-27",6.5963
"1984-10-28",6.4215
"1984-10-29",5.7467
"1984-10-30",5.642
"1984-10-31",5.6511
"1984-11-01",6.3859
"1984-11-02",9.9161
"1984-11-03",8.1709
"1984-11-04",9.1712
"1984-11-05",7.9212
"1984-11-06",9.4508
"1984-11-07",7.9714
"1984-11-08",7.2408
"1984-11-09",6.4759
"1984-11-10",6.8409
"1984-11-11",9.0061
"1984-11-12",9.5664
"1984-11-13",8.4861
"1984-11-14",7.7561
"1984-11-15",8.1666
"1984-11-16",9.0414
"1984-11-17",7.5612
"1984-11-18",8.081
"1984-11-19",6.781
"1984-11-20",6.2212
"1984-11-21",5.6862
"1984-11-22",4.7862
"1984-11-23",6.501
"1984-11-24",4.096
"1984-11-25",3.6713
"1984-11-26",3.8558
"1984-11-27",7.056
"1984-11-28",5.8863
"1984-11-29",5.5256
"1984-11-30",3.9001
"1984-12-01",3.5246
"1984-12-02",3.475
"1984-12-03",4.93
"1984-12-04",2.8599
"1984-12-05",2.7396
"1984-12-06",4.2546
"1984-12-07",5.7343
"1984-12-08",6.4348
"1984-12-09",5.3744
"1984-12-10",3.6043
"1984-12-11",2.4396
"1984-12-12",3.6348
"1984-12-13",4.3796
"1984-12-14",5.2343
"1984-12-15",2.5792
"1984-12-16",2.2647
"1984-12-17",2.2349
"1984-12-18",-1.9807
"1984-12-19",-2.8001
"1984-12-20",-1.8153
"1984-12-21",2.8193
"1984-12-22",4.5547
"1984-12-23",5.5948
"1984-12-24",2.9497
"1984-12-25",3.1242
"1984-12-26",4.0749
"1984-12-27",2.7446
"1984-12-28",2.1242
"1984-12-29",3.4795
"1984-12-30",5.3648
"1984-12-31",-0.0213
"1985-01-01",0.268
"1985-01-02",1.8635
"1985-01-03",1.2081
"1985-01-04",1.4781
"1985-01-05",3.1984
"1985-01-06",1.3385
"1985-01-07",2.6333
"1985-01-08",3.4234
"1985-01-09",2.8437
"1985-01-10",2.4587
"1985-01-11",1.3532
"1985-01-12",1.2888
"1985-01-13",1.9684
"1985-01-14",3.5285
"1985-01-15",2.8883
"1985-01-16",4.6139
"1985-01-17",7.0883
"1985-01-18",5.9135
"1985-01-19",3.3787
"1985-01-20",2.3588
"1985-01-21",1.6036
"1985-01-22",3.0634
"1985-01-23",2.4585
"1985-01-24",1.7532
"1985-01-25",-0.2167
"1985-01-26",0.1382
"1985-01-27",0.0384
"1985-01-28",-0.3815
"1985-01-29",-0.9615
"1985-01-30",-1.1867
"1985-01-31",2.8381
"1985-02-01",2.1028
"1985-02-02",1.9482
"1985-02-03",-0.2821
"1985-02-04",-2.9714
"1985-02-05",0.2732
"1985-02-06",3.1834
"1985-02-07",2.0683
"1985-02-08",2.5485
"1985-02-09",2.9029
"1985-02-10",3.9985
"1985-02-11",5.5086
"1985-02-12",6.0487
"1985-02-13",6.1328
"1985-02-14",6.4132
"1985-02-15",6.7581
"1985-02-16",3.978
"1985-02-17",4.4379
"1985-02-18",5.833
"1985-02-19",4.8434
"1985-02-20",5.8036
"1985-02-21",7.4831
"1985-02-22",9.7434
"1985-02-23",9.9834
"1985-02-24",7.1138
"1985-02-25",4.6082
"1985-02-26",5.1179
"1985-02-27",7.4179
"1985-02-28",8.443
"1985-03-01",6.458
"1985-03-02",3.8822
"1985-03-03",4.1877
"1985-03-04",3.6571
"1985-03-05",3.6877
"1985-03-06",4.4226
"1985-03-07",4.0723
"1985-03-08",6.7621
"1985-03-09",9.6024
"1985-03-10",10.6922
"1985-03-11",7.7677
"1985-03-12",5.5671
"1985-03-13",6.7725
"1985-03-14",7.3378
"1985-03-15",8.038
"1985-03-16",8.0324
"1985-03-17",8.8576
"1985-03-18",8.9131
"1985-03-19",6.7827
"1985-03-20",7.8372
"1985-03-21",4.5678
"1985-03-22",5.1026
"1985-03-23",8.3929
"1985-03-24",5.0626
"1985-03-25",4.2323
"1985-03-26",5.3774
"1985-03-27",5.5428
"1985-03-28",5.9828
"1985-03-29",5.5222
"1985-03-30",7.8775
"1985-03-31",12.2935
"1985-04-01",15.8933
"1985-04-02",15.3633
"1985-04-03",11.0932
"1985-04-04",10.8282
"1985-04-05",12.6439
"1985-04-06",15.0735
"1985-04-07",14.5084
"1985-04-08",14.5484
"1985-04-09",16.2983
"1985-04-10",10.5535
"1985-04-11",12.9181
"1985-04-12",14.4689
"1985-04-13",15.4884
"1985-04-14",14.8536
"1985-04-15",13.0733
"1985-04-16",9.1138
"1985-04-17",9.0582
"1985-04-18",8.1788
"1985-04-19",6.1038
"1985-04-20",6.3281
"1985-04-21",8.4634
"1985-04-22",7.7785
"1985-04-23",8.0039
"1985-04-24",7.7638
"1985-04-25",5.9286
"1985-04-26",8.9788
"1985-04-27",14.2935
"1985-04-28",11.3888
"1985-04-29",11.5391
"1985-04-30",13.7945
"1985-05-01",16.3293
"1985-05-02",14.8146
"1985-05-03",9.9288
"1985-05-04",10.3244
"1985-05-05",10.7288
"1985-05-06",9.3844
"1985-05-07",9.5742
"1985-05-08",8.8491
"1985-05-09",9.9795
"1985-05-10",10.0794
"1985-05-11",7.979
"1985-05-12",10.199
"1985-05-13",10.5844
"1985-05-14",10.664
"1985-05-15",14.8492
"1985-05-16",19.8741
"1985-05-17",14.579
"1985-05-18",15.1041
"1985-05-19",13.6443
"1985-05-20",14.5237
"1985-05-21",17.2141
"1985-05-22",17.1395
"1985-05-23",17.3791
"1985-05-24",16.814
"1985-05-25",15.8991
"1985-05-26",15.0742
"1985-05-27",13.5192
"1985-05-28",12.0138
"1985-05-29",10.4791
"1985-05-30",13.2691
"1985-05-31",12.7155
"1985-06-01",12.6506
"1985-06-02",15.6951
"1985-06-03",16.3402
"1985-06-04",15.7948
"1985-06-05",15.2651
"1985-06-06",16.6502
"1985-06-07",16.3706
"1985-06-08",15.0105
"1985-06-09",15.625
"1985-06-10",17.3955
"1985-06-11",19.8955
"1985-06-12",18.9402
"1985-06-13",15.5401
"1985-06-14",17.9052
"1985-06-15",18.2957
"1985-06-16",16.3001
"1985-06-17",22.5001
"1985-06-18",24.2899
"1985-06-19",22.3351
"1985-06-20",17.7104
"1985-06-21",17.5052
"1985-06-22",16.0505
"1985-06-23",12.4707
"1985-06-24",12.6349
"1985-06-25",15.7404
"1985-06-26",16.7955
"1985-06-27",14.6051
"1985-06-28",15.3454
"1985-06-29",14.5255
"1985-06-30",16.1571
"1985-07-01",19.2469
"1985-07-02",21.0316
"1985-07-03",19.9918
"1985-07-04",18.8818
"1985-07-05",17.7218
"1985-07-06",19.5071
"1985-07-07",19.527
"1985-07-08",21.4771
"1985-07-09",22.8919
"1985-07-10",20.6467
"1985-07-11",21.2868
"1985-07-12",21.0919
"1985-07-13",19.4921
"1985-07-14",19.8765
"1985-07-15",19.7021
"1985-07-16",20.1216
"1985-07-17",21.5218
"1985-07-18",24.1121
"1985-07-19",25.2572
"1985-07-20",23.2565
"1985-07-21",21.0318
"1985-07-22",21.0219
"1985-07-23",21.597
"1985-07-24",21.1268
"1985-07-25",21.2917
"1985-07-26",23.492
"1985-07-27",24.4665
"1985-07-28",24.4165
"1985-07-29",22.6868
"1985-07-30",17.2067
"1985-07-31",17.2275
"1985-08-01",16.1723
"1985-08-02",18.242
"1985-08-03",19.9922
"1985-08-04",18.4723
"1985-08-05",18.8367
"1985-08-06",17.2571
"1985-08-07",16.1975
"1985-08-08",16.4723
"1985-08-09",17.762
"1985-08-10",17.4719
"1985-08-11",18.9974
"1985-08-12",20.4624
"1985-08-13",22.3718
"1985-08-14",22.1869
"1985-08-15",18.9021
"1985-08-16",21.0321
"1985-08-17",20.0667
"1985-08-18",17.0272
"1985-08-19",17.3671
"1985-08-20",14.4222
"1985-08-21",16.9922
"1985-08-22",19.417
"1985-08-23",22.9922
"1985-08-24",20.8469
"1985-08-25",22.3022
"1985-08-26",18.9172
"1985-08-27",16.4275
"1985-08-28",15.8274
"1985-08-29",15.8318
"1985-08-30",15.5225
"1985-08-31",15.242
"1985-09-01",12.5119
"1985-09-02",15.6668
"1985-09-03",17.3217
"1985-09-04",17.0766
"1985-09-05",15.4822
"1985-09-06",14.4971
"1985-09-07",12.8616
"1985-09-08",13.3569
"1985-09-09",13.247
"1985-09-10",12.1669
"1985-09-11",12.2819
"1985-09-12",11.8166
"1985-09-13",12.0267
"1985-09-14",13.1664
"1985-09-15",13.4419
"1985-09-16",11.8016
"1985-09-17",11.8065
"1985-09-18",13.2513
"1985-09-19",12.9668
"1985-09-20",14.4568
"1985-09-21",14.592
"1985-09-22",15.4968
"1985-09-23",16.7918
"1985-09-24",17.6767
"1985-09-25",20.2019
"1985-09-26",18.7566
"1985-09-27",15.6417
"1985-09-28",16.3618
"1985-09-29",13.6519
"1985-09-30",13.8814
"1985-10-01",15.7115
"1985-10-02",13.7816
"1985-10-03",15.8716
"1985-10-04",17.1517
"1985-10-05",19.1866
"1985-10-06",13.7268
"1985-10-07",11.2513
"1985-10-08",6.4217
"1985-10-09",5.9564
"1985-10-10",8.0066
"1985-10-11",10.0267
"1985-10-12",8.9215
"1985-10-13",9.6315
"1985-10-14",11.4967
"1985-10-15",14.407
"1985-10-16",11.9363
"1985-10-17",11.0964
"1985-10-18",12.1712
"1985-10-19",10.3869
"1985-10-20",10.4566
"1985-10-21",7.5316
"1985-10-22",9.2517
"1985-10-23",10.5514
"1985-10-24",12.1566
"1985-10-25",11.2115
"1985-10-26",9.4815
"1985-10-27",11.6015
"1985-10-28",7.2669
"1985-10-29",5.3868
"1985-10-30",7.4569
"1985-10-31",5.1707
"1985-11-01",9.9508
"1985-11-02",12.2405
"1985-11-03",10.4304
"1985-11-04",7.0455
"1985-11-05",4.8156
"1985-11-06",8.3008
"1985-11-07",7.2108
"1985-11-08",3.8954
"1985-11-09",3.2807
"1985-11-10",2.3357
"1985-11-11",0.0053
"1985-11-12",0.0655
"1985-11-13",2.416
"1985-11-14",3.2255
"1985-11-15",4.6656
"1985-11-16",5.2304
"1985-11-17",3.5007
"1985-11-18",2.8204
"1985-11-19",3.1059
"1985-11-20",0.8207
"1985-11-21",0.6403
"1985-11-22",-0.2442
"1985-11-23",-1.6194
"1985-11-24",-2.6144
"1985-11-25",-1.1291
"1985-11-26",1.1854
"1985-11-27",1.7957
"1985-11-28",0.846
"1985-11-29",-1.3995
"1985-11-30",-4.4116
"1985-12-01",-4.3418
"1985-12-02",-1.2515
"1985-12-03",1.3384
"1985-12-04",4.6936
"1985-12-05",5.8183
"1985-12-06",3.5185
"1985-12-07",3.6385
"1985-12-08",2.3336
"1985-12-09",0.0187
"1985-12-10",-1.9366
"1985-12-11",-2.5511
"1985-12-12",-1.5016
"1985-12-13",0.0536
"1985-12-14",0.2387
"1985-12-15",0.0482
"1985-12-16",1.9984
"1985-12-17",3.3383
"1985-12-18",3.3485
"1985-12-19",2.1837
"1985-12-20",1.9234
"1985-12-21",2.093
"1985-12-22",3.0632
"1985-12-23",2.6732
"1985-12-24",3.7436
"1985-12-25",3.5084
"1985-12-26",1.5081
"1985-12-27",0.3937
"1985-12-28",0.4834
"1985-12-29",0.1832
"1985-12-30",-0.0815
"1985-12-31",2.7629
"1986-01-01",3.7774
"1986-01-02",3.0076
"1986-01-03",5.2679
"1986-01-04",3.2881
"1986-01-05",6.6525
"1986-01-06",4.823
"1986-01-07",7.6627
"1986-01-08",8.1231
"1986-01-09",8.8426
"1986-01-10",7.8479
"1986-01-11",7.5422
"1986-01-12",8.3979
"1986-01-13",6.6826
"1986-01-14",5.7624
"1986-01-15",6.2775
"1986-01-16",8.4875
"1986-01-17",6.0327
"1986-01-18",10.0325
"1986-01-19",7.2526
"1986-01-20",4.8928
"1986-01-21",4.0128
"1986-01-22",6.1176
"1986-01-23",4.7875
"1986-01-24",4.2626
"1986-01-25",5.2927
"1986-01-26",5.7928
"1986-01-27",7.4129
"1986-01-28",6.9424
"1986-01-29",7.5776
"1986-01-30",9.1877
"1986-01-31",10.7285
"1986-02-01",8.3487
"1986-02-02",7.9088
"1986-02-03",6.3538
"1986-02-04",6.6638
"1986-02-05",3.8738
"1986-02-06",3.1286
"1986-02-07",2.2188
"1986-02-08",2.1835
"1986-02-09",3.6236
"1986-02-10",3.5486
"1986-02-11",2.8788
"1986-02-12",0.3138
"1986-02-13",6.0884
"1986-02-14",6.3938
"1986-02-15",8.2085
"1986-02-16",6.864
"1986-02-17",7.3933
"1986-02-18",5.0786
"1986-02-19",3.3636
"1986-02-20",5.4585
"1986-02-21",5.5885
"1986-02-22",10.0539
"1986-02-23",11.4183
"1986-02-24",13.3435
"1986-02-25",11.6787
"1986-02-26",12.9936
"1986-02-27",13.8689
"1986-02-28",11.602
"1986-03-01",11.3077
"1986-03-02",11.9769
"1986-03-03",13.2975
"1986-03-04",13.5623
"1986-03-05",12.8569
"1986-03-06",12.3122
"1986-03-07",11.5471
"1986-03-08",9.9775
"1986-03-09",9.6321
"1986-03-10",10.4726
"1986-03-11",9.3919
"1986-03-12",8.1073
"1986-03-13",6.5975
"1986-03-14",6.1323
"1986-03-15",9.0525
"1986-03-16",8.2426
"1986-03-17",7.0769
"1986-03-18",8.6775
"1986-03-19",12.7669
"1986-03-20",14.3022
"1986-03-21",9.5923
"1986-03-22",8.3819
"1986-03-23",9.0771
"1986-03-24",7.7022
"1986-03-25",8.1072
"1986-03-26",11.4924
"1986-03-27",11.6923
"1986-03-28",15.0726
"1986-03-29",14.0472
"1986-03-30",9.7921
"1986-03-31",8.5042
"1986-04-01",7.9495
"1986-04-02",7.8441
"1986-04-03",8.2789
"1986-04-04",8.0991
"1986-04-05",10.0641
"1986-04-06",12.0944
"1986-04-07",13.499
"1986-04-08",11.3691
"1986-04-09",10.2192
"1986-04-10",7.8288
"1986-04-11",7.749
"1986-04-12",7.5337
"1986-04-13",8.1939
"1986-04-14",10.3991
"1986-04-15",9.724
"1986-04-16",9.5194
"1986-04-17",9.1544
"1986-04-18",9.6287
"1986-04-19",13.0239
"1986-04-20",15.6695
"1986-04-21",16.9889
"1986-04-22",9.189
"1986-04-23",7.3995
"1986-04-24",6.9993
"1986-04-25",7.4139
"1986-04-26",8.2241
"1986-04-27",10.6888
"1986-04-28",7.6739
"1986-04-29",8.1692
"1986-04-30",10.3227
"1986-05-01",12.2624
"1986-05-02",12.3575
"1986-05-03",11.793
"1986-05-04",11.4777
"1986-05-05",9.1476
"1986-05-06",9.5475
"1986-05-07",10.4626
"1986-05-08",12.3676
"1986-05-09",9.558
"1986-05-10",7.6578
"1986-05-11",9.1079
"1986-05-12",10.6429
"1986-05-13",11.808
"1986-05-14",10.3133
"1986-05-15",11.0029
"1986-05-16",12.778
"1986-05-17",15.5928
"1986-05-18",15.8481
"1986-05-19",16.4633
"1986-05-20",12.388
"1986-05-21",10.1678
"1986-05-22",11.2931
"1986-05-23",14.1925
"1986-05-24",15.8278
"1986-05-25",19.6079
"1986-05-26",17.623
"1986-05-27",17.9429
"1986-05-28",17.6779
"1986-05-29",19.2425
"1986-05-30",21.5728
"1986-05-31",20.4137
"1986-06-01",19.8281
"1986-06-02",21.088
"1986-06-03",17.718
"1986-06-04",15.9131
"1986-06-05",15.7082
"1986-06-06",13.9834
"1986-06-07",15.0834
"1986-06-08",15.1584
"1986-06-09",17.963
"1986-06-10",20.9837
"1986-06-11",21.9931
"1986-06-12",23.0431
"1986-06-13",21.8134
"1986-06-14",15.9083
"1986-06-15",13.7183
"1986-06-16",15.4531
"1986-06-17",14.9236
"1986-06-18",14.3535
"1986-06-19",15.2435
"1986-06-20",14.9129
"1986-06-21",18.328
"1986-06-22",20.7831
"1986-06-23",21.5783
"1986-06-24",19.9683
"1986-06-25",19.3133
"1986-06-26",19.1732
"1986-06-27",20.3134
"1986-06-28",16.8384
"1986-06-29",16.5185
"1986-06-30",18.5127
"1986-07-01",19.0627
"1986-07-02",20.398
"1986-07-03",15.3877
"1986-07-04",13.0075
"1986-07-05",14.9527
"1986-07-06",18.0725
"1986-07-07",16.6878
"1986-07-08",17.5777
"1986-07-09",15.9621
"1986-07-10",17.2623
"1986-07-11",18.9176
"1986-07-12",16.6128
"1986-07-13",17.2779
"1986-07-14",15.6977
"1986-07-15",14.4422
"1986-07-16",13.7278
"1986-07-17",15.2278
"1986-07-18",16.0729
"1986-07-19",19.3374
"1986-07-20",20.5725
"1986-07-21",19.7578
"1986-07-22",18.2874
"1986-07-23",18.5377
"1986-07-24",18.6826
"1986-07-25",18.7674
"1986-07-26",16.5377
"1986-07-27",16.2575
"1986-07-28",17.9227
"1986-07-29",17.2727
"1986-07-30",18.9379
"1986-07-31",20.3582
"1986-08-01",22.2128
"1986-08-02",23.3727
"1986-08-03",21.363
"1986-08-04",19.8924
"1986-08-05",19.7675
"1986-08-06",20.6829
"1986-08-07",21.8428
"1986-08-08",22.1876
"1986-08-09",22.5181
"1986-08-10",19.4628
"1986-08-11",19.5627
"1986-08-12",20.3877
"1986-08-13",21.7777
"1986-08-14",23.8124
"1986-08-15",21.5977
"1986-08-16",20.798
"1986-08-17",18.1576
"1986-08-18",20.0225
"1986-08-19",20.8925
"1986-08-20",21.2233
"1986-08-21",19.6776
"1986-08-22",21.5627
"1986-08-23",18.5879
"1986-08-24",19.4379
"1986-08-25",22.7379
"1986-08-26",22.8079
"1986-08-27",21.4728
"1986-08-28",20.4577
"1986-08-29",18.5431
"1986-08-30",17.7075
"1986-08-31",18.3787
"1986-09-01",19.0543
"1986-09-02",19.8439
"1986-09-03",21.2342
"1986-09-04",21.0742
"1986-09-05",21.3642
"1986-09-06",21.799
"1986-09-07",15.7289
"1986-09-08",15.0537
"1986-09-09",15.5439
"1986-09-10",16.489
"1986-09-11",14.1842
"1986-09-12",13.7192
"1986-09-13",11.699
"1986-09-14",12.3941
"1986-09-15",11.9092
"1986-09-16",13.0944
"1986-09-17",12.2042
"1986-09-18",12.6941
"1986-09-19",13.7744
"1986-09-20",13.669
"1986-09-21",14.5592
"1986-09-22",14.2891
"1986-09-23",10.1688
"1986-09-24",10.7092
"1986-09-25",9.7894
"1986-09-26",10.5294
"1986-09-27",11.4146
"1986-09-28",10.9744
"1986-09-29",13.4643
"1986-09-30",10.8151
"1986-10-01",10.2498
"1986-10-02",10.9651
"1986-10-03",12.975
"1986-10-04",14.6102
"1986-10-05",17.3795
"1986-10-06",18.3398
"1986-10-07",16.5846
"1986-10-08",14.2099
"1986-10-09",13.7252
"1986-10-10",13.2446
"1986-10-11",14.2847
"1986-10-12",13.6099
"1986-10-13",11.9645
"1986-10-14",12.1198
"1986-10-15",12.98
"1986-10-16",11.2497
"1986-10-17",10.1598
"1986-10-18",11.0399
"1986-10-19",11.4851
"1986-10-20",11.9601
"1986-10-21",12.0597
"1986-10-22",12.5199
"1986-10-23",13.4251
"1986-10-24",12.6497
"1986-10-25",12.4293
"1986-10-26",13.5344
"1986-10-27",11.5096
"1986-10-28",9.9396
"1986-10-29",8.3448
"1986-10-30",9.5552
"1986-10-31",10.5279
"1986-11-01",10.7032
"1986-11-02",11.8826
"1986-11-03",12.6628
"1986-11-04",12.1032
"1986-11-05",9.6679
"1986-11-06",7.918
"1986-11-07",7.3527
"1986-11-08",6.7829
"1986-11-09",8.3979
"1986-11-10",3.8079
"1986-11-11",8.6378
"1986-11-12",9.4876
"1986-11-13",6.8779
"1986-11-14",8.3626
"1986-11-15",6.3629
"1986-11-16",6.2028
"1986-11-17",7.8428
"1986-11-18",9.8228
"1986-11-19",8.0231
"1986-11-20",9.603
"1986-11-21",7.5026
"1986-11-22",7.173
"1986-11-23",8.408
"1986-11-24",7.8479
"1986-11-25",4.6676
"1986-11-26",6.7724
"1986-11-27",8.0626
"1986-11-28",6.0278
"1986-11-29",4.9777
"1986-11-30",3.9293
"1986-12-01",4.4542
"1986-12-02",2.3551
"1986-12-03",3.9099
"1986-12-04",5.6047
"1986-12-05",5.6399
"1986-12-06",4.5696
"1986-12-07",2.3599
"1986-12-08",2.0846
"1986-12-09",1.9345
"1986-12-10",3.6647
"1986-12-11",3.2194
"1986-12-12",5.5797
"1986-12-13",4.9897
"1986-12-14",5.3999
"1986-12-15",4.2193
"1986-12-16",2.7094
"1986-12-17",3.7446
"1986-12-18",3.8847
"1986-12-19",5.9246
"1986-12-20",4.0047
"1986-12-21",7.3046
"1986-12-22",7.1547
"1986-12-23",5.6345
"1986-12-24",5.1396
"1986-12-25",4.5693
"1986-12-26",7.6597
"1986-12-27",5.5146
"1986-12-28",4.4148
"1986-12-29",5.53
"1986-12-30",4.0743
"1986-12-31",5.1692
"1987-01-01",6.1942
"1987-01-02",6.8041
"1987-01-03",6.3045
"1987-01-04",4.7739
"1987-01-05",3.5991
"1987-01-06",4.2243
"1987-01-07",2.2092
"1987-01-08",2.8445
"1987-01-09",3.4843
"1987-01-10",6.7144
"1987-01-11",7.5589
"1987-01-12",5.4896
"1987-01-13",2.8192
"1987-01-14",2.5548
"1987-01-15",-1.1908
"1987-01-16",-0.5857
"1987-01-17",0.2494
"1987-01-18",1.1248
"1987-01-19",1.2139
"1987-01-20",2.3939
"1987-01-21",5.0392
"1987-01-22",5.0941
"1987-01-23",5.1893
"1987-01-24",4.4596
"1987-01-25",6.8144
"1987-01-26",6.3691
"1987-01-27",6.9242
"1987-01-28",6.2592
"1987-01-29",6.3544
"1987-01-30",4.889
"1987-01-31",6.0305
"1987-02-01",7.8653
"1987-02-02",7.3553
"1987-02-03",5.945
"1987-02-04",8.7957
"1987-02-05",10.9905
"1987-02-06",10.0357
"1987-02-07",10.0756
"1987-02-08",12.2847
"1987-02-09",10.4756
"1987-02-10",10.6408
"1987-02-11",9.3155
"1987-02-12",8.0402
"1987-02-13",7.4206
"1987-02-14",6.7357
"1987-02-15",5.7953
"1987-02-16",4.7605
"1987-02-17",5.1754
"1987-02-18",5.3455
"1987-02-19",6.0703
"1987-02-20",6.5602
"1987-02-21",5.66
"1987-02-22",3.8901
"1987-02-23",3.5404
"1987-02-24",2.8457
"1987-02-25",2.6555
"1987-02-26",3.4599
"1987-02-27",4.2051
"1987-02-28",5.2657
"1987-03-01",8.2456
"1987-03-02",9.9755
"1987-03-03",13.1551
"1987-03-04",13.5255
"1987-03-05",11.4653
"1987-03-06",8.0604
"1987-03-07",7.226
"1987-03-08",8.6357
"1987-03-09",9.3303
"1987-03-10",11.4702
"1987-03-11",9.4907
"1987-03-12",11.7603
"1987-03-13",8.6158
"1987-03-14",7.3402
"1987-03-15",6.5107
"1987-03-16",7.7256
"1987-03-17",6.9502
"1987-03-18",6.0306
"1987-03-19",6.1907
"1987-03-20",6.6853
"1987-03-21",9.6803
"1987-03-22",8.4002
"1987-03-23",6.9506
"1987-03-24",8.4956
"1987-03-25",8.2708
"1987-03-26",5.8805
"1987-03-27",6.9708
"1987-03-28",8.076
"1987-03-29",10.4753
"1987-03-30",12.4905
"1987-03-31",16.0729
"1987-04-01",17.543
"1987-04-02",13.6276
"1987-04-03",10.2281
"1987-04-04",9.5628
"1987-04-05",9.8679
"1987-04-06",10.4479
"1987-04-07",12.2278
"1987-04-08",12.0029
"1987-04-09",12.3628
"1987-04-10",9.8729
"1987-04-11",8.2678
"1987-04-12",9.1632
"1987-04-13",13.2028
"1987-04-14",13.1329
"1987-04-15",13.3178
"1987-04-16",10.2632
"1987-04-17",8.5727
"1987-04-18",6.8279
"1987-04-19",7.7476
"1987-04-20",10.3575
"1987-04-21",13.5325
"1987-04-22",13.3981
"1987-04-23",13.008
"1987-04-24",11.6928
"1987-04-25",11.8731
"1987-04-26",16.8381
"1987-04-27",16.5482
"1987-04-28",14.2227
"1987-04-29",13.7979
"1987-04-30",12.9042
"1987-05-01",10.1791
"1987-05-02",11.1588
"1987-05-03",15.539
"1987-05-04",15.9641
"1987-05-05",17.959
"1987-05-06",22.6891
"1987-05-07",24.3242
"1987-05-08",23.669
"1987-05-09",18.4089
"1987-05-10",17.2196
"1987-05-11",16.5143
"1987-05-12",16.5438
"1987-05-13",15.8042
"1987-05-14",17.1393
"1987-05-15",15.0494
"1987-05-16",12.134
"1987-05-17",11.9093
"1987-05-18",10.0142
"1987-05-19",10.6041
"1987-05-20",12.654
"1987-05-21",14.1937
"1987-05-22",12.1941
"1987-05-23",12.5391
"1987-05-24",12.9842
"1987-05-25",12.8592
"1987-05-26",10.6542
"1987-05-27",11.5144
"1987-05-28",12.9991
"1987-05-29",12.8392
"1987-05-30",12.1493
"1987-05-31",12.6789
"1987-06-01",12.1735
"1987-06-02",16.5141
"1987-06-03",22.7834
"1987-06-04",19.7988
"1987-06-05",15.1536
"1987-06-06",16.8438
"1987-06-07",17.4838
"1987-06-08",15.7935
"1987-06-09",15.6789
"1987-06-10",16.2689
"1987-06-11",16.6739
"1987-06-12",18.2838
"1987-06-13",20.8386
"1987-06-14",19.5235
"1987-06-15",14.6437
"1987-06-16",12.6188
"1987-06-17",15.7292
"1987-06-18",16.8892
"1987-06-19",18.8788
"1987-06-20",15.119
"1987-06-21",14.6638
"1987-06-22",14.7039
"1987-06-23",17.4143
"1987-06-24",19.4134
"1987-06-25",22.244
"1987-06-26",23.1536
"1987-06-27",21.5491
"1987-06-28",21.1835
"1987-06-29",20.5189
"1987-06-30",19.9657
"1987-07-01",18.5809
"1987-07-02",17.2908
"1987-07-03",17.7455
"1987-07-04",15.5955
"1987-07-05",16.3754
"1987-07-06",17.1209
"1987-07-07",16.081
"1987-07-08",17.9056
"1987-07-09",16.2806
"1987-07-10",19.7961
"1987-07-11",21.5259
"1987-07-12",22.5608
"1987-07-13",22.2707
"1987-07-14",21.8354
"1987-07-15",16.7105
"1987-07-16",13.6108
"1987-07-17",14.5157
"1987-07-18",15.2652
"1987-07-19",17.7257
"1987-07-20",20.2854
"1987-07-21",18.7209
"1987-07-22",18.5112
"1987-07-23",18.406
"1987-07-24",18.3159
"1987-07-25",17.8505
"1987-07-26",16.8557
"1987-07-27",17.4656
"1987-07-28",18.2806
"1987-07-29",18.4156
"1987-07-30",17.4108
"1987-07-31",15.5843
"1987-08-01",18.4895
"1987-08-02",19.1597
"1987-08-03",22.3649
"1987-08-04",22.1242
"1987-08-05",18.8098
"1987-08-06",17.6795
"1987-08-07",21.5998
"1987-08-08",25.1049
"1987-08-09",20.0244
"1987-08-10",16.5293
"1987-08-11",17.7147
"1987-08-12",19.7494
"1987-08-13",16.5644
"1987-08-14",17.0196
"1987-08-15",17.5249
"1987-08-16",14.8995
"1987-08-17",17.5548
"1987-08-18",19.1748
"1987-08-19",19.6199
"1987-08-20",17.7195
"1987-08-21",17.5994
"1987-08-22",19.5846
"1987-08-23",20.7396
"1987-08-24",18.5843
"1987-08-25",20.2043
"1987-08-26",20.8197
"1987-08-27",19.7596
"1987-08-28",20.1945
"1987-08-29",21.1495
"1987-08-30",25.1047
"1987-08-31",25.9806
"1987-09-01",21.5208
"1987-09-02",16.3606
"1987-09-03",15.9107
"1987-09-04",17.7458
"1987-09-05",20.661
"1987-09-06",18.4362
"1987-09-07",17.0855
"1987-09-08",16.8109
"1987-09-09",17.6506
"1987-09-10",15.5707
"1987-09-11",15.4957
"1987-09-12",14.0556
"1987-09-13",13.8708
"1987-09-14",12.0812
"1987-09-15",11.6958
"1987-09-16",12.2504
"1987-09-17",15.1607
"1987-09-18",16.416
"1987-09-19",15.6904
"1987-09-20",18.1559
"1987-09-21",19.7206
"1987-09-22",20.9208
"1987-09-23",18.1907
"1987-09-24",15.5657
"1987-09-25",15.2756
"1987-09-26",13.9257
"1987-09-27",14.9607
"1987-09-28",18.6759
"1987-09-29",21.3061
"1987-09-30",21.3283
"1987-10-01",17.773
"1987-10-02",15.0486
"1987-10-03",14.0937
"1987-10-04",14.5635
"1987-10-05",17.1382
"1987-10-06",21.7233
"1987-10-07",16.1434
"1987-10-08",15.2533
"1987-10-09",18.0885
"1987-10-10",16.5483
"1987-10-11",14.5935
"1987-10-12",12.4135
"1987-10-13",11.4132
"1987-10-14",10.2584
"1987-10-15",9.6885
"1987-10-16",10.9683
"1987-10-17",10.6334
"1987-10-18",10.3982
"1987-10-19",13.5036
"1987-10-20",14.1034
"1987-10-21",12.5932
"1987-10-22",9.7237
"1987-10-23",11.3632
"1987-10-24",11.3934
"1987-10-25",11.2933
"1987-10-26",12.1086
"1987-10-27",14.8288
"1987-10-28",13.2334
"1987-10-29",10.7985
"1987-10-30",11.9834
"1987-10-31",12.1441
"1987-11-01",9.7184
"1987-11-02",10.2884
"1987-11-03",9.3685
"1987-11-04",10.0686
"1987-11-05",12.7238
"1987-11-06",8.8887
"1987-11-07",12.3391
"1987-11-08",13.1541
"1987-11-09",10.7485
"1987-11-10",10.8439
"1987-11-11",10.1686
"1987-11-12",10.0732
"1987-11-13",7.7537
"1987-11-14",4.9988
"1987-11-15",4.2591
"1987-11-16",7.4385
"1987-11-17",8.2942
"1987-11-18",9.0734
"1987-11-19",11.4835
"1987-11-20",9.8285
"1987-11-21",6.3841
"1987-11-22",6.7386
"1987-11-23",5.759
"1987-11-24",5.5636
"1987-11-25",5.4086
"1987-11-26",5.5734
"1987-11-27",5.089
"1987-11-28",2.4633
"1987-11-29",3.1137
"1987-11-30",6.0742
"1987-12-01",7.6743
"1987-12-02",9.0492
"1987-12-03",10.209
"1987-12-04",8.1041
"1987-12-05",8.1691
"1987-12-06",7.3589
"1987-12-07",7.3641
"1987-12-08",6.5342
"1987-12-09",9.2293
"1987-12-10",7.8393
"1987-12-11",4.4288
"1987-12-12",0.3087
"1987-12-13",-2.9059
"1987-12-14",-0.256
"1987-12-15",-0.1607
"1987-12-16",1.3093
"1987-12-17",0.6592
"1987-12-18",2.6689
"1987-12-19",0.4937
"1987-12-20",1.5396
"1987-12-21",5.454
"1987-12-22",3.6237
"1987-12-23",2.079
"1987-12-24",0.4889
"1987-12-25",-0.1313
"1987-12-26",2.9241
"1987-12-27",3.0438
"1987-12-28",4.254
"1987-12-29",4.3989
"1987-12-30",3.8695
"1987-12-31",3.2172
"1988-01-01",1.5564
"1988-01-02",1.3815
"1988-01-03",0.9817
"1988-01-04",1.6419
"1988-01-05",3.1972
"1988-01-06",3.8571
"1988-01-07",2.8667
"1988-01-08",3.082
"1988-01-09",6.4118
"1988-01-10",6.6318
"1988-01-11",4.3068
"1988-01-12",3.3665
"1988-01-13",5.2824
"1988-01-14",8.6515
"1988-01-15",4.3373
"1988-01-16",2.8569
"1988-01-17",1.7268
"1988-01-18",1.4869
"1988-01-19",2.2773
"1988-01-20",3.7419
"1988-01-21",3.9615
"1988-01-22",2.8167
"1988-01-23",3.8469
"1988-01-24",3.602
"1988-01-25",5.3621
"1988-01-26",7.9866
"1988-01-27",9.467
"1988-01-28",7.5967
"1988-01-29",5.0169
"1988-01-30",1.0018
"1988-01-31",1.6276
"1988-02-01",0.9977
"1988-02-02",0.5083
"1988-02-03",3.2183
"1988-02-04",4.358
"1988-02-05",5.3175
"1988-02-06",6.7278
"1988-02-07",7.2381
"1988-02-08",8.4529
"1988-02-09",7.773
"1988-02-10",9.0333
"1988-02-11",8.7782
"1988-02-12",8.5729
"1988-02-13",4.9534
"1988-02-14",2.6083
"1988-02-15",4.4928
"1988-02-16",3.8227
"1988-02-17",3.7177
"1988-02-18",5.6926
"1988-02-19",6.238
"1988-02-20",8.8226
"1988-02-21",8.3981
"1988-02-22",6.6629
"1988-02-23",7.1928
"1988-02-24",8.7884
"1988-02-25",9.108
"1988-02-26",11.7178
"1988-02-27",12.2431
"1988-02-28",12.3532
"1988-02-29",12.6664
"1988-03-01",9.1857
"1988-03-02",7.5505
"1988-03-03",9.2804
"1988-03-04",9.4711
"1988-03-05",7.6709
"1988-03-06",5.6509
"1988-03-07",5.4463
"1988-03-08",6.7704
"1988-03-09",6.2311
"1988-03-10",5.236
"1988-03-11",6.3361
"1988-03-12",7.3961
"1988-03-13",6.4113
"1988-03-14",9.0156
"1988-03-15",7.4358
"1988-03-16",9.4764
"1988-03-17",10.541
"1988-03-18",12.9959
"1988-03-19",12.0061
"1988-03-20",10.9559
"1988-03-21",9.0014
"1988-03-22",7.5714
"1988-03-23",6.5957
"1988-03-24",6.8108
"1988-03-25",10.861
"1988-03-26",7.2461
"1988-03-27",5.9109
"1988-03-28",6.411
"1988-03-29",5.4262
"1988-03-30",7.141
"1988-03-31",9.9453
"1988-04-01",11.5555
"1988-04-02",9.7704
"1988-04-03",7.9952
"1988-04-04",6.6001
"1988-04-05",8.7452
"1988-04-06",9.4003
"1988-04-07",6.5406
"1988-04-08",8.5603
"1988-04-09",12.151
"1988-04-10",15.0654
"1988-04-11",15.5205
"1988-04-12",16.1052
"1988-04-13",12.6302
"1988-04-14",11.5606
"1988-04-15",13.0107
"1988-04-16",11.1106
"1988-04-17",10.0802
"1988-04-18",10.7552
"1988-04-19",12.081
"1988-04-20",11.6903
"1988-04-21",9.7409
"1988-04-22",8.2851
"1988-04-23",9.8702
"1988-04-24",8.726
"1988-04-25",10.8502
"1988-04-26",12.1707
"1988-04-27",15.8909
"1988-04-28",13.3609
"1988-04-29",8.5504
"1988-04-30",7.6412
"1988-05-01",7.9461
"1988-05-02",8.4912
"1988-05-03",8.4708
"1988-05-04",9.2213
"1988-05-05",9.4565
"1988-05-06",8.2563
"1988-05-07",11.6514
"1988-05-08",10.3114
"1988-05-09",12.7715
"1988-05-10",17.341
"1988-05-11",18.3209
"1988-05-12",16.3768
"1988-05-13",13.1464
"1988-05-14",14.5862
"1988-05-15",16.2863
"1988-05-16",12.1566
"1988-05-17",11.1009
"1988-05-18",11.5312
"1988-05-19",13.9617
"1988-05-20",15.2962
"1988-05-21",20.4761
"1988-05-22",13.7464
"1988-05-23",11.7918
"1988-05-24",12.6213
"1988-05-25",12.5467
"1988-05-26",12.5663
"1988-05-27",15.1463
"1988-05-28",11.1314
"1988-05-29",9.6814
"1988-05-30",10.3011
"1988-05-31",11.5317
"1988-06-01",12.731
"1988-06-02",13.4661
"1988-06-03",13.8414
"1988-06-04",12.2365
"1988-06-05",11.8962
"1988-06-06",12.0964
"1988-06-07",12.4011
"1988-06-08",13.4762
"1988-06-09",13.9712
"1988-06-10",14.8963
"1988-06-11",15.236
"1988-06-12",16.0011
"1988-06-13",18.2461
"1988-06-14",20.9215
"1988-06-15",19.5213
"1988-06-16",18.6314
"1988-06-17",16.0117
"1988-06-18",19.3013
"1988-06-19",18.6362
"1988-06-20",17.0815
"1988-06-21",18.3912
"1988-06-22",20.3963
"1988-06-23",16.2866
"1988-06-24",18.6663
"1988-06-25",17.2209
"1988-06-26",15.5058
"1988-06-27",13.9111
"1988-06-28",13.0213
"1988-06-29",14.0212
"1988-06-30",16.5756
"1988-07-01",19.3658
"1988-07-02",18.2761
"1988-07-03",17.2108
"1988-07-04",14.6857
"1988-07-05",13.461
"1988-07-06",15.8106
"1988-07-07",18.7858
"1988-07-08",19.5356
"1988-07-09",19.3011
"1988-07-10",18.1307
"1988-07-11",15.1905
"1988-07-12",16.5052
"1988-07-13",16.8904
"1988-07-14",18.8057
"1988-07-15",18.5706
"1988-07-16",19.2007
"1988-07-17",19.4158
"1988-07-18",20.5206
"1988-07-19",24.7008
"1988-07-20",25.1659
"1988-07-21",21.6861
"1988-07-22",19.1308
"1988-07-23",19.7255
"1988-07-24",22.0108
"1988-07-25",24.2111
"1988-07-26",25.076
"1988-07-27",19.796
"1988-07-28",19.5707
"1988-07-29",20.8609
"1988-07-30",21.016
"1988-07-31",18.4026
"1988-08-01",16.8375
"1988-08-02",18.3479
"1988-08-03",22.3326
"1988-08-04",24.0272
"1988-08-05",18.3572
"1988-08-06",15.6225
"1988-08-07",17.7477
"1988-08-08",19.0872
"1988-08-09",19.9271
"1988-08-10",18.8075
"1988-08-11",17.9773
"1988-08-12",16.5671
"1988-08-13",16.2224
"1988-08-14",17.5224
"1988-08-15",15.2472
"1988-08-16",16.0774
"1988-08-17",16.6774
"1988-08-18",18.5271
"1988-08-19",18.9326
"1988-08-20",17.1328
"1988-08-21",18.0673
"1988-08-22",21.4528
"1988-08-23",22.6171
"1988-08-24",18.3122
"1988-08-25",18.457
"1988-08-26",18.5125
"1988-08-27",21.0424
"1988-08-28",22.4073
"1988-08-29",18.8879
"1988-08-30",17.9325
"1988-08-31",17.8176
"1988-09-01",22.3626
"1988-09-02",24.6123
"1988-09-03",20.3178
"1988-09-04",20.3177
"1988-09-05",18.3977
"1988-09-06",16.2479
"1988-09-07",16.6728
"1988-09-08",17.2027
"1988-09-09",16.3876
"1988-09-10",13.5275
"1988-09-11",16.2377
"1988-09-12",19.0128
"1988-09-13",21.3827
"1988-09-14",18.0323
"1988-09-15",15.2529
"1988-09-16",13.2123
"1988-09-17",12.2476
"1988-09-18",13.7772
"1988-09-19",13.8022
"1988-09-20",14.1423
"1988-09-21",15.3873
"1988-09-22",14.3778
"1988-09-23",12.5629
"1988-09-24",16.8422
"1988-09-25",13.8223
"1988-09-26",13.8025
"1988-09-27",13.9626
"1988-09-28",16.4573
"1988-09-29",19.1526
"1988-09-30",18.9412
"1988-10-01",20.6564
"1988-10-02",15.557
"1988-10-03",16.5017
"1988-10-04",15.0966
"1988-10-05",15.7762
"1988-10-06",15.2165
"1988-10-07",15.0617
"1988-10-08",16.416
"1988-10-09",17.356
"1988-10-10",13.0868
"1988-10-11",12.2515
"1988-10-12",12.7064
"1988-10-13",14.1618
"1988-10-14",13.3562
"1988-10-15",14.0513
"1988-10-16",15.6616
"1988-10-17",14.4266
"1988-10-18",13.4367
"1988-10-19",14.8614
"1988-10-20",15.4668
"1988-10-21",14.6066
"1988-10-22",11.7863
"1988-10-23",10.9315
"1988-10-24",9.5765
"1988-10-25",13.0416
"1988-10-26",11.4413
"1988-10-27",8.1014
"1988-10-28",9.4968
"1988-10-29",12.1767
"1988-10-30",12.6468
"1988-10-31",13.5628
"1988-11-01",8.7281
"1988-11-02",9.5674
"1988-11-03",8.0425
"1988-11-04",9.9923
"1988-11-05",13.0326
"1988-11-06",8.9131
"1988-11-07",8.803
"1988-11-08",8.5533
"1988-11-09",8.018
"1988-11-10",8.4331
"1988-11-11",8.1125
"1988-11-12",8.4031
"1988-11-13",6.3977
"1988-11-14",7.8081
"1988-11-15",7.5733
"1988-11-16",8.0426
"1988-11-17",7.5727
"1988-11-18",7.1881
"1988-11-19",7.0128
"1988-11-20",5.9827
"1988-11-21",8.3381
"1988-11-22",9.3975
"1988-11-23",5.6577
"1988-11-24",5.0526
"1988-11-25",6.1329
"1988-11-26",6.0777
"1988-11-27",7.9477
"1988-11-28",7.1429
"1988-11-29",6.1979
"1988-11-30",5.2524
"1988-12-01",6.0568
"1988-12-02",6.0071
"1988-12-03",7.572
"1988-12-04",6.7216
"1988-12-05",7.212
"1988-12-06",8.817
"1988-12-07",7.2418
"1988-12-08",5.8619
"1988-12-09",9.4818
"1988-12-10",7.927
"1988-12-11",7.1022
"1988-12-12",10.062
"1988-12-13",5.7416
"1988-12-14",1.6971
"1988-12-15",1.0718
"1988-12-16",2.392
"1988-12-17",2.9921
"1988-12-18",3.017
"1988-12-19",4.4921
"1988-12-20",3.3019
"1988-12-21",2.8419
"1988-12-22",3.402
"1988-12-23",2.472
"1988-12-24",2.5921
"1988-12-25",1.2769
"1988-12-26",0.1921
"1988-12-27",0.8816
"1988-12-28",1.5817
"1988-12-29",2.9017
"1988-12-30",4.5772
"1988-12-31",4.2952
"1989-01-01",3.9853
"1989-01-02",7.0702
"1989-01-03",9.5602
"1989-01-04",6.505
"1989-01-05",2.8453
"1989-01-06",1.5408
"1989-01-07",1.2708
"1989-01-08",4.0006
"1989-01-09",8.0354
"1989-01-10",4.4904
"1989-01-11",4.5204
"1989-01-12",4.2152
"1989-01-13",2.9003
"1989-01-14",1.7706
"1989-01-15",4.9954
"1989-01-16",7.6502
"1989-01-17",7.3756
"1989-01-18",8.591
"1989-01-19",7.6207
"1989-01-20",5.4506
"1989-01-21",6.1352
"1989-01-22",2.4501
"1989-01-23",0.7008
"1989-01-24",2.5806
"1989-01-25",4.215
"1989-01-26",5.2806
"1989-01-27",5.3154
"1989-01-28",4.6605
"1989-01-29",7.5655
"1989-01-30",9.4855
"1989-01-31",4.3441
"1989-02-01",-1.0761
"1989-02-02",-3.2608
"1989-02-03",-5.6465
"1989-02-04",-8.2662
"1989-02-05",-8.8911
"1989-02-06",-6.1061
"1989-02-07",-2.7557
"1989-02-08",-3.6363
"1989-02-09",-0.5109
"1989-02-10",3.8733
"1989-02-11",3.0592
"1989-02-12",3.0189
"1989-02-13",2.2489
"1989-02-14",2.6638
"1989-02-15",3.0587
"1989-02-16",4.8939
"1989-02-17",7.9392
"1989-02-18",7.6289
"1989-02-19",5.8588
"1989-02-20",7.0434
"1989-02-21",7.9435
"1989-02-22",7.3937
"1989-02-23",5.0134
"1989-02-24",4.9041
"1989-02-25",5.5492
"1989-02-26",4.7889
"1989-02-27",2.8494
"1989-02-28",6.9786
"1989-03-01",5.5182
"1989-03-02",3.0928
"1989-03-03",3.413
"1989-03-04",3.3486
"1989-03-05",8.3681
"1989-03-06",8.3435
"1989-03-07",7.7232
"1989-03-08",7.8332
"1989-03-09",11.5478
"1989-03-10",11.3033
"1989-03-11",9.7933
"1989-03-12",8.6981
"1989-03-13",6.0631
"1989-03-14",5.3779
"1989-03-15",6.7631
"1989-03-16",8.2335
"1989-03-17",7.1684
"1989-03-18",7.7334
"1989-03-19",8.0435
"1989-03-20",9.9833
"1989-03-21",9.6885
"1989-03-22",7.173
"1989-03-23",8.5435
"1989-03-24",9.1833
"1989-03-25",8.6381
"1989-03-26",7.3831
"1989-03-27",8.6931
"1989-03-28",9.2036
"1989-03-29",7.8083
"1989-03-30",7.3233
"1989-03-31",8.4706
"1989-04-01",8.0805
"1989-04-02",7.5703
"1989-04-03",7.0149
"1989-04-04",9.2453
"1989-04-05",14.8552
"1989-04-06",17.0906
"1989-04-07",14.5699
"1989-04-08",13.7002
"1989-04-09",14.9501
"1989-04-10",13.835
"1989-04-11",14.095
"1989-04-12",16.0056
"1989-04-13",18.4302
"1989-04-14",15.2806
"1989-04-15",13.0751
"1989-04-16",11.5605
"1989-04-17",14.1857
"1989-04-18",15.655
"1989-04-19",16.675
"1989-04-20",12.7004
"1989-04-21",10.86
"1989-04-22",10.2903
"1989-04-23",10.795
"1989-04-24",11.8854
"1989-04-25",11.4856
"1989-04-26",10.0751
"1989-04-27",11.1951
"1989-04-28",13.7751
"1989-04-29",16.3403
"1989-04-30",14.6606
"1989-05-01",14.4256
"1989-05-02",14.9956
"1989-05-03",16.61
"1989-05-04",19.7209
"1989-05-05",19.8954
"1989-05-06",18.6558
"1989-05-07",18.8153
"1989-05-08",15.5762
"1989-05-09",11.9002
"1989-05-10",10.7857
"1989-05-11",9.306
"1989-05-12",11.0959
"1989-05-13",13.1355
"1989-05-14",14.4454
"1989-05-15",15.7906
"1989-05-16",12.3658
"1989-05-17",10.2456
"1989-05-18",9.5457
"1989-05-19",10.6705
"1989-05-20",12.3355
"1989-05-21",11.3959
"1989-05-22",10.6205
"1989-05-23",10.3858
"1989-05-24",10.4258
"1989-05-25",12.5404
"1989-05-26",11.3559
"1989-05-27",10.9958
"1989-05-28",10.4857
"1989-05-29",12.2954
"1989-05-30",15.6506
"1989-05-31",17.9191
"1989-06-01",20.6344
"1989-06-02",20.6089
"1989-06-03",21.0545
"1989-06-04",22.5745
"1989-06-05",21.6297
"1989-06-06",16.0844
"1989-06-07",16.2599
"1989-06-08",14.8946
"1989-06-09",13.9544
"1989-06-10",16.0841
"1989-06-11",17.864
"1989-06-12",16.0292
"1989-06-13",16.1644
"1989-06-14",14.1942
"1989-06-15",14.6944
"1989-06-16",13.5291
"1989-06-17",13.7598
"1989-06-18",16.4947
"1989-06-19",13.1239
"1989-06-20",14.9246
"1989-06-21",16.8441
"1989-06-22",16.724
"1989-06-23",21.2996
"1989-06-24",23.2292
"1989-06-25",21.254
"1989-06-26",16.1639
"1989-06-27",15.0943
"1989-06-28",13.9794
"1989-06-29",15.1544
"1989-06-30",15.6594
"1989-07-01",13.9696
"1989-07-02",16.0393
"1989-07-03",16.3646
"1989-07-04",16.5948
"1989-07-05",17.4098
"1989-07-06",18.9502
"1989-07-07",19.4296
"1989-07-08",15.9696
"1989-07-09",17.115
"1989-07-10",17.0345
"1989-07-11",19.1749
"1989-07-12",19.1744
"1989-07-13",19.0203
"1989-07-14",18.3899
"1989-07-15",17.9601
"1989-07-16",15.6747
"1989-07-17",19.0701
"1989-07-18",21.4149
"1989-07-19",18.7443
"1989-07-20",17.0395
"1989-07-21",17.5598
"1989-07-22",18.3947
"1989-07-23",18.6747
"1989-07-24",18.1553
"1989-07-25",19.4344
"1989-07-26",17.6941
"1989-07-27",17.7801
"1989-07-28",18.5901
"1989-07-29",16.5095
"1989-07-30",18.1146
"1989-07-31",14.3927
"1989-08-01",15.0429
"1989-08-02",16.743
"1989-08-03",17.7874
"1989-08-04",19.473
"1989-08-05",20.6377
"1989-08-06",20.8724
"1989-08-07",20.4826
"1989-08-08",19.6177
"1989-08-09",17.4678
"1989-08-10",17.648
"1989-08-11",16.7527
"1989-08-12",16.8378
"1989-08-13",17.4732
"1989-08-14",18.0331
"1989-08-15",18.3875
"1989-08-16",17.5579
"1989-08-17",18.2378
"1989-08-18",19.9075
"1989-08-19",18.7326
"1989-08-20",19.7223
"1989-08-21",17.4579
"1989-08-22",13.2575
"1989-08-23",16.3975
"1989-08-24",16.9076
"1989-08-25",18.028
"1989-08-26",19.3331
"1989-08-27",18.7478
"1989-08-28",20.6532
"1989-08-29",17.7923
"1989-08-30",18.4281
"1989-08-31",15.5137
"1989-09-01",15.5937
"1989-09-02",14.8187
"1989-09-03",16.7433
"1989-09-04",17.5184
"1989-09-05",15.0538
"1989-09-06",15.8387
"1989-09-07",17.6884
"1989-09-08",20.0439
"1989-09-09",20.2485
"1989-09-10",19.2684
"1989-09-11",19.2092
"1989-09-12",19.2991
"1989-09-13",20.7984
"1989-09-14",21.3991
"1989-09-15",18.139
"1989-09-16",15.0437
"1989-09-17",11.9638
"1989-09-18",14.0884
"1989-09-19",14.7036
"1989-09-20",15.9733
"1989-09-21",19.9883
"1989-09-22",21.6588
"1989-09-23",20.8584
"1989-09-24",19.9289
"1989-09-25",16.1534
"1989-09-26",13.9438
"1989-09-27",16.7939
"1989-09-28",20.1338
"1989-09-29",15.0339
"1989-09-30",13.1588
"1989-10-01",11.0387
"1989-10-02",12.5289
"1989-10-03",12.5937
"1989-10-04",10.7888
"1989-10-05",14.0836
"1989-10-06",15.924
"1989-10-07",14.4889
"1989-10-08",16.6337
"1989-10-09",16.454
"1989-10-10",14.9237
"1989-10-11",11.9289
"1989-10-12",13.9687
"1989-10-13",12.5439
"1989-10-14",11.744
"1989-10-15",8.2835
"1989-10-16",9.6036
"1989-10-17",14.2992
"1989-10-18",11.7486
"1989-10-19",13.649
"1989-10-20",12.0838
"1989-10-21",9.9143
"1989-10-22",10.8384
"1989-10-23",10.0938
"1989-10-24",9.6136
"1989-10-25",8.1439
"1989-10-26",7.8294
"1989-10-27",7.1189
"1989-10-28",6.524
"1989-10-29",6.7088
"1989-10-30",7.4991
"1989-10-31",8.9834
"1989-11-01",5.9535
"1989-11-02",9.1038
"1989-11-03",11.5035
"1989-11-04",11.0433
"1989-11-05",6.4583
"1989-11-06",6.8186
"1989-11-07",9.1737
"1989-11-08",8.3032
"1989-11-09",12.2235
"1989-11-10",12.1835
"1989-11-11",9.5937
"1989-11-12",6.8432
"1989-11-13",4.4881
"1989-11-14",6.3236
"1989-11-15",7.5941
"1989-11-16",8.7734
"1989-11-17",9.1785
"1989-11-18",9.1535
"1989-11-19",10.1381
"1989-11-20",10.9836
"1989-11-21",10.6291
"1989-11-22",7.6239
"1989-11-23",6.1086
"1989-11-24",6.2184
"1989-11-25",5.4985
"1989-11-26",5.2385
"1989-11-27",6.6685
"1989-11-28",6.3734
"1989-11-29",5.0585
"1989-11-30",4.8646
"1989-12-01",8.8891
"1989-12-02",7.2299
"1989-12-03",10.5491
"1989-12-04",10.6343
"1989-12-05",9.8144
"1989-12-06",7.4248
"1989-12-07",6.9542
"1989-12-08",7.1547
"1989-12-09",4.5593
"1989-12-10",2.1795
"1989-12-11",1.5097
"1989-12-12",2.3447
"1989-12-13",2.7993
"1989-12-14",3.8841
"1989-12-15",1.7296
"1989-12-16",2.0347
"1989-12-17",1.4502
"1989-12-18",-0.3657
"1989-12-19",1.1396
"1989-12-20",0.1146
"1989-12-21",3.9995
"1989-12-22",4.9102
"1989-12-23",7.4098
"1989-12-24",5.3492
"1989-12-25",3.3598
"1989-12-26",2.8394
"1989-12-27",1.7941
"1989-12-28",3.3795
"1989-12-29",1.6797
"1989-12-30",3.3546
"1989-12-31",6.709
"1990-01-01",4.3285
"1990-01-02",3.8091
"1990-01-03",3.8039
"1990-01-04",6.1737
"1990-01-05",7.7284
"1990-01-06",9.1838
"1990-01-07",8.0439
"1990-01-08",8.6835
"1990-01-09",9.5689
"1990-01-10",7.0284
"1990-01-11",7.2688
"1990-01-12",8.7087
"1990-01-13",8.3286
"1990-01-14",6.2337
"1990-01-15",5.3335
"1990-01-16",5.2437
"1990-01-17",3.1339
"1990-01-18",3.1336
"1990-01-19",4.2738
"1990-01-20",4.3087
"1990-01-21",5.1835
"1990-01-22",6.4942
"1990-01-23",4.9533
"1990-01-24",3.834
"1990-01-25",5.1136
"1990-01-26",2.8238
"1990-01-27",3.2384
"1990-01-28",5.1686
"1990-01-29",4.9084
"1990-01-30",4.3637
"1990-01-31",3.4128
"1990-02-01",4.0027
"1990-02-02",6.2025
"1990-02-03",6.0525
"1990-02-04",3.2073
"1990-02-05",3.8822
"1990-02-06",1.7024
"1990-02-07",2.4623
"1990-02-08",5.248
"1990-02-09",6.7873
"1990-02-10",8.6681
"1990-02-11",3.2775
"1990-02-12",0.2231
"1990-02-13",-0.7221
"1990-02-14",-2.5273
"1990-02-15",1.1324
"1990-02-16",1.1629
"1990-02-17",1.0326
"1990-02-18",0.5426
"1990-02-19",3.313
"1990-02-20",4.8427
"1990-02-21",9.518
"1990-02-22",9.5777
"1990-02-23",8.7528
"1990-02-24",10.5574
"1990-02-25",8.8725
"1990-02-26",8.9879
"1990-02-27",9.3178
"1990-02-28",9.5431
"1990-03-01",8.9683
"1990-03-02",8.0881
"1990-03-03",9.3628
"1990-03-04",8.2479
"1990-03-05",7.5327
"1990-03-06",6.5726
"1990-03-07",7.8083
"1990-03-08",3.9581
"1990-03-09",5.3529
"1990-03-10",5.4178
"1990-03-11",4.7381
"1990-03-12",5.478
"1990-03-13",5.7624
"1990-03-14",7.6885
"1990-03-15",10.7629
"1990-03-16",11.7776
"1990-03-17",11.5084
"1990-03-18",12.2881
"1990-03-19",10.3082
"1990-03-20",12.5478
"1990-03-21",11.7831
"1990-03-22",10.8232
"1990-03-23",11.0332
"1990-03-24",11.0676
"1990-03-25",9.648
"1990-03-26",10.0427
"1990-03-27",10.8432
"1990-03-28",11.5724
"1990-03-29",10.9626
"1990-03-30",11.1078
"1990-03-31",12.5648
"1990-04-01",12.5948
"1990-04-02",12.4053
"1990-04-03",13.2652
"1990-04-04",14.1602
"1990-04-05",14.4447
"1990-04-06",12.0501
"1990-04-07",9.7949
"1990-04-08",8.6152
"1990-04-09",11.405
"1990-04-10",14.3598
"1990-04-11",13.25
"1990-04-12",12.155
"1990-04-13",13.8649
"1990-04-14",16.4698
"1990-04-15",17.6802
"1990-04-16",14.4998
"1990-04-17",12.105
"1990-04-18",12.4897
"1990-04-19",12.8405
"1990-04-20",12.8349
"1990-04-21",11.8701
"1990-04-22",10.0553
"1990-04-23",10.7499
"1990-04-24",8.7499
"1990-04-25",10.915
"1990-04-26",8.76
"1990-04-27",9.9648
"1990-04-28",8.1099
"1990-04-29",7.9294
"1990-04-30",11.5011
"1990-05-01",12.2007
"1990-05-02",14.8958
"1990-05-03",16.7258
"1990-05-04",19.6565
"1990-05-05",18.1711
"1990-05-06",9.916
"1990-05-07",8.7709
"1990-05-08",10.911
"1990-05-09",13.9961
"1990-05-10",11.7761
"1990-05-11",9.7562
"1990-05-12",9.9211
"1990-05-13",11.1611
"1990-05-14",11.0411
"1990-05-15",11.9012
"1990-05-16",12.711
"1990-05-17",11.041
"1990-05-18",10.5708
"1990-05-19",10.671
"1990-05-20",11.9512
"1990-05-21",14.346
"1990-05-22",12.386
"1990-05-23",12.2461
"1990-05-24",11.1916
"1990-05-25",11.8014
"1990-05-26",13.4158
"1990-05-27",15.9411
"1990-05-28",14.5611
"1990-05-29",14.2012
"1990-05-30",13.536
"1990-05-31",12.2499
"1990-06-01",12.9251
"1990-06-02",14.6803
"1990-06-03",16.4899
"1990-06-04",13.8655
"1990-06-05",13.9251
"1990-06-06",16.3305
"1990-06-07",15.715
"1990-06-08",17.3297
"1990-06-09",15.0603
"1990-06-10",14.0997
"1990-06-11",13.715
"1990-06-12",13.1951
"1990-06-13",14.4149
"1990-06-14",17.4098
"1990-06-15",17.96
"1990-06-16",15.4452
"1990-06-17",14.975
"1990-06-18",17.2958
"1990-06-19",19.4102
"1990-06-20",20.3947
"1990-06-21",23.365
"1990-06-22",20.1551
"1990-06-23",17.7998
"1990-06-24",17.4949
"1990-06-25",16.7751
"1990-06-26",15.4607
"1990-06-27",15.4004
"1990-06-28",16.6697
"1990-06-29",19.4756
"1990-06-30",18.7925
"1990-07-01",17.2275
"1990-07-02",16.4573
"1990-07-03",16.5769
"1990-07-04",16.5367
"1990-07-05",19.2918
"1990-07-06",17.1875
"1990-07-07",19.4818
"1990-07-08",21.0069
"1990-07-09",20.8474
"1990-07-10",23.4219
"1990-07-11",26.5573
"1990-07-12",23.8925
"1990-07-13",22.6018
"1990-07-14",21.7121
"1990-07-15",22.2818
"1990-07-16",19.9721
"1990-07-17",19.2721
"1990-07-18",20.6672
"1990-07-19",22.592
"1990-07-20",24.0018
"1990-07-21",25.1618
"1990-07-22",22.0824
"1990-07-23",18.0869
"1990-07-24",17.5165
"1990-07-25",17.4121
"1990-07-26",19.2223
"1990-07-27",21.3819
"1990-07-28",21.1519
"1990-07-29",23.2072
"1990-07-30",22.0722
"1990-07-31",20.4773
"1990-08-01",20.2071
"1990-08-02",19.5721
"1990-08-03",22.2269
"1990-08-04",24.7372
"1990-08-05",21.5071
"1990-08-06",21.1473
"1990-08-07",22.2723
"1990-08-08",22.5972
"1990-08-09",22.9877
"1990-08-10",23.1976
"1990-08-11",23.7421
"1990-08-12",21.6572
"1990-08-13",19.6771
"1990-08-14",19.0519
"1990-08-15",18.4723
"1990-08-16",17.6374
"1990-08-17",15.8719
"1990-08-18",17.882
"1990-08-19",19.1472
"1990-08-20",21.0275
"1990-08-21",18.9471
"1990-08-22",20.6672
"1990-08-23",17.8768
"1990-08-24",16.8323
"1990-08-25",17.0271
"1990-08-26",18.6818
"1990-08-27",18.3074
"1990-08-28",18.8871
"1990-08-29",18.4371
"1990-08-30",19.1824
"1990-08-31",17.1384
"1990-09-01",16.8237
"1990-09-02",17.8185
"1990-09-03",18.9383
"1990-09-04",20.5184
"1990-09-05",18.498
"1990-09-06",19.0984
"1990-09-07",17.5236
"1990-09-08",17.8337
"1990-09-09",18.9982
"1990-09-10",19.7284
"1990-09-11",16.8137
"1990-09-12",15.0634
"1990-09-13",17.848
"1990-09-14",17.153
"1990-09-15",14.8383
"1990-09-16",16.288
"1990-09-17",18.6135
"1990-09-18",16.6535
"1990-09-19",17.2137
"1990-09-20",18.9386
"1990-09-21",21.6988
"1990-09-22",21.574
"1990-09-23",18.7486
"1990-09-24",16.978
"1990-09-25",17.1983
"1990-09-26",16.7931
"1990-09-27",17.8139
"1990-09-28",19.2884
"1990-09-29",18.1939
"1990-09-30",15.8193
"1990-10-01",13.054
"1990-10-02",10.879
"1990-10-03",12.9996
"1990-10-04",14.3992
"1990-10-05",11.6988
"1990-10-06",8.4745
"1990-10-07",8.8294
"1990-10-08",11.0995
"1990-10-09",12.7392
"1990-10-10",12.3695
"1990-10-11",10.039
"1990-10-12",11.4244
"1990-10-13",9.7598
"1990-10-14",8.6987
"1990-10-15",13.2946
"1990-10-16",10.4792
"1990-10-17",10.9389
"1990-10-18",9.1842
"1990-10-19",8.3292
"1990-10-20",8.3992
"1990-10-21",9.904
"1990-10-22",9.8595
"1990-10-23",10.3995
"1990-10-24",11.4648
"1990-10-25",13.6948
"1990-10-26",11.5838
"1990-10-27",11.4693
"1990-10-28",9.434
"1990-10-29",8.0191
"1990-10-30",10.3137
"1990-10-31",8.2695
"1990-11-01",6.4699
"1990-11-02",5.9448
"1990-11-03",8.2145
"1990-11-04",11.1998
"1990-11-05",6.8891
"1990-11-06",5.31
"1990-11-07",6.7143
"1990-11-08",11.0796
"1990-11-09",13.5598
"1990-11-10",12.8294
"1990-11-11",12.9097
"1990-11-12",11.6296
"1990-11-13",9.7042
"1990-11-14",6.46
"1990-11-15",8.485
"1990-11-16",7.7697
"1990-11-17",7.5602
"1990-11-18",6.5895
"1990-11-19",3.5198
"1990-11-20",5.3497
"1990-11-21",6.2597
"1990-11-22",9.9799
"1990-11-23",9.4297
"1990-11-24",9.9992
"1990-11-25",7.0946
"1990-11-26",3.8
"1990-11-27",6.2245
"1990-11-28",5.2044
"1990-11-29",6.8198
"1990-11-30",3.8155
"1990-12-01",3.3056
"1990-12-02",4.1504
"1990-12-03",6.1
"1990-12-04",7.2806
"1990-12-05",6.5005
"1990-12-06",4.0957
"1990-12-07",3.7351
"1990-12-08",3.7906
"1990-12-09",7.1359
"1990-12-10",7.8056
"1990-12-11",4.0256
"1990-12-12",2.8059
"1990-12-13",1.9903
"1990-12-14",4.1903
"1990-12-15",4.4661
"1990-12-16",3.1005
"1990-12-17",6.1549
"1990-12-18",3.6805
"1990-12-19",-2.5396
"1990-12-20",-9.2641
"1990-12-21",-13.8193
"1990-12-22",-10.9894
"1990-12-23",-6.795
"1990-12-24",-4.7839
"1990-12-25",-2.42
"1990-12-26",3.2107
"1990-12-27",3.5309
"1990-12-28",0.2757
"1990-12-29",-4.5645
"1990-12-30",-3.8742
"1990-12-31",0.2156
"1991-01-01",1.8411
"1991-01-02",0.9112
"1991-01-03",1.2258
"1991-01-04",-0.0246
"1991-01-05",0.9356
"1991-01-06",1.4609
"1991-01-07",4.6509
"1991-01-08",5.121
"1991-01-09",5.066
"1991-01-10",7.0807
"1991-01-11",7.4956
"1991-01-12",6.9811
"1991-01-13",7.7856
"1991-01-14",8.8858
"1991-01-15",5.8854
"1991-01-16",4.2811
"1991-01-17",7.5606
"1991-01-18",7.2456
"1991-01-19",4.0609
"1991-01-20",2.8908
"1991-01-21",2.4607
"1991-01-22",4.2713
"1991-01-23",2.4158
"1991-01-24",1.5555
"1991-01-25",2.6009
"1991-01-26",2.8159
"1991-01-27",1.6663
"1991-01-28",1.1555
"1991-01-29",0.8806
"1991-01-30",3.2759
"1991-01-31",6.6242
"1991-02-01",10.9295
"1991-02-02",10.2593
"1991-02-03",9.4046
"1991-02-04",9.7344
"1991-02-05",8.9141
"1991-02-06",8.1047
"1991-02-07",10.6789
"1991-02-08",11.5492
"1991-02-09",8.8641
"1991-02-10",8.7394
"1991-02-11",8.1696
"1991-02-12",7.6094
"1991-02-13",11.1142
"1991-02-14",13.5593
"1991-02-15",10.5495
"1991-02-16",6.6047
"1991-02-17",5.4746
"1991-02-18",5.599
"1991-02-19",7.3889
"1991-02-20",6.5892
"1991-02-21",9.544
"1991-02-22",9.3445
"1991-02-23",8.2295
"1991-02-24",9.4395
"1991-02-25",10.0646
"1991-02-26",10.0695
"1991-02-27",10.8147
"1991-02-28",9.2738
"1991-03-01",10.4337
"1991-03-02",7.5787
"1991-03-03",8.6683
"1991-03-04",7.2735
"1991-03-05",4.0687
"1991-03-06",5.4438
"1991-03-07",5.2891
"1991-03-08",6.5486
"1991-03-09",4.2388
"1991-03-10",4.8036
"1991-03-11",4.8439
"1991-03-12",6.6085
"1991-03-13",6.0037
"1991-03-14",2.864
"1991-03-15",5.5092
"1991-03-16",7.1438
"1991-03-17",9.7534
"1991-03-18",7.9937
"1991-03-19",6.8643
"1991-03-20",7.8735
"1991-03-21",6.7684
"1991-03-22",5.7687
"1991-03-23",7.3687
"1991-03-24",6.8683
"1991-03-25",6.1036
"1991-03-26",8.6942
"1991-03-27",7.7039
"1991-03-28",6.1936
"1991-03-29",8.7037
"1991-03-30",11.9538
"1991-03-31",13.1704
"1991-04-01",12.0702
"1991-04-02",7.6551
"1991-04-03",8.6956
"1991-04-04",10.9199
"1991-04-05",9.0251
"1991-04-06",7.5456
"1991-04-07",7.3205
"1991-04-08",7.2502
"1991-04-09",7.0553
"1991-04-10",6.3951
"1991-04-11",7.9853
"1991-04-12",10.5005
"1991-04-13",9.3504
"1991-04-14",8.6853
"1991-04-15",8.015
"1991-04-16",9.8601
"1991-04-17",11.0254
"1991-04-18",12.7605
"1991-04-19",14.2557
"1991-04-20",15.5904
"1991-04-21",13.1055
"1991-04-22",12.3502
"1991-04-23",9.2703
"1991-04-24",8.0655
"1991-04-25",8.0052
"1991-04-26",7.7553
"1991-04-27",8.1251
"1991-04-28",7.7003
"1991-04-29",10.0948
"1991-04-30",12.596
"1991-05-01",13.0161
"1991-05-02",12.6012
"1991-05-03",12.2761
"1991-05-04",12.5512
"1991-05-05",12.5366
"1991-05-06",11.5309
"1991-05-07",11.4659
"1991-05-08",9.3764
"1991-05-09",9.0008
"1991-05-10",10.4009
"1991-05-11",11.7059
"1991-05-12",10.3661
"1991-05-13",11.5763
"1991-05-14",10.6014
"1991-05-15",12.5261
"1991-05-16",12.2062
"1991-05-17",10.1912
"1991-05-18",9.9911
"1991-05-19",11.4965
"1991-05-20",14.6012
"1991-05-21",13.4165
"1991-05-22",11.9514
"1991-05-23",11.4312
"1991-05-24",12.5612
"1991-05-25",9.4209
"1991-05-26",12.011
"1991-05-27",12.1611
"1991-05-28",11.5015
"1991-05-29",9.3861
"1991-05-30",10.8461
"1991-05-31",13.4448
"1991-06-01",15.8899
"1991-06-02",14.5646
"1991-06-03",11.0747
"1991-06-04",10.7245
"1991-06-05",13.5948
"1991-06-06",14.2342
"1991-06-07",14.225
"1991-06-08",16.4696
"1991-06-09",17.8145
"1991-06-10",18.6398
"1991-06-11",14.6447
"1991-06-12",11.5397
"1991-06-13",10.7799
"1991-06-14",12.4147
"1991-06-15",12.1947
"1991-06-16",12.5248
"1991-06-17",13.8645
"1991-06-18",14.6799
"1991-06-19",13.6294
"1991-06-20",12.7895
"1991-06-21",13.6596
"1991-06-22",14.9952
"1991-06-23",15.5949
"1991-06-24",13.7648
"1991-06-25",15.2498
"1991-06-26",14.9944
"1991-06-27",17.5746
"1991-06-28",17.58
"1991-06-29",14.6845
"1991-06-30",16.8536
"1991-07-01",21.1385
"1991-07-02",23.4643
"1991-07-03",23.1639
"1991-07-04",19.6838
"1991-07-05",18.0789
"1991-07-06",17.5338
"1991-07-07",19.7537
"1991-07-08",19.6389
"1991-07-09",15.9788
"1991-07-10",16.6739
"1991-07-11",19.039
"1991-07-12",20.3185
"1991-07-13",18.1038
"1991-07-14",18.9487
"1991-07-15",16.9088
"1991-07-16",17.3288
"1991-07-17",18.799
"1991-07-18",19.1035
"1991-07-19",18.2636
"1991-07-20",18.0339
"1991-07-21",19.0541
"1991-07-22",23.044
"1991-07-23",25.1788
"1991-07-24",19.6238
"1991-07-25",19.6887
"1991-07-26",19.8838
"1991-07-27",21.7941
"1991-07-28",22.2535
"1991-07-29",21.8138
"1991-07-30",22.1187
"1991-07-31",20.6926
"1991-08-01",18.1376
"1991-08-02",19.1279
"1991-08-03",19.5278
"1991-08-04",20.6976
"1991-08-05",19.3026
"1991-08-06",19.0873
"1991-08-07",18.2727
"1991-08-08",22.778
"1991-08-09",19.5877
"1991-08-10",17.5776
"1991-08-11",18.8426
"1991-08-12",20.8631
"1991-08-13",20.3677
"1991-08-14",22.0175
"1991-08-15",21.1324
"1991-08-16",20.7526
"1991-08-17",20.7526
"1991-08-18",21.4479
"1991-08-19",22.0375
"1991-08-20",22.9976
"1991-08-21",21.3427
"1991-08-22",20.6628
"1991-08-23",17.6126
"1991-08-24",16.4078
"1991-08-25",16.7027
"1991-08-26",16.8025
"1991-08-27",14.4181
"1991-08-28",18.0277
"1991-08-29",20.7475
"1991-08-30",19.3572
"1991-08-31",16.0538
"1991-09-01",16.329
"1991-09-02",17.9435
"1991-09-03",20.9237
"1991-09-04",23.0236
"1991-09-05",22.4036
"1991-09-06",19.3834
"1991-09-07",15.4686
"1991-09-08",13.5085
"1991-09-09",16.4033
"1991-09-10",17.4988
"1991-09-11",16.4135
"1991-09-12",16.6237
"1991-09-13",14.4587
"1991-09-14",15.1487
"1991-09-15",18.2836
"1991-09-16",20.8832
"1991-09-17",22.724
"1991-09-18",23.1982
"1991-09-19",21.0535
"1991-09-20",14.334
"1991-09-21",13.164
"1991-09-22",16.0984
"1991-09-23",17.8484
"1991-09-24",22.2585
"1991-09-25",23.1384
"1991-09-26",17.8934
"1991-09-27",17.3735
"1991-09-28",16.2286
"1991-09-29",18.7834
"1991-09-30",20.4467
"1991-10-01",17.8815
"1991-10-02",15.4011
"1991-10-03",14.3314
"1991-10-04",16.4913
"1991-10-05",16.5762
"1991-10-06",13.6411
"1991-10-07",13.3007
"1991-10-08",14.4309
"1991-10-09",16.6615
"1991-10-10",21.006
"1991-10-11",21.9215
"1991-10-12",16.8865
"1991-10-13",15.2264
"1991-10-14",19.7367
"1991-10-15",17.3565
"1991-10-16",10.1713
"1991-10-17",8.9015
"1991-10-18",8.266
"1991-10-19",14.061
"1991-10-20",15.1663
"1991-10-21",9.8962
"1991-10-22",6.4413
"1991-10-23",5.7312
"1991-10-24",5.5815
"1991-10-25",5.9464
"1991-10-26",6.6364
"1991-10-27",5.6766
"1991-10-28",4.7012
"1991-10-29",5.6516
"1991-10-30",3.016
"1991-10-31",7.3591
"1991-11-01",9.9638
"1991-11-02",8.5192
"1991-11-03",10.2042
"1991-11-04",10.5292
"1991-11-05",14.5942
"1991-11-06",13.1238
"1991-11-07",14.6294
"1991-11-08",13.8637
"1991-11-09",10.4045
"1991-11-10",11.1745
"1991-11-11",11.974
"1991-11-12",8.4441
"1991-11-13",8.3988
"1991-11-14",6.6337
"1991-11-15",4.624
"1991-11-16",6.7992
"1991-11-17",7.6985
"1991-11-18",7.1041
"1991-11-19",7.8094
"1991-11-20",6.964
"1991-11-21",6.334
"1991-11-22",3.1643
"1991-11-23",6.0786
"1991-11-24",9.5385
"1991-11-25",8.3592
"1991-11-26",9.129
"1991-11-27",5.4943
"1991-11-28",4.7288
"1991-11-29",3.6491
"1991-11-30",2.4746
"1991-12-01",5.3243
"1991-12-02",7.6437
"1991-12-03",6.3445
"1991-12-04",3.5538
"1991-12-05",4.4538
"1991-12-06",4.6094
"1991-12-07",3.3544
"1991-12-08",4.4139
"1991-12-09",6.0841
"1991-12-10",3.4742
"1991-12-11",3.7037
"1991-12-12",6.3092
"1991-12-13",3.5943
"1991-12-14",3.6493
"1991-12-15",4.5688
"1991-12-16",4.2991
"1991-12-17",5.9387
"1991-12-18",5.0545
"1991-12-19",3.7341
"1991-12-20",2.5491
"1991-12-21",5.4395
"1991-12-22",7.3043
"1991-12-23",5.5843
"1991-12-24",4.5544
"1991-12-25",8.1993
"1991-12-26",9.3394
"1991-12-27",9.6291
"1991-12-28",6.9693
"1991-12-29",5.7188
"1991-12-30",5.5192
"1991-12-31",6.7736
"1992-01-01",6.314
"1992-01-02",7.5285
"1992-01-03",6.2433
"1992-01-04",5.6285
"1992-01-05",4.6788
"1992-01-06",3.7284
"1992-01-07",3.6236
"1992-01-08",3.0983
"1992-01-09",4.8386
"1992-01-10",5.5535
"1992-01-11",4.7087
"1992-01-12",3.1438
"1992-01-13",4.8287
"1992-01-14",6.9285
"1992-01-15",8.4034
"1992-01-16",8.7231
"1992-01-17",5.0286
"1992-01-18",5.4786
"1992-01-19",6.8936
"1992-01-20",6.5981
"1992-01-21",6.2539
"1992-01-22",6.8385
"1992-01-23",6.4838
"1992-01-24",8.3489
"1992-01-25",8.0334
"1992-01-26",5.939
"1992-01-27",8.3681
"1992-01-28",9.4085
"1992-01-29",10.2035
"1992-01-30",8.7385
"1992-01-31",9.6366
"1992-02-01",7.5214
"1992-02-02",7.7614
"1992-02-03",9.8117
"1992-02-04",8.5164
"1992-02-05",7.7914
"1992-02-06",7.3664
"1992-02-07",7.3616
"1992-02-08",5.9367
"1992-02-09",9.7564
"1992-02-10",9.9667
"1992-02-11",10.2611
"1992-02-12",9.8865
"1992-02-13",6.7419
"1992-02-14",7.5114
"1992-02-15",5.6317
"1992-02-16",5.8716
"1992-02-17",4.9969
"1992-02-18",5.4812
"1992-02-19",7.3268
"1992-02-20",8.2265
"1992-02-21",9.4916
"1992-02-22",9.6568
"1992-02-23",9.6316
"1992-02-24",11.6463
"1992-02-25",13.7316
"1992-02-26",14.4565
"1992-02-27",13.3419
"1992-02-28",12.4218
"1992-02-29",10.8561
"1992-03-01",11.7415
"1992-03-02",10.0463
"1992-03-03",9.9313
"1992-03-04",8.616
"1992-03-05",10.601
"1992-03-06",9.5961
"1992-03-07",9.1113
"1992-03-08",9.4861
"1992-03-09",9.9711
"1992-03-10",10.756
"1992-03-11",11.4713
"1992-03-12",12.0657
"1992-03-13",12.1108
"1992-03-14",9.8661
"1992-03-15",11.2207
"1992-03-16",9.8912
"1992-03-17",8.1664
"1992-03-18",9.091
"1992-03-19",11.7614
"1992-03-20",12.2513
"1992-03-21",12.7614
"1992-03-22",11.4411
"1992-03-23",10.7063
"1992-03-24",12.2109
"1992-03-25",11.0116
"1992-03-26",10.216
"1992-03-27",9.3909
"1992-03-28",8.281
"1992-03-29",11.421
"1992-03-30",11.026
"1992-03-31",14.2185
"1992-04-01",16.3086
"1992-04-02",16.2687
"1992-04-03",11.6436
"1992-04-04",9.0839
"1992-04-05",7.5734
"1992-04-06",8.0286
"1992-04-07",7.2339
"1992-04-08",8.6487
"1992-04-09",12.3786
"1992-04-10",11.6235
"1992-04-11",14.2788
"1992-04-12",12.6737
"1992-04-13",12.7088
"1992-04-14",13.1533
"1992-04-15",12.1937
"1992-04-16",12.1785
"1992-04-17",11.369
"1992-04-18",11.5134
"1992-04-19",13.6084
"1992-04-20",12.2385
"1992-04-21",9.0532
"1992-04-22",8.5881
"1992-04-23",10.494
"1992-04-24",13.8736
"1992-04-25",17.7136
"1992-04-26",16.2235
"1992-04-27",16.4281
"1992-04-28",17.1337
"1992-04-29",15.9581
"1992-04-30",12.2396
"1992-05-01",12.0499
"1992-05-02",14.985
"1992-05-03",20.1648
"1992-05-04",18.7045
"1992-05-05",19.4994
"1992-05-06",20.6896
"1992-05-07",17.6046
"1992-05-08",12.8799
"1992-05-09",13.0598
"1992-05-10",14.4949
"1992-05-11",10.4696
"1992-05-12",10.6046
"1992-05-13",14.7243
"1992-05-14",16.5399
"1992-05-15",14.8399
"1992-05-16",17.185
"1992-05-17",17.0948
"1992-05-18",16.6399
"1992-05-19",16.9144
"1992-05-20",12.2198
"1992-05-21",11.8344
"1992-05-22",14.0744
"1992-05-23",19.6195
"1992-05-24",22.3845
"1992-05-25",17.2899
"1992-05-26",16.7196
"1992-05-27",15.6392
"1992-05-28",18.0298
"1992-05-29",18.0642
"1992-05-30",18.7345
"1992-05-31",21.9148
"1992-06-01",19.5693
"1992-06-02",16.3492
"1992-06-03",18.1891
"1992-06-04",16.8098
"1992-06-05",16.8695
"1992-06-06",17.8443
"1992-06-07",16.0948
"1992-06-08",17.5594
"1992-06-09",16.9945
"1992-06-10",16.0543
"1992-06-11",16.8944
"1992-06-12",14.3639
"1992-06-13",13.2747
"1992-06-14",14.3545
"1992-06-15",15.0648
"1992-06-16",15.4195
"1992-06-17",17.0795
"1992-06-18",18.4295
"1992-06-19",18.6594
"1992-06-20",20.2543
"1992-06-21",24.0745
"1992-06-22",27.1048
"1992-06-23",23.5541
"1992-06-24",20.1697
"1992-06-25",20.8442
"1992-06-26",20.8443
"1992-06-27",21.4046
"1992-06-28",19.0794
"1992-06-29",17.1145
"1992-06-30",17.139
"1992-07-01",18.8689
"1992-07-02",17.2991
"1992-07-03",20.3041
"1992-07-04",18.0293
"1992-07-05",18.0492
"1992-07-06",18.7087
"1992-07-07",19.4989
"1992-07-08",18.1193
"1992-07-09",19.5292
"1992-07-10",20.1492
"1992-07-11",19.2293
"1992-07-12",19.9441
"1992-07-13",18.7996
"1992-07-14",19.1337
"1992-07-15",19.8241
"1992-07-16",23.3538
"1992-07-17",26.6642
"1992-07-18",23.1591
"1992-07-19",21.4338
"1992-07-20",18.2889
"1992-07-21",18.3541
"1992-07-22",17.829
"1992-07-23",17.8589
"1992-07-24",19.1738
"1992-07-25",20.4539
"1992-07-26",21.0091
"1992-07-27",20.6938
"1992-07-28",20.8492
"1992-07-29",22.4145
"1992-07-30",24.1691
"1992-07-31",19.3565
"1992-08-01",18.6667
"1992-08-02",19.3715
"1992-08-03",18.7419
"1992-08-04",17.1169
"1992-08-05",18.2272
"1992-08-06",16.637
"1992-08-07",19.0864
"1992-08-08",16.1915
"1992-08-09",19.2269
"1992-08-10",23.1717
"1992-08-11",27.1167
"1992-08-12",23.9216
"1992-08-13",22.952
"1992-08-14",23.5014
"1992-08-15",21.5418
"1992-08-16",20.8268
"1992-08-17",22.1168
"1992-08-18",21.1166
"1992-08-19",20.6819
"1992-08-20",19.1569
"1992-08-21",15.2365
"1992-08-22",16.1067
"1992-08-23",17.9271
"1992-08-24",19.7971
"1992-08-25",19.9067
"1992-08-26",22.5818
"1992-08-27",22.7869
"1992-08-28",19.3164
"1992-08-29",20.2167
"1992-08-30",16.8621
"1992-08-31",17.062
"1992-09-01",18.5216
"1992-09-02",19.0017
"1992-09-03",15.7066
"1992-09-04",14.7421
"1992-09-05",13.4815
"1992-09-06",13.0214
"1992-09-07",14.2969
"1992-09-08",15.2066
"1992-09-09",19.3165
"1992-09-10",20.0616
"1992-09-11",17.5116
"1992-09-12",12.3564
"1992-09-13",11.9516
"1992-09-14",12.1763
"1992-09-15",12.9217
"1992-09-16",15.8767
"1992-09-17",17.152
"1992-09-18",17.4766
"1992-09-19",16.1469
"1992-09-20",18.0968
"1992-09-21",21.6518
"1992-09-22",21.4066
"1992-09-23",15.4818
"1992-09-24",12.5268
"1992-09-25",14.6719
"1992-09-26",17.1213
"1992-09-27",16.6218
"1992-09-28",19.4767
"1992-09-29",20.0617
"1992-09-30",18.8128
"1992-10-01",14.2822
"1992-10-02",12.868
"1992-10-03",12.9474
"1992-10-04",12.3979
"1992-10-05",12.4974
"1992-10-06",14.1327
"1992-10-07",17.7273
"1992-10-08",12.8178
"1992-10-09",12.6081
"1992-10-10",15.4724
"1992-10-11",16.9575
"1992-10-12",16.4776
"1992-10-13",11.9977
"1992-10-14",7.8475
"1992-10-15",8.0274
"1992-10-16",11.4026
"1992-10-17",13.433
"1992-10-18",13.3775
"1992-10-19",11.3227
"1992-10-20",11.5125
"1992-10-21",12.048
"1992-10-22",11.1877
"1992-10-23",17.1076
"1992-10-24",16.0727
"1992-10-25",13.3423
"1992-10-26",10.5827
"1992-10-27",10.9979
"1992-10-28",7.7275
"1992-10-29",7.5727
"1992-10-30",8.5924
"1992-10-31",9.6619
"1992-11-01",10.2069
"1992-11-02",10.4372
"1992-11-03",9.4519
"1992-11-04",10.7874
"1992-11-05",9.8615
"1992-11-06",10.5668
"1992-11-07",8.7674
"1992-11-08",7.0118
"1992-11-09",6.5969
"1992-11-10",4.7419
"1992-11-11",5.0571
"1992-11-12",10.4268
"1992-11-13",9.5919
"1992-11-14",9.992
"1992-11-15",10.832
"1992-11-16",8.9216
"1992-11-17",8.7223
"1992-11-18",7.8871
"1992-11-19",6.1971
"1992-11-20",5.307
"1992-11-21",7.3975
"1992-11-22",6.1418
"1992-11-23",4.3821
"1992-11-24",4.632
"1992-11-25",7.4373
"1992-11-26",9.5918
"1992-11-27",7.5471
"1992-11-28",5.4572
"1992-11-29",3.0622
"1992-11-30",5.9053
"1992-12-01",6.3356
"1992-12-02",5.4204
"1992-12-03",2.3601
"1992-12-04",3.1403
"1992-12-05",2.2953
"1992-12-06",4.8003
"1992-12-07",4.2653
"1992-12-08",6.0253
"1992-12-09",5.1206
"1992-12-10",5.6603
"1992-12-11",4.2402
"1992-12-12",5.5453
"1992-12-13",5.6055
"1992-12-14",5.9303
"1992-12-15",2.9002
"1992-12-16",3.5106
"1992-12-17",2.1052
"1992-12-18",3.6206
"1992-12-19",2.0056
"1992-12-20",3.9855
"1992-12-21",4.9502
"1992-12-22",5.9002
"1992-12-23",6.4351
"1992-12-24",4.9402
"1992-12-25",1.1652
"1992-12-26",4.0004
"1992-12-27",4.2357
"1992-12-28",4.4857
"1992-12-29",3.4302
"1992-12-30",1.5206
"1992-12-31",1.2771
"1993-01-01",-0.2035
"1993-01-02",0.862
"1993-01-03",1.5168
"1993-01-04",1.0772
"1993-01-05",0.862
"1993-01-06",-0.4627
"1993-01-07",0.9821
"1993-01-08",1.2018
"1993-01-09",-1.7829
"1993-01-10",-3.2032
"1993-01-11",-1.2183
"1993-01-12",0.6565
"1993-01-13",-0.7832
"1993-01-14",0.1666
"1993-01-15",1.5816
"1993-01-16",2.2821
"1993-01-17",1.2622
"1993-01-18",1.4823
"1993-01-19",2.6568
"1993-01-20",4.7722
"1993-01-21",4.2716
"1993-01-22",2.5871
"1993-01-23",1.662
"1993-01-24",6.0615
"1993-01-25",9.077
"1993-01-26",7.5815
"1993-01-27",6.9518
"1993-01-28",5.9316
"1993-01-29",7.4172
"1993-01-30",5.3367
"1993-01-31",6.4213
"1993-02-01",6.1569
"1993-02-02",8.4067
"1993-02-03",7.3769
"1993-02-04",8.9412
"1993-02-05",8.2767
"1993-02-06",9.9216
"1993-02-07",8.7267
"1993-02-08",8.3268
"1993-02-09",6.977
"1993-02-10",6.8521
"1993-02-11",6.9417
"1993-02-12",5.6068
"1993-02-13",6.1762
"1993-02-14",4.5719
"1993-02-15",0.8917
"1993-02-16",-4.6631
"1993-02-17",-3.3835
"1993-02-18",-0.1289
"1993-02-19",1.9816
"1993-02-20",1.007
"1993-02-21",1.6664
"1993-02-22",2.8613
"1993-02-23",1.1765
"1993-02-24",2.2163
"1993-02-25",2.2616
"1993-02-26",2.4216
"1993-02-27",3.4872
"1993-02-28",6.0983
"1993-03-01",5.3586
"1993-03-02",8.0684
"1993-03-03",9.1686
"1993-03-04",9.6235
"1993-03-05",12.574
"1993-03-06",12.4837
"1993-03-07",12.4583
"1993-03-08",11.3587
"1993-03-09",11.7788
"1993-03-10",12.089
"1993-03-11",10.7539
"1993-03-12",11.7836
"1993-03-13",9.8036
"1993-03-14",9.8434
"1993-03-15",9.4042
"1993-03-16",9.5684
"1993-03-17",10.9485
"1993-03-18",10.7187
"1993-03-19",10.6938
"1993-03-20",9.1286
"1993-03-21",9.1488
"1993-03-22",9.8389
"1993-03-23",8.5788
"1993-03-24",7.4383
"1993-03-25",7.6337
"1993-03-26",8.0336
"1993-03-27",7.844
"1993-03-28",8.634
"1993-03-29",7.3784
"1993-03-30",9.5188
"1993-03-31",13.0422
"1993-04-01",9.1819
"1993-04-02",8.6866
"1993-04-03",10.3471
"1993-04-04",9.1073
"1993-04-05",8.9622
"1993-04-06",10.3223
"1993-04-07",12.2371
"1993-04-08",10.5919
"1993-04-09",9.5526
"1993-04-10",8.5169
"1993-04-11",8.1468
"1993-04-12",7.6521
"1993-04-13",9.8322
"1993-04-14",10.1475
"1993-04-15",11.3271
"1993-04-16",11.0975
"1993-04-17",11.0069
"1993-04-18",9.7221
"1993-04-19",10.6126
"1993-04-20",14.0773
"1993-04-21",11.9922
"1993-04-22",9.652
"1993-04-23",10.6721
"1993-04-24",11.3122
"1993-04-25",11.752
"1993-04-26",10.3422
"1993-04-27",12.3072
"1993-04-28",11.3868
"1993-04-29",14.952
"1993-04-30",12.0348
"1993-05-01",11.79
"1993-05-02",15.5895
"1993-05-03",11.6597
"1993-05-04",12.4542
"1993-05-05",13.1993
"1993-05-06",11.0542
"1993-05-07",9.9397
"1993-05-08",11.6947
"1993-05-09",13.7547
"1993-05-10",16.8395
"1993-05-11",14.3842
"1993-05-12",13.7348
"1993-05-13",15.1495
"1993-05-14",13.7047
"1993-05-15",16.1995
"1993-05-16",16.5794
"1993-05-17",18.4297
"1993-05-18",18.8894
"1993-05-19",17.819
"1993-05-20",15.7393
"1993-05-21",13.4547
"1993-05-22",15.9748
"1993-05-23",17.7244
"1993-05-24",17.8148
"1993-05-25",15.7144
"1993-05-26",17.3296
"1993-05-27",16.1491
"1993-05-28",15.2994
"1993-05-29",16.8944
"1993-05-30",19.0945
"1993-05-31",16.8275
"1993-06-01",13.9771
"1993-06-02",14.3818
"1993-06-03",16.177
"1993-06-04",13.1719
"1993-06-05",14.1073
"1993-06-06",15.9926
"1993-06-07",14.9372
"1993-06-08",14.2475
"1993-06-09",11.7221
"1993-06-10",13.3123
"1993-06-11",10.7268
"1993-06-12",13.9873
"1993-06-13",15.167
"1993-06-14",17.8367
"1993-06-15",17.0374
"1993-06-16",18.1621
"1993-06-17",19.917
"1993-06-18",20.0467
"1993-06-19",17.6971
"1993-06-20",16.6372
"1993-06-21",13.5523
"1993-06-22",13.757
"1993-06-23",15.0425
"1993-06-24",17.4974
"1993-06-25",21.2468
"1993-06-26",18.9067
"1993-06-27",16.1969
"1993-06-28",14.6918
"1993-06-29",16.7269
"1993-06-30",17.4999
"1993-07-01",17.4202
"1993-07-02",15.1702
"1993-07-03",16.2156
"1993-07-04",17.5952
"1993-07-05",15.9905
"1993-07-06",15.5653
"1993-07-07",16.2704
"1993-07-08",18.2008
"1993-07-09",15.7353
"1993-07-10",16.8153
"1993-07-11",15.87
"1993-07-12",15.2155
"1993-07-13",16.36
"1993-07-14",15.525
"1993-07-15",16.5301
"1993-07-16",16.4202
"1993-07-17",16.5305
"1993-07-18",18.1354
"1993-07-19",15.4858
"1993-07-20",16.8853
"1993-07-21",17.1252
"1993-07-22",17.5602
"1993-07-23",18.6701
"1993-07-24",17.19
"1993-07-25",17.5801
"1993-07-26",18.7553
"1993-07-27",20.2956
"1993-07-28",16.0804
"1993-07-29",16.73
"1993-07-30",17.5202
"1993-07-31",20.4122
"1993-08-01",23.0864
"1993-08-02",23.4866
"1993-08-03",25.5823
"1993-08-04",23.2718
"1993-08-05",20.9818
"1993-08-06",19.9015
"1993-08-07",18.1621
"1993-08-08",16.9618
"1993-08-09",17.1119
"1993-08-10",17.7218
"1993-08-11",19.4017
"1993-08-12",19.2969
"1993-08-13",18.1171
"1993-08-14",15.7616
"1993-08-15",17.4421
"1993-08-16",17.8371
"1993-08-17",19.2473
"1993-08-18",19.9118
"1993-08-19",19.6921
"1993-08-20",18.3765
"1993-08-21",17.1123
"1993-08-22",20.4515
"1993-08-23",17.272
"1993-08-24",14.2721
"1993-08-25",14.5318
"1993-08-26",17.0217
"1993-08-27",18.4819
"1993-08-28",17.2821
"1993-08-29",18.8723
"1993-08-30",21.3365
"1993-08-31",20.6134
"1993-09-01",18.0688
"1993-09-02",19.0235
"1993-09-03",18.5239
"1993-09-04",17.2987
"1993-09-05",18.3239
"1993-09-06",18.3885
"1993-09-07",20.6486
"1993-09-08",21.869
"1993-09-09",22.6332
"1993-09-10",18.1187
"1993-09-11",15.7938
"1993-09-12",14.3182
"1993-09-13",16.4285
"1993-09-14",15.0633
"1993-09-15",14.5988
"1993-09-16",16.2439
"1993-09-17",15.1284
"1993-09-18",12.9592
"1993-09-19",11.809
"1993-09-20",11.5438
"1993-09-21",13.1487
"1993-09-22",14.1386
"1993-09-23",16.0233
"1993-09-24",17.2036
"1993-09-25",16.5638
"1993-09-26",20.4289
"1993-09-27",19.5239
"1993-09-28",19.6586
"1993-09-29",18.8486
"1993-09-30",18.5891
"1993-10-01",15.2689
"1993-10-02",17.384
"1993-10-03",14.9486
"1993-10-04",15.0839
"1993-10-05",11.919
"1993-10-06",12.309
"1993-10-07",12.1142
"1993-10-08",12.7293
"1993-10-09",14.7689
"1993-10-10",14.354
"1993-10-11",14.6593
"1993-10-12",13.5292
"1993-10-13",14.1038
"1993-10-14",13.2788
"1993-10-15",11.6487
"1993-10-16",10.0539
"1993-10-17",9.9591
"1993-10-18",10.7292
"1993-10-19",12.7188
"1993-10-20",12.954
"1993-10-21",13.2343
"1993-10-22",13.3839
"1993-10-23",12.5637
"1993-10-24",11.3035
"1993-10-25",10.8987
"1993-10-26",13.4439
"1993-10-27",15.8436
"1993-10-28",13.9338
"1993-10-29",13.904
"1993-10-30",13.8539
"1993-10-31",10.2344
"1993-11-01",7.1536
"1993-11-02",8.3444
"1993-11-03",8.9444
"1993-11-04",6.4741
"1993-11-05",6.849
"1993-11-06",6.6694
"1993-11-07",4.6942
"1993-11-08",1.5289
"1993-11-09",3.9944
"1993-11-10",6.0591
"1993-11-11",3.9892
"1993-11-12",5.2891
"1993-11-13",5.434
"1993-11-14",3.3993
"1993-11-15",2.8641
"1993-11-16",5.1741
"1993-11-17",4.7692
"1993-11-18",3.6538
"1993-11-19",2.6538
"1993-11-20",2.8586
"1993-11-21",0.9795
"1993-11-22",0.7142
"1993-11-23",-0.2164
"1993-11-24",-2.7511
"1993-11-25",0.2989
"1993-11-26",1.6942
"1993-11-27",4.4188
"1993-11-28",4.684
"1993-11-29",7.1737
"1993-11-30",4.3888
"1993-12-01",8.3092
"1993-12-02",5.9042
"1993-12-03",9.244
"1993-12-04",5.119
"1993-12-05",1.7288
"1993-12-06",1.5285
"1993-12-07",5.1639
"1993-12-08",5.984
"1993-12-09",5.8294
"1993-12-10",8.3592
"1993-12-11",5.4692
"1993-12-12",3.2243
"1993-12-13",5.454
"1993-12-14",4.994
"1993-12-15",5.0189
"1993-12-16",2.6592
"1993-12-17",1.3041
"1993-12-18",0.9739
"1993-12-19",1.2736
"1993-12-20",2.124
"1993-12-21",0.4286
"1993-12-22",1.4238
"1993-12-23",1.9688
"1993-12-24",5.1739
"1993-12-25",4.0537
"1993-12-26",3.5189
"1993-12-27",4.2288
"1993-12-28",4.3542
"1993-12-29",4.2886
"1993-12-30",7.0391
"1993-12-31",6.5227
"1994-01-01",6.8229
"1994-01-02",7.8333
"1994-01-03",9.288
"1994-01-04",6.783
"1994-01-05",4.5576
"1994-01-06",4.5383
"1994-01-07",4.0379
"1994-01-08",6.6184
"1994-01-09",6.2882
"1994-01-10",5.268
"1994-01-11",6.9526
"1994-01-12",6.963
"1994-01-13",9.9332
"1994-01-14",8.618
"1994-01-15",6.4132
"1994-01-16",4.6682
"1994-01-17",5.5479
"1994-01-18",5.8681
"1994-01-19",5.9381
"1994-01-20",7.173
"1994-01-21",7.8531
"1994-01-22",9.1081
"1994-01-23",7.5733
"1994-01-24",5.7576
"1994-01-25",4.3777
"1994-01-26",3.868
"1994-01-27",2.2577
"1994-01-28",2.7481
"1994-01-29",4.5225
"1994-01-30",4.5084
"1994-01-31",4.4825
"1994-02-01",4.9427
"1994-02-02",5.4228
"1994-02-03",4.5979
"1994-02-04",3.9024
"1994-02-05",4.3923
"1994-02-06",4.4874
"1994-02-07",3.4423
"1994-02-08",0.1576
"1994-02-09",4.3375
"1994-02-10",4.3677
"1994-02-11",4.2826
"1994-02-12",5.1626
"1994-02-13",5.0623
"1994-02-14",5.2123
"1994-02-15",7.4476
"1994-02-16",8.2273
"1994-02-17",6.1624
"1994-02-18",3.2874
"1994-02-19",4.9921
"1994-02-20",4.5623
"1994-02-21",3.9674
"1994-02-22",4.2971
"1994-02-23",6.9526
"1994-02-24",8.0026
"1994-02-25",8.9074
"1994-02-26",8.6725
"1994-02-27",8.0975
"1994-02-28",11.8822
"1994-03-01",13.1718
"1994-03-02",11.4919
"1994-03-03",12.4672
"1994-03-04",8.7518
"1994-03-05",5.6972
"1994-03-06",6.4967
"1994-03-07",7.5519
"1994-03-08",9.8917
"1994-03-09",11.4816
"1994-03-10",8.3573
"1994-03-11",8.7722
"1994-03-12",11.2523
"1994-03-13",14.0815
"1994-03-14",13.4565
"1994-03-15",7.4565
"1994-03-16",7.7123
"1994-03-17",7.7365
"1994-03-18",5.5568
"1994-03-19",5.7173
"1994-03-20",5.4917
"1994-03-21",4.7465
"1994-03-22",4.2468
"1994-03-23",6.3419
"1994-03-24",10.2367
"1994-03-25",10.2517
"1994-03-26",11.7669
"1994-03-27",14.8023
"1994-03-28",12.752
"1994-03-29",13.567
"1994-03-30",9.7625
"1994-03-31",10.6412
"1994-04-01",12.4661
"1994-04-02",12.1311
"1994-04-03",9.7016
"1994-04-04",8.091
"1994-04-05",9.1169
"1994-04-06",8.3116
"1994-04-07",8.5363
"1994-04-08",10.2564
"1994-04-09",8.2766
"1994-04-10",11.5611
"1994-04-11",11.7563
"1994-04-12",10.9064
"1994-04-13",8.1663
"1994-04-14",10.2911
"1994-04-15",12.7212
"1994-04-16",16.4263
"1994-04-17",15.1567
"1994-04-18",15.7612
"1994-04-19",13.6265
"1994-04-20",14.131
"1994-04-21",12.4959
"1994-04-22",10.4917
"1994-04-23",10.9565
"1994-04-24",10.1017
"1994-04-25",11.0314
"1994-04-26",10.8767
"1994-04-27",11.7763
"1994-04-28",12.9365
"1994-04-29",12.6216
"1994-04-30",12.016
"1994-05-01",11.3213
"1994-05-02",10.8406
"1994-05-03",13.4808
"1994-05-04",15.5308
"1994-05-05",17.7612
"1994-05-06",19.4958
"1994-05-07",18.6963
"1994-05-08",15.4809
"1994-05-09",15.591
"1994-05-10",18.9858
"1994-05-11",15.9412
"1994-05-12",14.701
"1994-05-13",12.7754
"1994-05-14",13.8007
"1994-05-15",12.2953
"1994-05-16",12.1164
"1994-05-17",12.2509
"1994-05-18",14.1607
"1994-05-19",12.8912
"1994-05-20",13.9309
"1994-05-21",12.7461
"1994-05-22",16.4007
"1994-05-23",16.3357
"1994-05-24",16.471
"1994-05-25",15.7165
"1994-05-26",13.9559
"1994-05-27",12.7156
"1994-05-28",9.126
"1994-05-29",14.131
"1994-05-30",14.8855
"1994-05-31",15.1722
"1994-06-01",14.8623
"1994-06-02",15.5278
"1994-06-03",13.6222
"1994-06-04",13.4273
"1994-06-05",14.4724
"1994-06-06",12.4024
"1994-06-07",13.7377
"1994-06-08",15.0971
"1994-06-09",17.2271
"1994-06-10",19.352
"1994-06-11",18.602
"1994-06-12",16.1322
"1994-06-13",12.6024
"1994-06-14",12.1627
"1994-06-15",12.032
"1994-06-16",15.0371
"1994-06-17",14.9621
"1994-06-18",15.1575
"1994-06-19",16.2423
"1994-06-20",17.3922
"1994-06-21",17.4872
"1994-06-22",16.6323
"1994-06-23",14.4775
"1994-06-24",15.1025
"1994-06-25",14.0918
"1994-06-26",16.8375
"1994-06-27",18.6025
"1994-06-28",18.542
"1994-06-29",17.0671
"1994-06-30",17.4868
"1994-07-01",15.4623
"1994-07-02",17.7265
"1994-07-03",16.9269
"1994-07-04",16.0964
"1994-07-05",16.4718
"1994-07-06",20.0266
"1994-07-07",22.0117
"1994-07-08",21.1922
"1994-07-09",20.0571
"1994-07-10",20.5869
"1994-07-11",20.2567
"1994-07-12",20.1568
"1994-07-13",20.1818
"1994-07-14",19.1121
"1994-07-15",20.037
"1994-07-16",20.8019
"1994-07-17",21.1916
"1994-07-18",22.0467
"1994-07-19",23.2816
"1994-07-20",22.9314
"1994-07-21",23.0972
"1994-07-22",20.362
"1994-07-23",23.197
"1994-07-24",21.5872
"1994-07-25",20.6965
"1994-07-26",21.1022
"1994-07-27",22.1218
"1994-07-28",19.7521
"1994-07-29",19.192
"1994-07-30",20.362
"1994-07-31",19.2123
"1994-08-01",18.442
"1994-08-02",18.9322
"1994-08-03",18.9419
"1994-08-04",19.1171
"1994-08-05",17.6121
"1994-08-06",20.1376
"1994-08-07",17.4417
"1994-08-08",16.7174
"1994-08-09",19.1822
"1994-08-10",19.4725
"1994-08-11",19.1771
"1994-08-12",19.3175
"1994-08-13",18.8175
"1994-08-14",18.3267
"1994-08-15",19.897
"1994-08-16",19.1772
"1994-08-17",20.6319
"1994-08-18",18.037
"1994-08-19",19.3119
"1994-08-20",18.4671
"1994-08-21",17.3569
"1994-08-22",19.1671
"1994-08-23",19.1217
"1994-08-24",19.9966
"1994-08-25",19.127
"1994-08-26",18.8369
"1994-08-27",20.342
"1994-08-28",18.8919
"1994-08-29",18.557
"1994-08-30",19.527
"1994-08-31",16.8931
"1994-09-01",15.2838
"1994-09-02",14.3835
"1994-09-03",16.7834
"1994-09-04",17.9087
"1994-09-05",19.1085
"1994-09-06",17.5538
"1994-09-07",16.5386
"1994-09-08",15.6982
"1994-09-09",13.7783
"1994-09-10",13.588
"1994-09-11",15.2985
"1994-09-12",15.8235
"1994-09-13",15.8086
"1994-09-14",16.3534
"1994-09-15",19.6281
"1994-09-16",21.6986
"1994-09-17",20.1483
"1994-09-18",20.8236
"1994-09-19",19.9884
"1994-09-20",21.0984
"1994-09-21",23.4581
"1994-09-22",24.0185
"1994-09-23",19.368
"1994-09-24",17.8185
"1994-09-25",18.7881
"1994-09-26",19.7086
"1994-09-27",21.0878
"1994-09-28",19.9036
"1994-09-29",14.4529
"1994-09-30",16.6347
"1994-10-01",17.1003
"1994-10-02",14.3502
"1994-10-03",12.6752
"1994-10-04",12.3198
"1994-10-05",12.6848
"1994-10-06",11.1358
"1994-10-07",13.6101
"1994-10-08",16.0703
"1994-10-09",13.1252
"1994-10-10",11.9455
"1994-10-11",9.5955
"1994-10-12",9.3899
"1994-10-13",10.0801
"1994-10-14",10.0702
"1994-10-15",8.6599
"1994-10-16",9.7957
"1994-10-17",11.3505
"1994-10-18",9.1655
"1994-10-19",9.3501
"1994-10-20",10.6005
"1994-10-21",11.615
"1994-10-22",9.69
"1994-10-23",9.3348
"1994-10-24",12.1206
"1994-10-25",13.1952
"1994-10-26",9.8051
"1994-10-27",11.9
"1994-10-28",8.6556
"1994-10-29",7.6949
"1994-10-30",6.9752
"1994-10-31",9.3003
"1994-11-01",6.8543
"1994-11-02",5.1148
"1994-11-03",3.9398
"1994-11-04",6.8449
"1994-11-05",6.3646
"1994-11-06",6.1048
"1994-11-07",6.3847
"1994-11-08",5.4542
"1994-11-09",7.1445
"1994-11-10",4.5099
"1994-11-11",4.8146
"1994-11-12",5.4796
"1994-11-13",6.2644
"1994-11-14",6.1347
"1994-11-15",7.1049
"1994-11-16",4.5443
"1994-11-17",2.6845
"1994-11-18",2.0948
"1994-11-19",3.805
"1994-11-20",4.0545
"1994-11-21",2.7295
"1994-11-22",3.3144
"1994-11-23",4.8096
"1994-11-24",7.1145
"1994-11-25",4.1493
"1994-11-26",2.5094
"1994-11-27",3.8847
"1994-11-28",4.1697
"1994-11-29",6.7097
"1994-11-30",10.1401
"1994-12-01",6.7752
"1994-12-02",3.5749
"1994-12-03",1.79
"1994-12-04",0.0806
"1994-12-05",0.9952
"1994-12-06",1.7301
"1994-12-07",3.5449
"1994-12-08",3.9002
"1994-12-09",4.0605
"1994-12-10",4.1405
"1994-12-11",4.7049
"1994-12-12",5.3554
"1994-12-13",4.2451
"1994-12-14",4.4148
"1994-12-15",4.6101
"1994-12-16",8.4352
"1994-12-17",10.9099
"1994-12-18",7.68
"1994-12-19",9.2954
"1994-12-20",9.5056
"1994-12-21",9.205
"1994-12-22",7.3754
"1994-12-23",7.8646
"1994-12-24",5.7602
"1994-12-25",4.7451
"1994-12-26",9.2
"1994-12-27",8.8352
"1994-12-28",4.7605
"1994-12-29",2.5754
"1994-12-30",4.1156
"1994-12-31",3.6216
"1995-01-01",3.4715
"1995-01-02",4.6312
"1995-01-03",3.8967
"1995-01-04",4.1461
"1995-01-05",4.4658
"1995-01-06",5.1811
"1995-01-07",5.8265
"1995-01-08",7.221
"1995-01-09",9.8863
"1995-01-10",8.7663
"1995-01-11",7.3011
"1995-01-12",5.7609
"1995-01-13",8.1714
"1995-01-14",7.0409
"1995-01-15",5.6061
"1995-01-16",3.5163
"1995-01-17",3.5614
"1995-01-18",7.4464
"1995-01-19",7.9163
"1995-01-20",8.6367
"1995-01-21",7.0964
"1995-01-22",7.0666
"1995-01-23",7.6413
"1995-01-24",7.1061
"1995-01-25",7.3958
"1995-01-26",7.4263
"1995-01-27",7.5663
"1995-01-28",7.9915
"1995-01-29",8.7914
"1995-01-30",11.7313
"1995-01-31",11.7789
"1995-02-01",8.1883
"1995-02-02",9.194
"1995-02-03",11.8538
"1995-02-04",13.3685
"1995-02-05",11.0337
"1995-02-06",10.1838
"1995-02-07",7.2688
"1995-02-08",8.1338
"1995-02-09",7.8481
"1995-02-10",8.1386
"1995-02-11",6.0736
"1995-02-12",3.569
"1995-02-13",0.7087
"1995-02-14",0.0238
"1995-02-15",1.5088
"1995-02-16",4.3287
"1995-02-17",7.1384
"1995-02-18",10.8237
"1995-02-19",11.7934
"1995-02-20",11.8588
"1995-02-21",11.1985
"1995-02-22",9.7137
"1995-02-23",11.1235
"1995-02-24",9.724
"1995-02-25",9.8786
"1995-02-26",10.2885
"1995-02-27",7.8087
"1995-02-28",7.0443
"1995-03-01",6.1096
"1995-03-02",6.1897
"1995-03-03",6.7346
"1995-03-04",5.9344
"1995-03-05",5.2495
"1995-03-06",5.8496
"1995-03-07",6.7096
"1995-03-08",9.9948
"1995-03-09",11.8996
"1995-03-10",10.5795
"1995-03-11",10.2347
"1995-03-12",9.1151
"1995-03-13",10.2197
"1995-03-14",10.8699
"1995-03-15",8.8999
"1995-03-16",10.3998
"1995-03-17",11.44
"1995-03-18",10.3147
"1995-03-19",9.0053
"1995-03-20",7.7498
"1995-03-21",5.9798
"1995-03-22",6.2344
"1995-03-23",5.6803
"1995-03-24",5.29
"1995-03-25",6.1399
"1995-03-26",8.1348
"1995-03-27",9.6701
"1995-03-28",11.1698
"1995-03-29",12.5998
"1995-03-30",14.0695
"1995-03-31",11.9675
"1995-04-01",10.4373
"1995-04-02",11.0528
"1995-04-03",13.0521
"1995-04-04",9.962
"1995-04-05",10.1878
"1995-04-06",11.0375
"1995-04-07",9.4677
"1995-04-08",7.6226
"1995-04-09",7.2176
"1995-04-10",8.2077
"1995-04-11",10.2572
"1995-04-12",10.1326
"1995-04-13",7.9475
"1995-04-14",6.9377
"1995-04-15",8.6024
"1995-04-16",8.9425
"1995-04-17",8.4575
"1995-04-18",6.6472
"1995-04-19",6.5829
"1995-04-20",7.1173
"1995-04-21",10.0923
"1995-04-22",12.4227
"1995-04-23",14.6973
"1995-04-24",16.1677
"1995-04-25",11.3123
"1995-04-26",11.3525
"1995-04-27",10.8069
"1995-04-28",11.0872
"1995-04-29",11.4125
"1995-04-30",14.153
"1995-05-01",12.6676
"1995-05-02",12.4979
"1995-05-03",12.5628
"1995-05-04",12.163
"1995-05-05",11.2028
"1995-05-06",11.908
"1995-05-07",11.6982
"1995-05-08",12.6628
"1995-05-09",13.7982
"1995-05-10",12.7532
"1995-05-11",10.6228
"1995-05-12",10.8778
"1995-05-13",13.3625
"1995-05-14",16.6828
"1995-05-15",17.7228
"1995-05-16",14.703
"1995-05-17",13.8024
"1995-05-18",11.2229
"1995-05-19",13.2674
"1995-05-20",16.4973
"1995-05-21",15.4476
"1995-05-22",16.3274
"1995-05-23",14.7281
"1995-05-24",15.5827
"1995-05-25",18.6329
"1995-05-26",16.7927
"1995-05-27",15.5129
"1995-05-28",18.9378
"1995-05-29",18.9582
"1995-05-30",16.1329
"1995-05-31",17.846
"1995-06-01",16.6713
"1995-06-02",16.1659
"1995-06-03",16.7959
"1995-06-04",14.5357
"1995-06-05",11.0857
"1995-06-06",11.5213
"1995-06-07",15.621
"1995-06-08",17.201
"1995-06-09",15.0663
"1995-06-10",15.4908
"1995-06-11",15.4661
"1995-06-12",13.6105
"1995-06-13",12.9907
"1995-06-14",12.9061
"1995-06-15",15.8555
"1995-06-16",16.3604
"1995-06-17",13.4458
"1995-06-18",12.7154
"1995-06-19",12.8113
"1995-06-20",14.4205
"1995-06-21",15.6459
"1995-06-22",18.6762
"1995-06-23",20.876
"1995-06-24",20.0257
"1995-06-25",19.9509
"1995-06-26",20.0058
"1995-06-27",21.7759
"1995-06-28",22.5905
"1995-06-29",23.7512
"1995-06-30",23.6812
"1995-07-01",21.7811
"1995-07-02",19.8408
"1995-07-03",17.3557
"1995-07-04",19.936
"1995-07-05",20.0763
"1995-07-06",17.8409
"1995-07-07",18.5465
"1995-07-08",20.9661
"1995-07-09",17.7808
"1995-07-10",16.8209
"1995-07-11",17.6856
"1995-07-12",17.7664
"1995-07-13",17.7314
"1995-07-14",19.7462
"1995-07-15",20.726
"1995-07-16",23.0361
"1995-07-17",26.3158
"1995-07-18",23.291
"1995-07-19",22.9058
"1995-07-20",22.3261
"1995-07-21",20.6813
"1995-07-22",19.9412
"1995-07-23",19.5307
"1995-07-24",19.676
"1995-07-25",20.0861
"1995-07-26",18.891
"1995-07-27",22.6515
"1995-07-28",21.4811
"1995-07-29",17.3709
"1995-07-30",18.8012
"1995-07-31",21.5688
"1995-08-01",20.6388
"1995-08-02",20.3692
"1995-08-03",20.304
"1995-08-04",22.1238
"1995-08-05",20.6187
"1995-08-06",17.4287
"1995-08-07",15.9838
"1995-08-08",17.3489
"1995-08-09",18.9138
"1995-08-10",16.9439
"1995-08-11",17.8184
"1995-08-12",17.889
"1995-08-13",17.4188
"1995-08-14",18.6438
"1995-08-15",17.2684
"1995-08-16",14.3185
"1995-08-17",14.894
"1995-08-18",17.059
"1995-08-19",19.5086
"1995-08-20",20.2385
"1995-08-21",18.7486
"1995-08-22",19.8036
"1995-08-23",17.1588
"1995-08-24",17.6539
"1995-08-25",17.1091
"1995-08-26",16.0488
"1995-08-27",16.9033
"1995-08-28",16.7585
"1995-08-29",18.0937
"1995-08-30",19.0183
"1995-08-31",19.6699
"1995-09-01",18.7593
"1995-09-02",18.5444
"1995-09-03",16.7643
"1995-09-04",17.0395
"1995-09-05",16.6199
"1995-09-06",16.9846
"1995-09-07",15.6494
"1995-09-08",18.8392
"1995-09-09",20.7343
"1995-09-10",19.0393
"1995-09-11",20.629
"1995-09-12",20.5794
"1995-09-13",21.3892
"1995-09-14",20.3945
"1995-09-15",18.9596
"1995-09-16",18.4692
"1995-09-17",17.4247
"1995-09-18",19.0197
"1995-09-19",19.8845
"1995-09-20",20.7998
"1995-09-21",21.7799
"1995-09-22",20.6692
"1995-09-23",17.8099
"1995-09-24",18.1443
"1995-09-25",15.3791
"1995-09-26",14.145
"1995-09-27",13.7149
"1995-09-28",13.2247
"1995-09-29",13.859
"1995-09-30",13.607
"1995-10-01",12.3873
"1995-10-02",12.2873
"1995-10-03",11.6926
"1995-10-04",11.2969
"1995-10-05",13.177
"1995-10-06",11.9023
"1995-10-07",11.6026
"1995-10-08",12.4718
"1995-10-09",12.3627
"1995-10-10",12.7675
"1995-10-11",10.5676
"1995-10-12",9.8969
"1995-10-13",11.4525
"1995-10-14",15.7823
"1995-10-15",15.6126
"1995-10-16",12.5178
"1995-10-17",10.2773
"1995-10-18",10.8322
"1995-10-19",12.6376
"1995-10-20",10.9426
"1995-10-21",8.6923
"1995-10-22",8.4924
"1995-10-23",9.7124
"1995-10-24",10.3325
"1995-10-25",8.6369
"1995-10-26",12.7022
"1995-10-27",10.2772
"1995-10-28",10.2368
"1995-10-29",10.0273
"1995-10-30",9.9871
"1995-10-31",7.9683
"1995-11-01",5.9234
"1995-11-02",5.5332
"1995-11-03",6.2434
"1995-11-04",8.8634
"1995-11-05",8.2381
"1995-11-06",8.1281
"1995-11-07",10.8682
"1995-11-08",11.9335
"1995-11-09",7.3534
"1995-11-10",8.3785
"1995-11-11",12.5881
"1995-11-12",11.7083
"1995-11-13",14.5231
"1995-11-14",14.4085
"1995-11-15",13.2834
"1995-11-16",13.9577
"1995-11-17",14.8131
"1995-11-18",10.943
"1995-11-19",10.0433
"1995-11-20",10.7679
"1995-11-21",12.6632
"1995-11-22",12.1631
"1995-11-23",13.4783
"1995-11-24",10.4836
"1995-11-25",8.3986
"1995-11-26",5.3982
"1995-11-27",7.0581
"1995-11-28",11.1032
"1995-11-29",9.2626
"1995-11-30",8.3375
"1995-12-01",6.917
"1995-12-02",5.8373
"1995-12-03",5.4472
"1995-12-04",4.7318
"1995-12-05",3.967
"1995-12-06",5.3318
"1995-12-07",5.1025
"1995-12-08",4.1618
"1995-12-09",7.5722
"1995-12-10",9.7823
"1995-12-11",7.6471
"1995-12-12",7.3617
"1995-12-13",6.7569
"1995-12-14",6.317
"1995-12-15",6.3872
"1995-12-16",4.5919
"1995-12-17",7.5123
"1995-12-18",8.2569
"1995-12-19",7.4175
"1995-12-20",6.4819
"1995-12-21",4.6621
"1995-12-22",4.7168
"1995-12-23",3.6674
"1995-12-24",3.2374
"1995-12-25",3.302
"1995-12-26",3.8522
"1995-12-27",4.6617
"1995-12-28",6.2167
"1995-12-29",6.5124
"1995-12-30",10.5122
"1995-12-31",9.2356
"1996-01-01",7.0001
"1996-01-02",8.1304
"1996-01-03",5.0999
"1996-01-04",4.3403
"1996-01-05",3.6049
"1996-01-06",7.6303
"1996-01-07",7.3504
"1996-01-08",10.6751
"1996-01-09",8.8402
"1996-01-10",7.1456
"1996-01-11",7.2899
"1996-01-12",8.1255
"1996-01-13",7.2205
"1996-01-14",7.6106
"1996-01-15",8.3006
"1996-01-16",6.2699
"1996-01-17",4.0605
"1996-01-18",3.8305
"1996-01-19",6.0699
"1996-01-20",5.2401
"1996-01-21",4.2853
"1996-01-22",3.4053
"1996-01-23",3.6056
"1996-01-24",3.2903
"1996-01-25",3.545
"1996-01-26",3.6003
"1996-01-27",4.2706
"1996-01-28",2.1305
"1996-01-29",1.6949
"1996-01-30",-1.9696
"1996-01-31",-1.288
"1996-02-01",-2.2276
"1996-02-02",-2.4976
"1996-02-03",0.1825
"1996-02-04",4.7673
"1996-02-05",5.9125
"1996-02-06",7.8029
"1996-02-07",8.5223
"1996-02-08",8.0276
"1996-02-09",7.2379
"1996-02-10",7.5875
"1996-02-11",9.5823
"1996-02-12",10.4822
"1996-02-13",12.8181
"1996-02-14",11.8578
"1996-02-15",10.8323
"1996-02-16",9.9127
"1996-02-17",11.7127
"1996-02-18",10.2871
"1996-02-19",8.7527
"1996-02-20",7.5777
"1996-02-21",4.9221
"1996-02-22",4.162
"1996-02-23",4.2127
"1996-02-24",2.7925
"1996-02-25",2.9625
"1996-02-26",1.2523
"1996-02-27",1.2471
"1996-02-28",1.8626
"1996-02-29",5.6759
"1996-03-01",7.5911
"1996-03-02",9.7512
"1996-03-03",9.1615
"1996-03-04",9.1313
"1996-03-05",6.2963
"1996-03-06",8.9161
"1996-03-07",10.2513
"1996-03-08",12.9515
"1996-03-09",14.3066
"1996-03-10",12.0018
"1996-03-11",10.2466
"1996-03-12",9.5716
"1996-03-13",8.9763
"1996-03-14",10.9264
"1996-03-15",8.2766
"1996-03-16",6.7513
"1996-03-17",10.6368
"1996-03-18",12.4012
"1996-03-19",9.4716
"1996-03-20",8.4017
"1996-03-21",8.6662
"1996-03-22",6.301
"1996-03-23",8.4661
"1996-03-24",6.3765
"1996-03-25",5.1866
"1996-03-26",7.5764
"1996-03-27",6.3564
"1996-03-28",7.4214
"1996-03-29",5.9667
"1996-03-30",6.6763
"1996-03-31",10.0123
"1996-04-01",11.6525
"1996-04-02",10.0073
"1996-04-03",10.7919
"1996-04-04",12.7125
"1996-04-05",16.3077
"1996-04-06",17.4928
"1996-04-07",16.7826
"1996-04-08",15.7421
"1996-04-09",12.5124
"1996-04-10",10.003
"1996-04-11",10.3177
"1996-04-12",7.6871
"1996-04-13",10.6925
"1996-04-14",14.2772
"1996-04-15",12.8222
"1996-04-16",9.9423
"1996-04-17",8.7527
"1996-04-18",5.2023
"1996-04-19",8.9674
"1996-04-20",8.6674
"1996-04-21",8.7826
"1996-04-22",10.5623
"1996-04-23",12.8678
"1996-04-24",10.968
"1996-04-25",10.6427
"1996-04-26",10.9678
"1996-04-27",8.9723
"1996-04-28",12.2225
"1996-04-29",14.5725
"1996-04-30",12.2192
"1996-05-01",12.5888
"1996-05-02",8.5093
"1996-05-03",7.5292
"1996-05-04",9.9592
"1996-05-05",10.5492
"1996-05-06",11.6247
"1996-05-07",7.1642
"1996-05-08",9.4294
"1996-05-09",10.1991
"1996-05-10",10.1643
"1996-05-11",11.3037
"1996-05-12",16.1296
"1996-05-13",16.099
"1996-05-14",15.6038
"1996-05-15",13.2241
"1996-05-16",14.4643
"1996-05-17",13.0645
"1996-05-18",11.8341
"1996-05-19",12.114
"1996-05-20",12.1941
"1996-05-21",11.5795
"1996-05-22",10.6788
"1996-05-23",10.3244
"1996-05-24",12.0536
"1996-05-25",17.9492
"1996-05-26",14.7196
"1996-05-27",12.0138
"1996-05-28",10.0792
"1996-05-29",11.9545
"1996-05-30",12.4845
"1996-05-31",13.9244
"1996-06-01",19.1641
"1996-06-02",21.8342
"1996-06-03",19.2946
"1996-06-04",15.4444
"1996-06-05",16.8197
"1996-06-06",17.6047
"1996-06-07",16.3894
"1996-06-08",15.0543
"1996-06-09",13.7095
"1996-06-10",15.6146
"1996-06-11",15.5199
"1996-06-12",15.4142
"1996-06-13",15.3495
"1996-06-14",15.0143
"1996-06-15",14.36
"1996-06-16",14.0697
"1996-06-17",11.7997
"1996-06-18",12.2749
"1996-06-19",15.6492
"1996-06-20",15.2497
"1996-06-21",14.8895
"1996-06-22",13.5396
"1996-06-23",14.6095
"1996-06-24",14.5698
"1996-06-25",16.4699
"1996-06-26",17.2546
"1996-06-27",16.4241
"1996-06-28",17.0895
"1996-06-29",17.824
"1996-06-30",19.348
"1996-07-01",21.6072
"1996-07-02",21.7875
"1996-07-03",16.3772
"1996-07-04",17.5424
"1996-07-05",16.7371
"1996-07-06",19.4277
"1996-07-07",21.9576
"1996-07-08",19.8773
"1996-07-09",18.4624
"1996-07-10",18.7576
"1996-07-11",21.3123
"1996-07-12",24.4126
"1996-07-13",26.6176
"1996-07-14",26.8771
"1996-07-15",21.1174
"1996-07-16",17.7073
"1996-07-17",14.0123
"1996-07-18",15.6577
"1996-07-19",16.5372
"1996-07-20",19.0073
"1996-07-21",21.4427
"1996-07-22",23.5771
"1996-07-23",26.1877
"1996-07-24",25.6074
"1996-07-25",25.7777
"1996-07-26",24.2526
"1996-07-27",22.8627
"1996-07-28",23.2872
"1996-07-29",23.578
"1996-07-30",21.7922
"1996-07-31",18.8691
"1996-08-01",16.8791
"1996-08-02",15.3889
"1996-08-03",16.6343
"1996-08-04",17.8386
"1996-08-05",16.0096
"1996-08-06",18.5245
"1996-08-07",22.1341
"1996-08-08",24.4788
"1996-08-09",23.6994
"1996-08-10",23.394
"1996-08-11",17.9189
"1996-08-12",20.1789
"1996-08-13",22.8389
"1996-08-14",19.8345
"1996-08-15",19.6491
"1996-08-16",20.0836
"1996-08-17",16.8046
"1996-08-18",16.5444
"1996-08-19",16.7538
"1996-08-20",16.3342
"1996-08-21",19.1344
"1996-08-22",21.2842
"1996-08-23",23.2189
"1996-08-24",23.8088
"1996-08-25",22.8943
"1996-08-26",19.1336
"1996-08-27",19.1245
"1996-08-28",20.9895
"1996-08-29",22.2694
"1996-08-30",19.7193
"1996-08-31",15.9259
"1996-09-01",16.2961
"1996-09-02",16.0009
"1996-09-03",14.9657
"1996-09-04",13.2661
"1996-09-05",13.1407
"1996-09-06",15.4154
"1996-09-07",16.4857
"1996-09-08",17.6907
"1996-09-09",17.4606
"1996-09-10",18.7811
"1996-09-11",17.2606
"1996-09-12",14.2462
"1996-09-13",12.6958
"1996-09-14",12.0008
"1996-09-15",11.9453
"1996-09-16",12.696
"1996-09-17",13.8059
"1996-09-18",14.6306
"1996-09-19",15.9009
"1996-09-20",13.2558
"1996-09-21",13.0761
"1996-09-22",11.5858
"1996-09-23",13.8203
"1996-09-24",14.7862
"1996-09-25",15.5906
"1996-09-26",17.5011
"1996-09-27",19.8962
"1996-09-28",20.9961
"1996-09-29",19.2706
"1996-09-30",16.8834
"1996-10-01",15.1036
"1996-10-02",14.6935
"1996-10-03",16.3637
"1996-10-04",16.504
"1996-10-05",15.6336
"1996-10-06",17.1635
"1996-10-07",18.5284
"1996-10-08",20.3043
"1996-10-09",21.2792
"1996-10-10",14.0336
"1996-10-11",13.9833
"1996-10-12",11.9436
"1996-10-13",9.3132
"1996-10-14",9.269
"1996-10-15",8.9034
"1996-10-16",7.4391
"1996-10-17",7.2185
"1996-10-18",7.8689
"1996-10-19",5.8338
"1996-10-20",6.8139
"1996-10-21",6.5685
"1996-10-22",10.0283
"1996-10-23",8.9086
"1996-10-24",8.6184
"1996-10-25",6.5237
"1996-10-26",6.6243
"1996-10-27",8.649
"1996-10-28",8.5992
"1996-10-29",7.8738
"1996-10-30",8.5685
"1996-10-31",8.0765
"1996-11-01",8.8213
"1996-11-02",9.7057
"1996-11-03",7.9311
"1996-11-04",6.9914
"1996-11-05",6.2711
"1996-11-06",7.326
"1996-11-07",7.641
"1996-11-08",11.3008
"1996-11-09",11.8359
"1996-11-10",11.6463
"1996-11-11",13.0506
"1996-11-12",12.091
"1996-11-13",9.271
"1996-11-14",6.5214
"1996-11-15",5.9807
"1996-11-16",5.9159
"1996-11-17",7.2363
"1996-11-18",6.781
"1996-11-19",7.461
"1996-11-20",5.4259
"1996-11-21",4.2565
"1996-11-22",3.2861
"1996-11-23",2.481
"1996-11-24",8.1811
"1996-11-25",7.6256
"1996-11-26",5.1961
"1996-11-27",8.6211
"1996-11-28",6.4207
"1996-11-29",6.076
"1996-11-30",8.1017
"1996-12-01",4.7269
"1996-12-02",4.5518
"1996-12-03",4.5868
"1996-12-04",6.3769
"1996-12-05",5.1417
"1996-12-06",4.4714
"1996-12-07",6.3614
"1996-12-08",8.8568
"1996-12-09",7.0417
"1996-12-10",5.5964
"1996-12-11",4.6466
"1996-12-12",6.6319
"1996-12-13",5.1365
"1996-12-14",3.9114
"1996-12-15",5.4761
"1996-12-16",7.2968
"1996-12-17",3.9214
"1996-12-18",4.7668
"1996-12-19",6.2216
"1996-12-20",5.7468
"1996-12-21",3.7416
"1996-12-22",4.252
"1996-12-23",3.507
"1996-12-24",6.7467
"1996-12-25",9.7068
"1996-12-26",9.0866
"1996-12-27",4.132
"1996-12-28",1.7064
"1996-12-29",7.9169
"1996-12-30",9.2861
"1996-12-31",10.2255
"1997-01-01",9.8106
"1997-01-02",8.0257
"1997-01-03",4.1953
"1997-01-04",2.6558
"1997-01-05",3.3756
"1997-01-06",1.7452
"1997-01-07",5.7755
"1997-01-08",6.1856
"1997-01-09",8.7651
"1997-01-10",8.1007
"1997-01-11",3.9252
"1997-01-12",-0.4294
"1997-01-13",-3.4043
"1997-01-14",-0.8391
"1997-01-15",1.7006
"1997-01-16",3.8153
"1997-01-17",8.5703
"1997-01-18",11.2155
"1997-01-19",9.6704
"1997-01-20",6.5803
"1997-01-21",4.5857
"1997-01-22",3.7109
"1997-01-23",2.7855
"1997-01-24",2.9457
"1997-01-25",1.8652
"1997-01-26",1.4253
"1997-01-27",2.4257
"1997-01-28",7.5555
"1997-01-29",8.4908
"1997-01-30",10.4055
"1997-01-31",9.25
"1997-02-01",5.6298
"1997-02-02",4.8552
"1997-02-03",6.1096
"1997-02-04",6.5448
"1997-02-05",5.3044
"1997-02-06",5.6547
"1997-02-07",4.8446
"1997-02-08",4.6346
"1997-02-09",4.4496
"1997-02-10",5.8699
"1997-02-11",4.0599
"1997-02-12",4.1995
"1997-02-13",4.0548
"1997-02-14",8.7248
"1997-02-15",9.7995
"1997-02-16",11.8343
"1997-02-17",6.13
"1997-02-18",5.8147
"1997-02-19",5.7991
"1997-02-20",5.5046
"1997-02-21",5.5446
"1997-02-22",5.1896
"1997-02-23",5.5697
"1997-02-24",7.0794
"1997-02-25",7.2847
"1997-02-26",6.3698
"1997-02-27",5.0799
"1997-02-28",6.2386
"1997-03-01",7.0339
"1997-03-02",4.8035
"1997-03-03",3.9037
"1997-03-04",4.8183
"1997-03-05",6.2737
"1997-03-06",7.3985
"1997-03-07",8.0136
"1997-03-08",6.1684
"1997-03-09",9.5787
"1997-03-10",10.6986
"1997-03-11",6.6987
"1997-03-12",4.914
"1997-03-13",5.2987
"1997-03-14",5.7689
"1997-03-15",9.5938
"1997-03-16",10.8442
"1997-03-17",10.8186
"1997-03-18",11.3984
"1997-03-19",13.0735
"1997-03-20",10.1138
"1997-03-21",8.4637
"1997-03-22",6.899
"1997-03-23",9.4338
"1997-03-24",11.8434
"1997-03-25",13.7736
"1997-03-26",9.4085
"1997-03-27",7.8589
"1997-03-28",6.0786
"1997-03-29",9.1786
"1997-03-30",8.8187
"1997-03-31",6.3007
"1997-04-01",7.031
"1997-04-02",8.4605
"1997-04-03",8.9806
"1997-04-04",7.3653
"1997-04-05",7.8759
"1997-04-06",8.7808
"1997-04-07",10.7255
"1997-04-08",7.7501
"1997-04-09",8.4904
"1997-04-10",8.4257
"1997-04-11",8.4101
"1997-04-12",9.3606
"1997-04-13",10.2804
"1997-04-14",11.2755
"1997-04-15",14.2458
"1997-04-16",12.6954
"1997-04-17",12.8504
"1997-04-18",9.8457
"1997-04-19",13.7556
"1997-04-20",11.9456
"1997-04-21",11.456
"1997-04-22",12.4304
"1997-04-23",9.8208
"1997-04-24",11.1606
"1997-04-25",13.5603
"1997-04-26",13.4858
"1997-04-27",8.7855
"1997-04-28",8.9156
"1997-04-29",11.6106
"1997-04-30",10.2631
"1997-05-01",9.9333
"1997-05-02",9.8582
"1997-05-03",13.2683
"1997-05-04",14.7029
"1997-05-05",13.0531
"1997-05-06",13.663
"1997-05-07",14.4484
"1997-05-08",14.7932
"1997-05-09",16.0883
"1997-05-10",18.5481
"1997-05-11",22.878
"1997-05-12",18.7427
"1997-05-13",19.7079
"1997-05-14",19.2433
"1997-05-15",19.928
"1997-05-16",19.9926
"1997-05-17",19.218
"1997-05-18",18.1686
"1997-05-19",18.9028
"1997-05-20",12.7581
"1997-05-21",12.8779
"1997-05-22",12.7328
"1997-05-23",13.4983
"1997-05-24",11.9331
"1997-05-25",13.6434
"1997-05-26",14.8882
"1997-05-27",16.2127
"1997-05-28",18.958
"1997-05-29",18.6877
"1997-05-30",20.483
"1997-05-31",17.0261
"1997-06-01",13.6366
"1997-06-02",16.9211
"1997-06-03",15.3163
"1997-06-04",15.2559
"1997-06-05",15.931
"1997-06-06",15.8561
"1997-06-07",16.666
"1997-06-08",15.7408
"1997-06-09",16.7265
"1997-06-10",17.216
"1997-06-11",17.096
"1997-06-12",13.476
"1997-06-13",16.3815
"1997-06-14",17.8207
"1997-06-15",19.6761
"1997-06-16",17.6462
"1997-06-17",17.4163
"1997-06-18",15.8518
"1997-06-19",16.0061
"1997-06-20",16.066
"1997-06-21",12.8962
"1997-06-22",13.6661
"1997-06-23",15.2465
"1997-06-24",15.7413
"1997-06-25",15.4762
"1997-06-26",14.3714
"1997-06-27",14.8808
"1997-06-28",14.4661
"1997-06-29",16.1107
"1997-06-30",16.2096
"1997-07-01",17.3395
"1997-07-02",18.069
"1997-07-03",21.3343
"1997-07-04",21.6296
"1997-07-05",18.6346
"1997-07-06",19.3641
"1997-07-07",18.7091
"1997-07-08",18.7843
"1997-07-09",17.3749
"1997-07-10",15.6496
"1997-07-11",17.5249
"1997-07-12",18.3443
"1997-07-13",20.1894
"1997-07-14",21.3893
"1997-07-15",20.6295
"1997-07-16",19.4344
"1997-07-17",19.7192
"1997-07-18",20.2292
"1997-07-19",20.4798
"1997-07-20",21.8399
"1997-07-21",18.6697
"1997-07-22",18.3896
"1997-07-23",19.6297
"1997-07-24",19.2545
"1997-07-25",18.3795
"1997-07-26",19.3047
"1997-07-27",20.9843
"1997-07-28",20.7295
"1997-07-29",18.8792
"1997-07-30",20.1596
"1997-07-31",19.1336
"1997-08-01",20.8129
"1997-08-02",19.4533
"1997-08-03",19.9186
"1997-08-04",21.0285
"1997-08-05",22.7783
"1997-08-06",21.5187
"1997-08-07",20.7833
"1997-08-08",19.9535
"1997-08-09",20.8983
"1997-08-10",22.8287
"1997-08-11",20.9582
"1997-08-12",23.363
"1997-08-13",22.4733
"1997-08-14",23.3032
"1997-08-15",19.6032
"1997-08-16",21.4639
"1997-08-17",20.2834
"1997-08-18",19.9486
"1997-08-19",21.4835
"1997-08-20",17.2483
"1997-08-21",20.6782
"1997-08-22",21.4684
"1997-08-23",21.4134
"1997-08-24",18.0632
"1997-08-25",18.4182
"1997-08-26",17.8486
"1997-08-27",18.5683
"1997-08-28",18.7283
"1997-08-29",19.3134
"1997-08-30",19.0531
"1997-08-31",18.2377
"1997-09-01",18.853
"1997-09-02",18.5076
"1997-09-03",19.0377
"1997-09-04",17.773
"1997-09-05",15.9178
"1997-09-06",17.2529
"1997-09-07",18.2225
"1997-09-08",20.4233
"1997-09-09",23.1175
"1997-09-10",19.4676
"1997-09-11",16.6025
"1997-09-12",15.903
"1997-09-13",14.3032
"1997-09-14",14.8979
"1997-09-15",12.5733
"1997-09-16",13.4977
"1997-09-17",12.6082
"1997-09-18",13.9132
"1997-09-19",15.8827
"1997-09-20",18.3679
"1997-09-21",19.7777
"1997-09-22",18.6583
"1997-09-23",20.7931
"1997-09-24",23.1425
"1997-09-25",19.1532
"1997-09-26",14.023
"1997-09-27",14.6427
"1997-09-28",17.7031
"1997-09-29",18.1531
"1997-09-30",12.6506
"1997-10-01",14.3802
"1997-10-02",11.7207
"1997-10-03",12.7153
"1997-10-04",12.4052
"1997-10-05",12.2952
"1997-10-06",10.661
"1997-10-07",9.1155
"1997-10-08",9.4507
"1997-10-09",9.2507
"1997-10-10",8.8908
"1997-10-11",9.3159
"1997-10-12",9.6659
"1997-10-13",12.0958
"1997-10-14",12.4208
"1997-10-15",15.9857
"1997-10-16",15.9854
"1997-10-17",13.7257
"1997-10-18",10.3908
"1997-10-19",10.2905
"1997-10-20",10.7906
"1997-10-21",10.7307
"1997-10-22",9.1208
"1997-10-23",9.5761
"1997-10-24",8.1708
"1997-10-25",9.7761
"1997-10-26",9.8255
"1997-10-27",11.8408
"1997-10-28",9.2358
"1997-10-29",10.2856
"1997-10-30",11.3608
"1997-10-31",11.8078
"1997-11-01",10.6582
"1997-11-02",12.0178
"1997-11-03",11.5878
"1997-11-04",13.423
"1997-11-05",13.8134
"1997-11-06",11.2778
"1997-11-07",10.1026
"1997-11-08",7.7676
"1997-11-09",8.5877
"1997-11-10",10.1685
"1997-11-11",9.3233
"1997-11-12",10.2282
"1997-11-13",7.7826
"1997-11-14",8.5431
"1997-11-15",7.5379
"1997-11-16",7.6528
"1997-11-17",8.3777
"1997-11-18",8.0228
"1997-11-19",8.1531
"1997-11-20",7.7682
"1997-11-21",7.6574
"1997-11-22",7.8079
"1997-11-23",8.7728
"1997-11-24",7.7627
"1997-11-25",7.223
"1997-11-26",8.0177
"1997-11-27",8.1579
"1997-11-28",8.1575
"1997-11-29",8.0926
"1997-11-30",5.2639
"1997-12-01",3.594
"1997-12-02",4.1343
"1997-12-03",5.2944
"1997-12-04",7.949
"1997-12-05",6.119
"1997-12-06",4.3346
"1997-12-07",5.5694
"1997-12-08",3.199
"1997-12-09",3.3242
"1997-12-10",4.7193
"1997-12-11",4.414
"1997-12-12",5.4293
"1997-12-13",7.0196
"1997-12-14",5.1343
"1997-12-15",3.6346
"1997-12-16",7.6193
"1997-12-17",4.0189
"1997-12-18",2.4542
"1997-12-19",1.7393
"1997-12-20",3.1091
"1997-12-21",2.6589
"1997-12-22",0.9046
"1997-12-23",2.1641
"1997-12-24",2.5391
"1997-12-25",1.0547
"1997-12-26",1.7343
"1997-12-27",4.4544
"1997-12-28",6.2188
"1997-12-29",7.2438
"1997-12-30",4.4292
"1997-12-31",8.2319
"1998-01-01",8.0668
"1998-01-02",3.8515
"1998-01-03",4.9172
"1998-01-04",4.1022
"1998-01-05",4.7816
"1998-01-06",5.4873
"1998-01-07",6.0266
"1998-01-08",4.2218
"1998-01-09",2.7619
"1998-01-10",5.4813
"1998-01-11",6.0871
"1998-01-12",5.227
"1998-01-13",7.1423
"1998-01-14",8.5265
"1998-01-15",6.5216
"1998-01-16",8.387
"1998-01-17",9.1116
"1998-01-18",8.707
"1998-01-19",5.7822
"1998-01-20",4.9668
"1998-01-21",4.9318
"1998-01-22",7.3821
"1998-01-23",8.6219
"1998-01-24",8.142
"1998-01-25",9.4516
"1998-01-26",7.542
"1998-01-27",8.637
"1998-01-28",10.007
"1998-01-29",8.4922
"1998-01-30",8.1822
"1998-01-31",10.109
"1998-02-01",8.7647
"1998-02-02",8.2141
"1998-02-03",7.6641
"1998-02-04",9.2293
"1998-02-05",8.7992
"1998-02-06",9.5593
"1998-02-07",7.4543
"1998-02-08",7.7441
"1998-02-09",6.4093
"1998-02-10",7.4743
"1998-02-11",6.6698
"1998-02-12",8.8243
"1998-02-13",6.7346
"1998-02-14",7.8845
"1998-02-15",7.2047
"1998-02-16",7.8745
"1998-02-17",8.1041
"1998-02-18",8.0845
"1998-02-19",9.3393
"1998-02-20",7.4892
"1998-02-21",6.5794
"1998-02-22",6.0148
"1998-02-23",6.9844
"1998-02-24",6.4349
"1998-02-25",5.4844
"1998-02-26",5.1498
"1998-02-27",6.2696
"1998-02-28",8.7513
"1998-03-01",9.6865
"1998-03-02",6.5763
"1998-03-03",4.9363
"1998-03-04",4.8714
"1998-03-05",4.9969
"1998-03-06",5.9067
"1998-03-07",6.2963
"1998-03-08",7.2118
"1998-03-09",8.1763
"1998-03-10",7.5912
"1998-03-11",11.7114
"1998-03-12",12.7269
"1998-03-13",12.5814
"1998-03-14",13.0868
"1998-03-15",11.3817
"1998-03-16",8.6611
"1998-03-17",7.4166
"1998-03-18",9.0361
"1998-03-19",12.1964
"1998-03-20",11.7213
"1998-03-21",11.261
"1998-03-22",10.0809
"1998-03-23",11.6216
"1998-03-24",11.0864
"1998-03-25",9.6364
"1998-03-26",7.0512
"1998-03-27",6.671
"1998-03-28",5.9564
"1998-03-29",6.7266
"1998-03-30",7.2362
"1998-03-31",8.1901
"1998-04-01",8.8449
"1998-04-02",8.2902
"1998-04-03",8.9104
"1998-04-04",7.9301
"1998-04-05",7.9556
"1998-04-06",7.7549
"1998-04-07",7.7006
"1998-04-08",6.7756
"1998-04-09",9.2758
"1998-04-10",9.7903
"1998-04-11",8.4056
"1998-04-12",7.9653
"1998-04-13",7.3954
"1998-04-14",8.0358
"1998-04-15",9.2656
"1998-04-16",9.6099
"1998-04-17",11.3753
"1998-04-18",10.8703
"1998-04-19",11.4851
"1998-04-20",12.6701
"1998-04-21",13.7852
"1998-04-22",16.8605
"1998-04-23",12.3253
"1998-04-24",9.8152
"1998-04-25",10.0006
"1998-04-26",12.0306
"1998-04-27",15.3708
"1998-04-28",17.7403
"1998-04-29",19.9303
"1998-04-30",20.4151
"1998-05-01",18.1144
"1998-05-02",15.3796
"1998-05-03",16.6201
"1998-05-04",14.055
"1998-05-05",13.99
"1998-05-06",15.6399
"1998-05-07",14.8345
"1998-05-08",11.0102
"1998-05-09",12.555
"1998-05-10",12.5098
"1998-05-11",10.9545
"1998-05-12",10.2347
"1998-05-13",11.3799
"1998-05-14",10.2646
"1998-05-15",9.9448
"1998-05-16",9.565
"1998-05-17",10.1801
"1998-05-18",12.3199
"1998-05-19",11.5799
"1998-05-20",10.9198
"1998-05-21",12.3246
"1998-05-22",12.4999
"1998-05-23",12.5497
"1998-05-24",12.545
"1998-05-25",9.4851
"1998-05-26",10.195
"1998-05-27",11.2597
"1998-05-28",11.6497
"1998-05-29",11.9346
"1998-05-30",14.8803
"1998-05-31",17.3779
"1998-06-01",18.1128
"1998-06-02",13.8984
"1998-06-03",15.9333
"1998-06-04",15.6931
"1998-06-05",17.4634
"1998-06-06",18.9236
"1998-06-07",17.0836
"1998-06-08",16.3684
"1998-06-09",19.1636
"1998-06-10",14.9485
"1998-06-11",16.5982
"1998-06-12",17.9631
"1998-06-13",15.5983
"1998-06-14",14.8785
"1998-06-15",15.6336
"1998-06-16",14.4986
"1998-06-17",16.7684
"1998-06-18",13.9737
"1998-06-19",15.5679
"1998-06-20",17.3133
"1998-06-21",18.8282
"1998-06-22",17.413
"1998-06-23",14.3737
"1998-06-24",14.4583
"1998-06-25",13.7589
"1998-06-26",14.4236
"1998-06-27",16.2734
"1998-06-28",17.7637
"1998-06-29",18.3487
"1998-06-30",18.6215
"1998-07-01",18.4462
"1998-07-02",19.3715
"1998-07-03",18.1361
"1998-07-04",16.0016
"1998-07-05",19.9715
"1998-07-06",21.3567
"1998-07-07",20.7367
"1998-07-08",19.7216
"1998-07-09",20.5918
"1998-07-10",18.3261
"1998-07-11",18.4717
"1998-07-12",17.7017
"1998-07-13",18.1014
"1998-07-14",18.0517
"1998-07-15",22.4413
"1998-07-16",24.2013
"1998-07-17",22.4466
"1998-07-18",20.9015
"1998-07-19",19.4416
"1998-07-20",21.1865
"1998-07-21",22.317
"1998-07-22",23.3317
"1998-07-23",21.5516
"1998-07-24",20.7963
"1998-07-25",22.7611
"1998-07-26",27.0461
"1998-07-27",29.1013
"1998-07-28",24.637
"1998-07-29",21.9963
"1998-07-30",20.6669
"1998-07-31",19.1558
"1998-08-01",19.6456
"1998-08-02",21.6654
"1998-08-03",22.3852
"1998-08-04",22.521
"1998-08-05",20.2951
"1998-08-06",18.8406
"1998-08-07",19.0003
"1998-08-08",19.5006
"1998-08-09",18.9557
"1998-08-10",21.1955
"1998-08-11",22.8157
"1998-08-12",23.4757
"1998-08-13",24.7853
"1998-08-14",24.0655
"1998-08-15",19.2054
"1998-08-16",17.9857
"1998-08-17",17.5457
"1998-08-18",18.3152
"1998-08-19",19.2504
"1998-08-20",17.4005
"1998-08-21",18.5601
"1998-08-22",19.0052
"1998-08-23",18.6252
"1998-08-24",18.4505
"1998-08-25",17.7208
"1998-08-26",18.8753
"1998-08-27",20.8856
"1998-08-28",22.3604
"1998-08-29",20.4051
"1998-08-30",21.2605
"1998-08-31",21.9214
"1998-09-01",22.8019
"1998-09-02",21.7219
"1998-09-03",22.2865
"1998-09-04",20.5415
"1998-09-05",18.4014
"1998-09-06",18.3767
"1998-09-07",19.9764
"1998-09-08",16.5967
"1998-09-09",14.4468
"1998-09-10",16.162
"1998-09-11",18.4772
"1998-09-12",19.1869
"1998-09-13",19.0365
"1998-09-14",20.4266
"1998-09-15",20.8814
"1998-09-16",16.7867
"1998-09-17",15.8614
"1998-09-18",14.3716
"1998-09-19",16.5166
"1998-09-20",15.5718
"1998-09-21",17.1821
"1998-09-22",18.6619
"1998-09-23",18.052
"1998-09-24",15.3068
"1998-09-25",13.7722
"1998-09-26",15.4465
"1998-09-27",18.8365
"1998-09-28",18.0616
"1998-09-29",17.292
"1998-09-30",17.3314
"1998-10-01",12.516
"1998-10-02",10.8311
"1998-10-03",10.5312
"1998-10-04",11.586
"1998-10-05",14.3113
"1998-10-06",17.0714
"1998-10-07",15.5165
"1998-10-08",11.3407
"1998-10-09",10.5212
"1998-10-10",10.5411
"1998-10-11",11.0811
"1998-10-12",11.7514
"1998-10-13",10.0807
"1998-10-14",9.9656
"1998-10-15",9.9111
"1998-10-16",9.4763
"1998-10-17",9.4064
"1998-10-18",9.896
"1998-10-19",11.6409
"1998-10-20",13.8914
"1998-10-21",16.441
"1998-10-22",14.4757
"1998-10-23",13.3609
"1998-10-24",10.916
"1998-10-25",11.4457
"1998-10-26",12.2859
"1998-10-27",8.6012
"1998-10-28",8.151
"1998-10-29",7.5812
"1998-10-30",8.1511
"1998-10-31",10.7987
"1998-11-01",10.1782
"1998-11-02",9.0436
"1998-11-03",8.573
"1998-11-04",10.9983
"1998-11-05",8.8681
"1998-11-06",8.2281
"1998-11-07",7.2333
"1998-11-08",7.7282
"1998-11-09",7.5682
"1998-11-10",7.8133
"1998-11-11",8.8831
"1998-11-12",6.6235
"1998-11-13",11.0334
"1998-11-14",12.5133
"1998-11-15",9.6183
"1998-11-16",9.6431
"1998-11-17",8.9729
"1998-11-18",7.7535
"1998-11-19",7.3029
"1998-11-20",11.1782
"1998-11-21",9.5037
"1998-11-22",7.1834
"1998-11-23",7.7933
"1998-11-24",7.8883
"1998-11-25",9.7884
"1998-11-26",8.9633
"1998-11-27",7.8084
"1998-11-28",6.3681
"1998-11-29",4.4733
"1998-11-30",6.3106
"1998-12-01",6.2716
"1998-12-02",6.826
"1998-12-03",4.2262
"1998-12-04",3.7812
"1998-12-05",3.6464
"1998-12-06",2.1361
"1998-12-07",3.1409
"1998-12-08",4.6258
"1998-12-09",3.9711
"1998-12-10",6.201
"1998-12-11",8.2762
"1998-12-12",10.2062
"1998-12-13",8.4814
"1998-12-14",4.7758
"1998-12-15",6.4457
"1998-12-16",7.8162
"1998-12-17",6.6065
"1998-12-18",3.4463
"1998-12-19",-0.8742
"1998-12-20",-5.5539
"1998-12-21",-6.8841
"1998-12-22",-4.3186
"1998-12-23",-5.1088
"1998-12-24",0.5763
"1998-12-25",5.466
"1998-12-26",5.886
"1998-12-27",6.0612
"1998-12-28",8.8057
"1998-12-29",9.9361
"1998-12-30",10.5412
"1998-12-31",7.8424
"1999-01-01",4.2573
"1999-01-02",3.5026
"1999-01-03",4.2375
"1999-01-04",6.7021
"1999-01-05",8.3426
"1999-01-06",4.8525
"1999-01-07",5.6023
"1999-01-08",4.1372
"1999-01-09",6.6377
"1999-01-10",8.4972
"1999-01-11",5.1378
"1999-01-12",7.1978
"1999-01-13",6.8273
"1999-01-14",7.5472
"1999-01-15",6.9871
"1999-01-16",5.3273
"1999-01-17",6.2827
"1999-01-18",5.6075
"1999-01-19",6.2526
"1999-01-20",5.5821
"1999-01-21",3.9972
"1999-01-22",4.3021
"1999-01-23",3.5424
"1999-01-24",2.3422
"1999-01-25",1.7928
"1999-01-26",3.3525
"1999-01-27",2.4773
"1999-01-28",5.7425
"1999-01-29",7.1772
"1999-01-30",5.5172
"1999-01-31",5.754
"1999-02-01",5.2939
"1999-02-02",7.719
"1999-02-03",6.329
"1999-02-04",5.164
"1999-02-05",3.8892
"1999-02-06",6.964
"1999-02-07",5.1542
"1999-02-08",3.7642
"1999-02-09",2.9589
"1999-02-10",3.1094
"1999-02-11",5.0838
"1999-02-12",7.6644
"1999-02-13",7.0791
"1999-02-14",6.1586
"1999-02-15",6.2188
"1999-02-16",7.2786
"1999-02-17",5.9691
"1999-02-18",4.5638
"1999-02-19",6.769
"1999-02-20",7.2891
"1999-02-21",5.984
"1999-02-22",7.5543
"1999-02-23",9.0736
"1999-02-24",9.2541
"1999-02-25",5.6442
"1999-02-26",4.5841
"1999-02-27",8.9239
"1999-02-28",6.1607
"1999-03-01",5.825
"1999-03-02",5.9103
"1999-03-03",4.9552
"1999-03-04",3.9906
"1999-03-05",4.0101
"1999-03-06",4.6657
"1999-03-07",4.1452
"1999-03-08",6.1951
"1999-03-09",4.2757
"1999-03-10",5.6404
"1999-03-11",6.3704
"1999-03-12",6.7552
"1999-03-13",9.9702
"1999-03-14",8.0254
"1999-03-15",7.6606
"1999-03-16",5.9154
"1999-03-17",6.5851
"1999-03-18",9.9402
"1999-03-19",13.3958
"1999-03-20",10.1458
"1999-03-21",9.6807
"1999-03-22",10.6058
"1999-03-23",8.4206
"1999-03-24",8.9955
"1999-03-25",8.0456
"1999-03-26",6.6006
"1999-03-27",6.5154
"1999-03-28",6.0807
"1999-03-29",6.0358
"1999-03-30",6.1455
"1999-03-31",6.6516
"1999-04-01",8.4916
"1999-04-02",5.9516
"1999-04-03",4.8267
"1999-04-04",4.5816
"1999-04-05",6.837
"1999-04-06",9.2765
"1999-04-07",7.5869
"1999-04-08",7.0865
"1999-04-09",5.4417
"1999-04-10",8.5866
"1999-04-11",12.1621
"1999-04-12",9.8571
"1999-04-13",11.1113
"1999-04-14",11.4668
"1999-04-15",15.3019
"1999-04-16",18.4171
"1999-04-17",15.4715
"1999-04-18",12.5369
"1999-04-19",10.7371
"1999-04-20",9.9318
"1999-04-21",8.3816
"1999-04-22",10.5417
"1999-04-23",13.9561
"1999-04-24",16.6516
"1999-04-25",9.9967
"1999-04-26",9.5117
"1999-04-27",7.0916
"1999-04-28",8.4015
"1999-04-29",11.6565
"1999-04-30",13.2149
"1999-05-01",10.4248
"1999-05-02",9.2501
"1999-05-03",8.7153
"1999-05-04",8.4451
"1999-05-05",11.5404
"1999-05-06",10.2201
"1999-05-07",7.1146
"1999-05-08",7.7351
"1999-05-09",7.705
"1999-05-10",8.6749
"1999-05-11",12.1102
"1999-05-12",10.9101
"1999-05-13",6.6446
"1999-05-14",9.4351
"1999-05-15",10.4799
"1999-05-16",10.815
"1999-05-17",12.6899
"1999-05-18",14.1796
"1999-05-19",12.69
"1999-05-20",12.0652
"1999-05-21",12.2201
"1999-05-22",16.8798
"1999-05-23",20.5149
"1999-05-24",17.6751
"1999-05-25",14.5853
"1999-05-26",13.9503
"1999-05-27",13.9652
"1999-05-28",13.3653
"1999-05-29",13.7198
"1999-05-30",14.3553
"1999-05-31",16.8795
"1999-06-01",13.1194
"1999-06-02",9.7593
"1999-06-03",13.4239
"1999-06-04",11.4445
"1999-06-05",14.1844
"1999-06-06",8.6195
"1999-06-07",9.624
"1999-06-08",11.8896
"1999-06-09",13.1946
"1999-06-10",15.2944
"1999-06-11",18.6687
"1999-06-12",18.9743
"1999-06-13",21.0743
"1999-06-14",19.594
"1999-06-15",16.7742
"1999-06-16",18.9839
"1999-06-17",16.2095
"1999-06-18",14.9044
"1999-06-19",16.7944
"1999-06-20",15.4989
"1999-06-21",16.2846
"1999-06-22",17.254
"1999-06-23",18.8946
"1999-06-24",15.4289
"1999-06-25",12.6993
"1999-06-26",13.8991
"1999-06-27",15.4844
"1999-06-28",16.5393
"1999-06-29",19.2388
"1999-06-30",18.5054
"1999-07-01",16.0407
"1999-07-02",13.5905
"1999-07-03",13.4203
"1999-07-04",14.2552
"1999-07-05",17.5607
"1999-07-06",17.9154
"1999-07-07",15.8705
"1999-07-08",19.2257
"1999-07-09",20.736
"1999-07-10",20.3407
"1999-07-11",22.0402
"1999-07-12",21.6708
"1999-07-13",20.0504
"1999-07-14",16.2757
"1999-07-15",17.6552
"1999-07-16",16.3306
"1999-07-17",15.4354
"1999-07-18",19.1006
"1999-07-19",22.0602
"1999-07-20",19.5052
"1999-07-21",18.7507
"1999-07-22",20.4504
"1999-07-23",20.5507
"1999-07-24",16.8905
"1999-07-25",19.1501
"1999-07-26",18.8155
"1999-07-27",20.2308
"1999-07-28",19.8508
"1999-07-29",18.8556
"1999-07-30",19.4252
"1999-07-31",19.0202
"1999-08-01",18.6753
"1999-08-02",19.2801
"1999-08-03",19.6051
"1999-08-04",21.7146
"1999-08-05",20.7949
"1999-08-06",18.99
"1999-08-07",16.9602
"1999-08-08",16.6502
"1999-08-09",20.85
"1999-08-10",20.8147
"1999-08-11",18.3654
"1999-08-12",18.3755
"1999-08-13",17.2601
"1999-08-14",17.2148
"1999-08-15",17.6651
"1999-08-16",21.4947
"1999-08-17",21.6253
"1999-08-18",19.5449
"1999-08-19",19.535
"1999-08-20",19.9299
"1999-08-21",19.0704
"1999-08-22",21.6401
"1999-08-23",22.8953
"1999-08-24",21.1702
"1999-08-25",20.6951
"1999-08-26",22.615
"1999-08-27",23.2601
"1999-08-28",21.0902
"1999-08-29",19.0601
"1999-08-30",14.485
"1999-08-31",13.2662
"1999-09-01",15.361
"1999-09-02",17.0813
"1999-09-03",18.1206
"1999-09-04",18.8363
"1999-09-05",17.6209
"1999-09-06",15.8061
"1999-09-07",16.2562
"1999-09-08",18.5811
"1999-09-09",15.1512
"1999-09-10",15.016
"1999-09-11",17.7961
"1999-09-12",21.6658
"1999-09-13",21.3913
"1999-09-14",19.4413
"1999-09-15",17.1609
"1999-09-16",16.1607
"1999-09-17",16.6058
"1999-09-18",20.8311
"1999-09-19",19.1404
"1999-09-20",21.111
"1999-09-21",20.1362
"1999-09-22",19.0207
"1999-09-23",15.961
"1999-09-24",14.8007
"1999-09-25",13.996
"1999-09-26",11.691
"1999-09-27",11.6158
"1999-09-28",15.0807
"1999-09-29",17.1756
"1999-09-30",13.6019
"1999-10-01",13.352
"1999-10-02",14.5515
"1999-10-03",15.407
"1999-10-04",13.0913
"1999-10-05",12.8515
"1999-10-06",12.777
"1999-10-07",12.7768
"1999-10-08",12.5012
"1999-10-09",11.5217
"1999-10-10",11.5272
"1999-10-11",13.9065
"1999-10-12",14.3064
"1999-10-13",14.3816
"1999-10-14",10.9763
"1999-10-15",8.327
"1999-10-16",9.9017
"1999-10-17",13.147
"1999-10-18",13.5617
"1999-10-19",15.2718
"1999-10-20",15.8267
"1999-10-21",15.2418
"1999-10-22",13.5367
"1999-10-23",10.3515
"1999-10-24",11.6065
"1999-10-25",8.4915
"1999-10-26",8.592
"1999-10-27",7.2813
"1999-10-28",7.1163
"1999-10-29",8.3618
"1999-10-30",10.8117
"1999-10-31",10.6057
"1999-11-01",9.5057
"1999-11-02",9.8657
"1999-11-03",8.1956
"1999-11-04",8.2406
"1999-11-05",6.421
"1999-11-06",13.1953
"1999-11-07",12.0456
"1999-11-08",9.471
"1999-11-09",8.5208
"1999-11-10",9.6306
"1999-11-11",11.2259
"1999-11-12",14.0956
"1999-11-13",16.1759
"1999-11-14",13.2955
"1999-11-15",13.4804
"1999-11-16",9.971
"1999-11-17",7.0406
"1999-11-18",8.5708
"1999-11-19",9.3757
"1999-11-20",7.6856
"1999-11-21",6.6956
"1999-11-22",6.0458
"1999-11-23",7.7958
"1999-11-24",8.0558
"1999-11-25",11.8659
"1999-11-26",9.0261
"1999-11-27",7.3361
"1999-11-28",7.2459
"1999-11-29",8.6806
"1999-11-30",7.3387
"1999-12-01",5.2382
"1999-12-02",5.6733
"1999-12-03",4.2235
"1999-12-04",3.9734
"1999-12-05",5.6485
"1999-12-06",6.0932
"1999-12-07",4.4638
"1999-12-08",4.6689
"1999-12-09",5.4584
"1999-12-10",4.2085
"1999-12-11",7.7886
"1999-12-12",6.0283
"1999-12-13",4.0084
"1999-12-14",4.7683
"1999-12-15",7.7283
"1999-12-16",9.3432
"1999-12-17",7.8136
"1999-12-18",6.7784
"1999-12-19",6.1883
"1999-12-20",4.8235
"1999-12-21",4.3087
"1999-12-22",6.5234
"1999-12-23",6.6336
"1999-12-24",4.6531
"1999-12-25",3.8783
"1999-12-26",5.1038
"1999-12-27",4.4087
"1999-12-28",5.3938
"1999-12-29",4.1238
"1999-12-30",2.0934
"1999-12-31",3.7171
"2000-01-01",4.9526
"2000-01-02",4.1076
"2000-01-03",5.9878
"2000-01-04",5.6477
"2000-01-05",4.0825
"2000-01-06",2.423
"2000-01-07",6.598
"2000-01-08",5.1474
"2000-01-09",4.9278
"2000-01-10",4.5225
"2000-01-11",2.1025
"2000-01-12",1.3677
"2000-01-13",2.7276
"2000-01-14",4.5427
"2000-01-15",2.6975
"2000-01-16",4.7327
"2000-01-17",4.8079
"2000-01-18",4.3023
"2000-01-19",4.0374
"2000-01-20",5.5072
"2000-01-21",5.9626
"2000-01-22",4.848
"2000-01-23",3.0076
"2000-01-24",5.1126
"2000-01-25",5.5579
"2000-01-26",4.1275
"2000-01-27",3.2875
"2000-01-28",4.0275
"2000-01-29",4.4028
"2000-01-30",4.5124
"2000-01-31",5.0791
"2000-02-01",8.9447
"2000-02-02",6.2442
"2000-02-03",8.9143
"2000-02-04",7.9742
"2000-02-05",8.0046
"2000-02-06",9.1246
"2000-02-07",9.865
"2000-02-08",7.6942
"2000-02-09",6.1245
"2000-02-10",5.2342
"2000-02-11",5.0998
"2000-02-12",4.7496
"2000-02-13",4.0297
"2000-02-14",6.9948
"2000-02-15",6.7443
"2000-02-16",7.275
"2000-02-17",6.9099
"2000-02-18",5.9301
"2000-02-19",6.5747
"2000-02-20",6.1896
"2000-02-21",7.3297
"2000-02-22",6.4043
"2000-02-23",4.9098
"2000-02-24",4.7147
"2000-02-25",6.125
"2000-02-26",7.5448
"2000-02-27",7.4798
"2000-02-28",6.4744
"2000-02-29",7.002
"2000-03-01",5.2467
"2000-03-02",8.167
"2000-03-03",7.6718
"2000-03-04",5.8571
"2000-03-05",5.1318
"2000-03-06",5.2423
"2000-03-07",6.9524
"2000-03-08",8.2123
"2000-03-09",7.8525
"2000-03-10",7.4521
"2000-03-11",7.0321
"2000-03-12",6.8972
"2000-03-13",8.3373
"2000-03-14",7.8769
"2000-03-15",7.7573
"2000-03-16",6.6326
"2000-03-17",5.4774
"2000-03-18",7.8873
"2000-03-19",5.6422
"2000-03-20",6.8221
"2000-03-21",10.4519
"2000-03-22",8.3171
"2000-03-23",6.3922
"2000-03-24",6.7971
"2000-03-25",8.3173
"2000-03-26",9.6474
"2000-03-27",6.3573
"2000-03-28",6.102
"2000-03-29",7.1673
"2000-03-30",8.512
"2000-03-31",11.5517
"2000-04-01",13.9018
"2000-04-02",14.9069
"2000-04-03",15.9113
"2000-04-04",11.2417
"2000-04-05",8.0069
"2000-04-06",8.4768
"2000-04-07",11.9865
"2000-04-08",12.6267
"2000-04-09",12.6067
"2000-04-10",12.5768
"2000-04-11",15.3869
"2000-04-12",13.8467
"2000-04-13",12.1871
"2000-04-14",11.5967
"2000-04-15",10.202
"2000-04-16",11.6665
"2000-04-17",13.2618
"2000-04-18",10.8113
"2000-04-19",10.4016
"2000-04-20",13.4664
"2000-04-21",11.8965
"2000-04-22",10.3765
"2000-04-23",7.9717
"2000-04-24",6.6715
"2000-04-25",10.2518
"2000-04-26",11.7664
"2000-04-27",10.9166
"2000-04-28",8.0763
"2000-04-29",9.8517
"2000-04-30",14.4438
"2000-05-01",14.4388
"2000-05-02",14.8241
"2000-05-03",12.1188
"2000-05-04",10.5594
"2000-05-05",10.1938
"2000-05-06",10.5088
"2000-05-07",11.7289
"2000-05-08",13.7593
"2000-05-09",10.5642
"2000-05-10",8.9539
"2000-05-11",9.9289
"2000-05-12",10.954
"2000-05-13",13.2194
"2000-05-14",16.4039
"2000-05-15",15.6591
"2000-05-16",14.3296
"2000-05-17",11.5191
"2000-05-18",15.1442
"2000-05-19",17.7989
"2000-05-20",17.1036
"2000-05-21",20.0491
"2000-05-22",17.4137
"2000-05-23",14.7846
"2000-05-24",14.3241
"2000-05-25",12.0894
"2000-05-26",13.6442
"2000-05-27",14.6443
"2000-05-28",13.7437
"2000-05-29",12.2895
"2000-05-30",10.4188
"2000-05-31",12.0815
"2000-06-01",15.407
"2000-06-02",16.017
"2000-06-03",18.9118
"2000-06-04",17.4213
"2000-06-05",15.9118
"2000-06-06",14.6512
"2000-06-07",14.8266
"2000-06-08",15.9716
"2000-06-09",12.0715
"2000-06-10",11.7966
"2000-06-11",10.8117
"2000-06-12",15.8665
"2000-06-13",18.7115
"2000-06-14",20.1863
"2000-06-15",17.0014
"2000-06-16",17.4115
"2000-06-17",20.7618
"2000-06-18",18.9168
"2000-06-19",15.3011
"2000-06-20",17.9413
"2000-06-21",19.4717
"2000-06-22",16.3967
"2000-06-23",15.6068
"2000-06-24",18.7865
"2000-06-25",20.8716
"2000-06-26",22.666
"2000-06-27",24.5168
"2000-06-28",24.9519
"2000-06-29",21.7469
"2000-06-30",17.3306
"2000-07-01",17.5162
"2000-07-02",16.0312
"2000-07-03",15.0312
"2000-07-04",12.7812
"2000-07-05",18.016
"2000-07-06",17.8307
"2000-07-07",18.9712
"2000-07-08",18.1661
"2000-07-09",17.2113
"2000-07-10",18.0261
"2000-07-11",18.4813
"2000-07-12",18.9062
"2000-07-13",17.2011
"2000-07-14",18.406
"2000-07-15",18.5557
"2000-07-16",20.3811
"2000-07-17",19.5611
"2000-07-18",19.3057
"2000-07-19",18.8961
"2000-07-20",20.5213
"2000-07-21",20.7362
"2000-07-22",18.5161
"2000-07-23",20.2111
"2000-07-24",22.0758
"2000-07-25",19.2162
"2000-07-26",17.4812
"2000-07-27",19.3514
"2000-07-28",21.1914
"2000-07-29",22.776
"2000-07-30",23.446
"2000-07-31",21.4145
"2000-08-01",20.9901
"2000-08-02",19.6202
"2000-08-03",20.3196
"2000-08-04",19.3295
"2000-08-05",19.815
"2000-08-06",20.3099
"2000-08-07",19.6397
"2000-08-08",20.0451
"2000-08-09",19.7144
"2000-08-10",17.8095
"2000-08-11",16.1501
"2000-08-12",17.155
"2000-08-13",16.2953
"2000-08-14",16.8449
"2000-08-15",15.9248
"2000-08-16",17.5551
"2000-08-17",16.36
"2000-08-18",14.425
"2000-08-19",17.1348
"2000-08-20",17.6948
"2000-08-21",18.4399
"2000-08-22",20.1598
"2000-08-23",20.425
"2000-08-24",18.9598
"2000-08-25",17.7002
"2000-08-26",18.4447
"2000-08-27",17.6494
"2000-08-28",17.3998
"2000-08-29",20.315
"2000-08-30",19.5697
"2000-08-31",14.2007
"2000-09-01",12.7556
"2000-09-02",12.6107
"2000-09-03",13.5755
"2000-09-04",14.2209
"2000-09-05",14.7255
"2000-09-06",17.6255
"2000-09-07",16.4702
"2000-09-08",13.2055
"2000-09-09",14.1306
"2000-09-10",13.4655
"2000-09-11",19.6156
"2000-09-12",20.386
"2000-09-13",22.1755
"2000-09-14",22.8611
"2000-09-15",18.6659
"2000-09-16",17.9005
"2000-09-17",18.726
"2000-09-18",20.4708
"2000-09-19",20.6655
"2000-09-20",20.1557
"2000-09-21",16.6709
"2000-09-22",14.7908
"2000-09-23",12.8457
"2000-09-24",15.831
"2000-09-25",17.0406
"2000-09-26",18.0707
"2000-09-27",14.9504
"2000-09-28",14.6252
"2000-09-29",15.7058
"2000-09-30",16.8016
"2000-10-01",14.2269
"2000-10-02",11.3522
"2000-10-03",11.0715
"2000-10-04",12.487
"2000-10-05",15.2615
"2000-10-06",15.9219
"2000-10-07",16.1017
"2000-10-08",12.2119
"2000-10-09",11.3469
"2000-10-10",11.597
"2000-10-11",12.1418
"2000-10-12",10.7068
"2000-10-13",12.7966
"2000-10-14",11.3569
"2000-10-15",9.5071
"2000-10-16",14.4174
"2000-10-17",14.3217
"2000-10-18",10.6366
"2000-10-19",10.4172
"2000-10-20",9.9869
"2000-10-21",10.0066
"2000-10-22",8.127
"2000-10-23",12.1719
"2000-10-24",11.617
"2000-10-25",13.0769
"2000-10-26",9.4218
"2000-10-27",9.0967
"2000-10-28",10.3071
"2000-10-29",9.6118
"2000-10-30",9.197
"2000-10-31",8.2667
"2000-11-01",8.2565
"2000-11-02",9.1314
"2000-11-03",10.1911
"2000-11-04",8.757
"2000-11-05",5.9366
"2000-11-06",6.0369
"2000-11-07",7.2618
"2000-11-08",6.0767
"2000-11-09",4.7613
"2000-11-10",4.0162
"2000-11-11",1.3118
"2000-11-12",2.0217
"2000-11-13",3.1815
"2000-11-14",3.8263
"2000-11-15",3.6066
"2000-11-16",3.9266
"2000-11-17",2.9065
"2000-11-18",3.1119
"2000-11-19",2.9863
"2000-11-20",4.4819
"2000-11-21",5.7868
"2000-11-22",5.3219
"2000-11-23",4.9121
"2000-11-24",5.9568
"2000-11-25",4.0415
"2000-11-26",5.3118
"2000-11-27",5.7969
"2000-11-28",3.5615
"2000-11-29",7.8318
"2000-11-30",6.2599
"2000-12-01",6.4149
"2000-12-02",8.0797
"2000-12-03",6.3303
"2000-12-04",6.6645
"2000-12-05",5.6199
"2000-12-06",6.5551
"2000-12-07",5.42
"2000-12-08",4.1602
"2000-12-09",3.3048
"2000-12-10",2.0052
"2000-12-11",2.215
"2000-12-12",2.5451
"2000-12-13",1.8052
"2000-12-14",5.1101
"2000-12-15",4.2555
"2000-12-16",5.735
"2000-12-17",3.3703
"2000-12-18",1.7804
"2000-12-19",3.4149
"2000-12-20",5.3547
"2000-12-21",4.4901
"2000-12-22",5.095
"2000-12-23",5.12
"2000-12-24",3.5151
"2000-12-25",5.635
"2000-12-26",6.9946
"2000-12-27",8.3748
"2000-12-28",5.8295
"2000-12-29",5.6002
"2000-12-30",7.135
"2000-12-31",7.9765
"2001-01-01",6.4114
"2001-01-02",8.4563
"2001-01-03",6.9914
"2001-01-04",9.6513
"2001-01-05",8.6713
"2001-01-06",4.6562
"2001-01-07",6.0915
"2001-01-08",5.4813
"2001-01-09",3.4867
"2001-01-10",4.7915
"2001-01-11",5.8262
"2001-01-12",4.1163
"2001-01-13",2.4565
"2001-01-14",2.6961
"2001-01-15",2.4167
"2001-01-16",0.0014
"2001-01-17",1.3912
"2001-01-18",5.7612
"2001-01-19",6.1918
"2001-01-20",4.5217
"2001-01-21",5.7213
"2001-01-22",6.8465
"2001-01-23",5.6464
"2001-01-24",3.5365
"2001-01-25",3.5263
"2001-01-26",4.1412
"2001-01-27",2.621
"2001-01-28",3.741
"2001-01-29",3.0865
"2001-01-30",3.3517
"2001-01-31",4.8654
"2001-02-01",5.6251
"2001-02-02",6.5255
"2001-02-03",4.3958
"2001-02-04",9.1656
"2001-02-05",5.1808
"2001-02-06",2.9158
"2001-02-07",2.3858
"2001-02-08",1.3355
"2001-02-09",4.6703
"2001-02-10",3.4906
"2001-02-11",3.7709
"2001-02-12",5.2858
"2001-02-13",3.906
"2001-02-14",4.7306
"2001-02-15",5.6158
"2001-02-16",6.9808
"2001-02-17",7.4953
"2001-02-18",6.6505
"2001-02-19",8.9255
"2001-02-20",8.4253
"2001-02-21",7.4557
"2001-02-22",5.926
"2001-02-23",5.3303
"2001-02-24",6.3159
"2001-02-25",5.9506
"2001-02-26",5.8658
"2001-02-27",6.7608
"2001-02-28",7.8676
"2001-03-01",7.0875
"2001-03-02",4.8876
"2001-03-03",4.2677
"2001-03-04",5.8222
"2001-03-05",11.3725
"2001-03-06",12.9675
"2001-03-07",13.367
"2001-03-08",6.6026
"2001-03-09",6.3122
"2001-03-10",7.2575
"2001-03-11",7.5676
"2001-03-12",10.1175
"2001-03-13",8.0676
"2001-03-14",6.7277
"2001-03-15",6.0523
"2001-03-16",5.1874
"2001-03-17",7.5678
"2001-03-18",11.4175
"2001-03-19",9.7573
"2001-03-20",8.0425
"2001-03-21",9.2626
"2001-03-22",11.5325
"2001-03-23",13.8472
"2001-03-24",14.3274
"2001-03-25",8.7875
"2001-03-26",6.5276
"2001-03-27",6.3526
"2001-03-28",9.5627
"2001-03-29",9.6024
"2001-03-30",8.0576
"2001-03-31",10.3817
"2001-04-01",6.7569
"2001-04-02",6.1518
"2001-04-03",6.117
"2001-04-04",8.097
"2001-04-05",8.2869
"2001-04-06",6.7467
"2001-04-07",5.7774
"2001-04-08",6.1921
"2001-04-09",7.8923
"2001-04-10",6.5567
"2001-04-11",8.4169
"2001-04-12",7.0575
"2001-04-13",5.0923
"2001-04-14",7.7474
"2001-04-15",9.037
"2001-04-16",12.6616
"2001-04-17",11.5621
"2001-04-18",10.0871
"2001-04-19",9.2966
"2001-04-20",9.4476
"2001-04-21",11.1075
"2001-04-22",8.6723
"2001-04-23",11.5767
"2001-04-24",14.7718
"2001-04-25",16.712
"2001-04-26",14.6022
"2001-04-27",12.4375
"2001-04-28",9.2322
"2001-04-29",8.4372
"2001-04-30",10.2586
"2001-05-01",9.4388
"2001-05-02",9.7186
"2001-05-03",12.8187
"2001-05-04",14.3086
"2001-05-05",9.7487
"2001-05-06",12.5739
"2001-05-07",17.6133
"2001-05-08",16.0139
"2001-05-09",12.0932
"2001-05-10",12.4637
"2001-05-11",16.9487
"2001-05-12",15.0388
"2001-05-13",13.6285
"2001-05-14",10.7489
"2001-05-15",12.3234
"2001-05-16",11.699
"2001-05-17",11.044
"2001-05-18",14.1087
"2001-05-19",14.0388
"2001-05-20",14.2937
"2001-05-21",18.6737
"2001-05-22",23.5784
"2001-05-23",19.7083
"2001-05-24",17.474
"2001-05-25",18.7334
"2001-05-26",18.3236
"2001-05-27",12.9037
"2001-05-28",12.0933
"2001-05-29",11.044
"2001-05-30",17.3287
"2001-05-31",21.3238
"2001-06-01",13.6231
"2001-06-02",10.3185
"2001-06-03",11.263
"2001-06-04",12.6287
"2001-06-05",11.3181
"2001-06-06",13.7584
"2001-06-07",16.698
"2001-06-08",16.4481
"2001-06-09",15.8535
"2001-06-10",13.0384
"2001-06-11",11.8829
"2001-06-12",12.3983
"2001-06-13",13.5386
"2001-06-14",14.5886
"2001-06-15",14.3731
"2001-06-16",14.0685
"2001-06-17",13.7538
"2001-06-18",14.8931
"2001-06-19",17.0382
"2001-06-20",18.5935
"2001-06-21",19.3985
"2001-06-22",17.0981
"2001-06-23",15.2635
"2001-06-24",10.5483
"2001-06-25",14.1033
"2001-06-26",15.263
"2001-06-27",17.0632
"2001-06-28",17.3135
"2001-06-29",17.0235
"2001-06-30",16.635
"2001-07-01",17.1302
"2001-07-02",20.8104
"2001-07-03",22.605
"2001-07-04",20.6553
"2001-07-05",18.4702
"2001-07-06",17.2903
"2001-07-07",18.8449
"2001-07-08",18.9905
"2001-07-09",21.6553
"2001-07-10",21.0706
"2001-07-11",20.3807
"2001-07-12",19.0903
"2001-07-13",18.34
"2001-07-14",17.2049
"2001-07-15",15.9303
"2001-07-16",16.3602
"2001-07-17",14.5548
"2001-07-18",17.3702
"2001-07-19",19.7352
"2001-07-20",16.9649
"2001-07-21",17.9453
"2001-07-22",19.9056
"2001-07-23",21.2601
"2001-07-24",21.365
"2001-07-25",21.3005
"2001-07-26",20.2208
"2001-07-27",18.2604
"2001-07-28",17.1053
"2001-07-29",13.7953
"2001-07-30",16.4006
"2001-07-31",17.6125
"2001-08-01",17.0079
"2001-08-02",17.8527
"2001-08-03",17.6023
"2001-08-04",18.003
"2001-08-05",19.6923
"2001-08-06",21.8527
"2001-08-07",21.2329
"2001-08-08",21.4426
"2001-08-09",26.0476
"2001-08-10",22.8279
"2001-08-11",21.5429
"2001-08-12",21.9174
"2001-08-13",20.1978
"2001-08-14",19.6679
"2001-08-15",19.7973
"2001-08-16",18.7876
"2001-08-17",18.6127
"2001-08-18",18.5873
"2001-08-19",18.5126
"2001-08-20",17.6127
"2001-08-21",15.1222
"2001-08-22",15.2625
"2001-08-23",16.6179
"2001-08-24",17.5076
"2001-08-25",19.1528
"2001-08-26",19.3078
"2001-08-27",20.3273
"2001-08-28",21.4725
"2001-08-29",21.4022
"2001-08-30",19.6973
"2001-08-31",17.7184
"2001-09-01",16.8032
"2001-09-02",18.5331
"2001-09-03",16.6276
"2001-09-04",16.5182
"2001-09-05",14.2432
"2001-09-06",15.3378
"2001-09-07",15.988
"2001-09-08",19.6733
"2001-09-09",21.6531
"2001-09-10",20.4931
"2001-09-11",19.8279
"2001-09-12",19.4429
"2001-09-13",19.1734
"2001-09-14",19.5136
"2001-09-15",18.2532
"2001-09-16",17.798
"2001-09-17",17.6777
"2001-09-18",16.528
"2001-09-19",15.3277
"2001-09-20",16.5878
"2001-09-21",15.1979
"2001-09-22",19.6082
"2001-09-23",18.903
"2001-09-24",19.0333
"2001-09-25",14.4679
"2001-09-26",13.8331
"2001-09-27",12.9981
"2001-09-28",13.5333
"2001-09-29",17.308
"2001-09-30",19.6077
"2001-10-01",21.3125
"2001-10-02",18.1376
"2001-10-03",16.3328
"2001-10-04",18.1821
"2001-10-05",13.8874
"2001-10-06",12.1273
"2001-10-07",11.2476
"2001-10-08",10.593
"2001-10-09",9.7873
"2001-10-10",8.0523
"2001-10-11",11.4226
"2001-10-12",11.5725
"2001-10-13",12.9476
"2001-10-14",15.8921
"2001-10-15",15.1424
"2001-10-16",10.1725
"2001-10-17",8.6022
"2001-10-18",9.448
"2001-10-19",11.9626
"2001-10-20",11.1328
"2001-10-21",5.9631
"2001-10-22",9.7027
"2001-10-23",7.2625
"2001-10-24",6.7275
"2001-10-25",11.6428
"2001-10-26",11.8274
"2001-10-27",8.2231
"2001-10-28",5.4529
"2001-10-29",5.4427
"2001-10-30",9.5575
"2001-10-31",10.6061
"2001-11-01",10.4916
"2001-11-02",12.5809
"2001-11-03",11.7161
"2001-11-04",11.3362
"2001-11-05",10.2558
"2001-11-06",7.8807
"2001-11-07",6.5359
"2001-11-08",9.406
"2001-11-09",10.4462
"2001-11-10",12.2211
"2001-11-11",11.711
"2001-11-12",11.7958
"2001-11-13",9.7167
"2001-11-14",12.3514
"2001-11-15",10.7313
"2001-11-16",8.4012
"2001-11-17",7.4365
"2001-11-18",7.1564
"2001-11-19",10.0364
"2001-11-20",8.8714
"2001-11-21",7.0064
"2001-11-22",6.4807
"2001-11-23",6.7158
"2001-11-24",6.4063
"2001-11-25",5.3813
"2001-11-26",4.7061
"2001-11-27",3.9062
"2001-11-28",5.8458
"2001-11-29",5.3614
"2001-11-30",4.759
"2001-12-01",3.4191
"2001-12-02",3.7436
"2001-12-03",4.4189
"2001-12-04",4.889
"2001-12-05",5.2986
"2001-12-06",6.2687
"2001-12-07",6.9944
"2001-12-08",5.5787
"2001-12-09",3.5688
"2001-12-10",3.8287
"2001-12-11",5.4294
"2001-12-12",3.9041
"2001-12-13",8.2792
"2001-12-14",3.8235
"2001-12-15",4.2788
"2001-12-16",8.769
"2001-12-17",4.6141
"2001-12-18",3.6743
"2001-12-19",5.4189
"2001-12-20",5.5839
"2001-12-21",4.0989
"2001-12-22",4.2788
"2001-12-23",6.0139
"2001-12-24",4.6287
"2001-12-25",4.4939
"2001-12-26",5.9334
"2001-12-27",8.0986
"2001-12-28",7.4445
"2001-12-29",5.4239
"2001-12-30",7.2991
"2001-12-31",9.9488
"2002-01-01",9.5689
"2002-01-02",9.599
"2002-01-03",7.4541
"2002-01-04",6.8943
"2002-01-05",8.2092
"2002-01-06",9.9696
"2002-01-07",11.9344
"2002-01-08",7.5741
"2002-01-09",3.1686
"2002-01-10",3.6738
"2002-01-11",7.9491
"2002-01-12",6.0739
"2002-01-13",0.974
"2002-01-14",1.3092
"2002-01-15",-0.4558
"2002-01-16",0.4337
"2002-01-17",2.8242
"2002-01-18",1.4688
"2002-01-19",3.6294
"2002-01-20",6.0142
"2002-01-21",4.7037
"2002-01-22",4.079
"2002-01-23",5.4142
"2002-01-24",6.7793
"2002-01-25",4.3691
"2002-01-26",3.3993
"2002-01-27",3.314
"2002-01-28",1.0991
"2002-01-29",1.914
"2002-01-30",3.5544
"2002-01-31",4.6884
"2002-02-01",5.4439
"2002-02-02",5.1685
"2002-02-03",5.9785
"2002-02-04",5.7836
"2002-02-05",5.1933
"2002-02-06",6.2285
"2002-02-07",6.4183
"2002-02-08",5.1334
"2002-02-09",6.3432
"2002-02-10",7.0834
"2002-02-11",3.9582
"2002-02-12",5.9333
"2002-02-13",6.5038
"2002-02-14",5.9385
"2002-02-15",8.0031
"2002-02-16",8.2285
"2002-02-17",7.1684
"2002-02-18",8.5986
"2002-02-19",8.3434
"2002-02-20",8.2287
"2002-02-21",11.6986
"2002-02-22",12.1384
"2002-02-23",8.1284
"2002-02-24",3.7682
"2002-02-25",4.8588
"2002-02-26",6.3182
"2002-02-27",5.3536
"2002-02-28",5.1365
"2002-03-01",4.7168
"2002-03-02",5.7514
"2002-03-03",7.051
"2002-03-04",8.3861
"2002-03-05",6.8065
"2002-03-06",6.9162
"2002-03-07",3.2263
"2002-03-08",3.1768
"2002-03-09",6.0314
"2002-03-10",7.3068
"2002-03-11",9.6315
"2002-03-12",6.3915
"2002-03-13",4.8717
"2002-03-14",4.7616
"2002-03-15",4.6214
"2002-03-16",3.9764
"2002-03-17",4.1769
"2002-03-18",1.9867
"2002-03-19",8.1518
"2002-03-20",11.0714
"2002-03-21",12.2917
"2002-03-22",11.5617
"2002-03-23",9.2116
"2002-03-24",6.5462
"2002-03-25",6.8464
"2002-03-26",8.1517
"2002-03-27",7.4068
"2002-03-28",5.1114
"2002-03-29",6.4409
"2002-03-30",8.6165
"2002-03-31",10.616
"2002-04-01",11.1709
"2002-04-02",12.5856
"2002-04-03",13.3212
"2002-04-04",14.4907
"2002-04-05",10.5507
"2002-04-06",10.3407
"2002-04-07",9.4108
"2002-04-08",12.5159
"2002-04-09",11.156
"2002-04-10",11.7805
"2002-04-11",12.7908
"2002-04-12",14.1359
"2002-04-13",14.8511
"2002-04-14",9.9509
"2002-04-15",6.926
"2002-04-16",7.8314
"2002-04-17",7.4956
"2002-04-18",8.8759
"2002-04-19",9.1562
"2002-04-20",9.2813
"2002-04-21",9.8513
"2002-04-22",9.8358
"2002-04-23",8.316
"2002-04-24",10.5857
"2002-04-25",12.0412
"2002-04-26",7.0006
"2002-04-27",8.5611
"2002-04-28",11.0207
"2002-04-29",14.4454
"2002-04-30",11.1799
"2002-05-01",12.6096
"2002-05-02",11.2346
"2002-05-03",9.0394
"2002-05-04",10.58
"2002-05-05",8.5094
"2002-05-06",7.4647
"2002-05-07",7.3445
"2002-05-08",8.8594
"2002-05-09",8.945
"2002-05-10",11.1544
"2002-05-11",12.7244
"2002-05-12",15.7499
"2002-05-13",11.1599
"2002-05-14",13.0402
"2002-05-15",10.7747
"2002-05-16",12.5397
"2002-05-17",13.6498
"2002-05-18",13.1094
"2002-05-19",12.0745
"2002-05-20",13.7597
"2002-05-21",10.9147
"2002-05-22",11.1299
"2002-05-23",13.4342
"2002-05-24",15.1749
"2002-05-25",14.9346
"2002-05-26",17.3596
"2002-05-27",14.2449
"2002-05-28",16.1846
"2002-05-29",16.5943
"2002-05-30",17.1145
"2002-05-31",13.8695
"2002-06-01",14.7843
"2002-06-02",13.5399
"2002-06-03",14.8448
"2002-06-04",17.3195
"2002-06-05",17.0549
"2002-06-06",13.2248
"2002-06-07",10.7793
"2002-06-08",9.5197
"2002-06-09",14.0702
"2002-06-10",15.8992
"2002-06-11",19.9848
"2002-06-12",22.4697
"2002-06-13",19.47
"2002-06-14",17.2195
"2002-06-15",17.2547
"2002-06-16",15.7049
"2002-06-17",14.3851
"2002-06-18",15.9396
"2002-06-19",15.3047
"2002-06-20",17.3597
"2002-06-21",18.7948
"2002-06-22",17.875
"2002-06-23",17.8747
"2002-06-24",18.7546
"2002-06-25",20.7749
"2002-06-26",20.3746
"2002-06-27",19.5697
"2002-06-28",14.3197
"2002-06-29",16.8846
"2002-06-30",18.012
"2002-07-01",18.1917
"2002-07-02",17.8776
"2002-07-03",16.0275
"2002-07-04",14.4775
"2002-07-05",17.4724
"2002-07-06",18.6221
"2002-07-07",20.1822
"2002-07-08",19.6371
"2002-07-09",24.0669
"2002-07-10",25.2919
"2002-07-11",23.2217
"2002-07-12",22.3818
"2002-07-13",19.2718
"2002-07-14",19.637
"2002-07-15",19.1517
"2002-07-16",19.6021
"2002-07-17",19.3123
"2002-07-18",19.6171
"2002-07-19",18.9575
"2002-07-20",20.9872
"2002-07-21",22.3772
"2002-07-22",22.2621
"2002-07-23",21.8623
"2002-07-24",21.4622
"2002-07-25",21.1971
"2002-07-26",20.9022
"2002-07-27",18.4721
"2002-07-28",20.5222
"2002-07-29",23.202
"2002-07-30",21.8473
"2002-07-31",16.6914
"2002-08-01",17.5518
"2002-08-02",16.5612
"2002-08-03",16.1859
"2002-08-04",15.3012
"2002-08-05",14.2115
"2002-08-06",14.9861
"2002-08-07",16.6114
"2002-08-08",18.7165
"2002-08-09",21.5316
"2002-08-10",21.3716
"2002-08-11",20.0612
"2002-08-12",23.0213
"2002-08-13",26.6664
"2002-08-14",27.3865
"2002-08-15",22.0863
"2002-08-16",19.9914
"2002-08-17",19.6764
"2002-08-18",18.1311
"2002-08-19",16.4269
"2002-08-20",16.1412
"2002-08-21",16.5862
"2002-08-22",18.5917
"2002-08-23",17.8263
"2002-08-24",18.9962
"2002-08-25",17.8914
"2002-08-26",18.8514
"2002-08-27",21.2763
"2002-08-28",24.6266
"2002-08-29",21.186
"2002-08-30",17.3614
"2002-08-31",18.3493
"2002-09-01",19.1039
"2002-09-02",19.1344
"2002-09-03",15.3294
"2002-09-04",13.7244
"2002-09-05",13.2691
"2002-09-06",13.3596
"2002-09-07",13.3643
"2002-09-08",12.8744
"2002-09-09",18.6944
"2002-09-10",19.6946
"2002-09-11",20.0091
"2002-09-12",20.5048
"2002-09-13",21.4042
"2002-09-14",18.0897
"2002-09-15",16.6546
"2002-09-16",13.7489
"2002-09-17",12.1493
"2002-09-18",15.3245
"2002-09-19",17.8548
"2002-09-20",16.9997
"2002-09-21",18.359
"2002-09-22",20.3291
"2002-09-23",21.1641
"2002-09-24",20.4292
"2002-09-25",20.0595
"2002-09-26",19.0045
"2002-09-27",15.3394
"2002-09-28",17.0143
"2002-09-29",12.3894
"2002-09-30",9.2325
"2002-10-01",10.1323
"2002-10-02",9.8921
"2002-10-03",9.9173
"2002-10-04",13.4973
"2002-10-05",13.1422
"2002-10-06",14.5875
"2002-10-07",14.7076
"2002-10-08",13.7422
"2002-10-09",12.0422
"2002-10-10",8.587
"2002-10-11",8.297
"2002-10-12",11.3323
"2002-10-13",12.8668
"2002-10-14",13.7321
"2002-10-15",15.9573
"2002-10-16",16.8171
"2002-10-17",13.9072
"2002-10-18",10.6073
"2002-10-19",13.922
"2002-10-20",13.0019
"2002-10-21",12.9271
"2002-10-22",12.0519
"2002-10-23",11.7523
"2002-10-24",8.322
"2002-10-25",10.5724
"2002-10-26",7.8876
"2002-10-27",7.362
"2002-10-28",10.392
"2002-10-29",7.1924
"2002-10-30",2.9173
"2002-10-31",2.8683
"2002-11-01",4.9528
"2002-11-02",6.5432
"2002-11-03",8.2531
"2002-11-04",9.8129
"2002-11-05",10.2732
"2002-11-06",10.1782
"2002-11-07",7.4629
"2002-11-08",7.1181
"2002-11-09",6.7624
"2002-11-10",6.7229
"2002-11-11",7.4828
"2002-11-12",9.8979
"2002-11-13",7.4729
"2002-11-14",8.8333
"2002-11-15",8.238
"2002-11-16",7.9727
"2002-11-17",7.6473
"2002-11-18",5.9527
"2002-11-19",8.8975
"2002-11-20",11.5976
"2002-11-21",10.8828
"2002-11-22",10.053
"2002-11-23",7.9025
"2002-11-24",7.2931
"2002-11-25",4.9877
"2002-11-26",7.5781
"2002-11-27",8.5426
"2002-11-28",11.2228
"2002-11-29",9.6875
"2002-11-30",8.7044
"2002-12-01",6.4842
"2002-12-02",5.3746
"2002-12-03",6.8692
"2002-12-04",8.4042
"2002-12-05",10.519
"2002-12-06",8.8896
"2002-12-07",6.7046
"2002-12-08",7.0393
"2002-12-09",6.9691
"2002-12-10",6.6644
"2002-12-11",7.0592
"2002-12-12",8.2794
"2002-12-13",6.5293
"2002-12-14",9.3793
"2002-12-15",5.294
"2002-12-16",5.7045
"2002-12-17",4.8893
"2002-12-18",4.5641
"2002-12-19",6.0243
"2002-12-20",5.0143
"2002-12-21",5.1541
"2002-12-22",4.8445
"2002-12-23",5.2795
"2002-12-24",3.8893
"2002-12-25",5.9696
"2002-12-26",4.3692
"2002-12-27",6.7393
"2002-12-28",6.0443
"2002-12-29",4.6094
"2002-12-30",5.6746
"2002-12-31",5.4304
"2003-01-01",4.9955
"2003-01-02",8.8151
"2003-01-03",9.1903
"2003-01-04",7.9003
"2003-01-05",6.6405
"2003-01-06",8.1557
"2003-01-07",7.3906
"2003-01-08",6.2854
"2003-01-09",5.246
"2003-01-10",2.9254
"2003-01-11",6.3006
"2003-01-12",7.9005
"2003-01-13",7.9854
"2003-01-14",6.4256
"2003-01-15",4.1056
"2003-01-16",6.3556
"2003-01-17",7.8005
"2003-01-18",9.2709
"2003-01-19",6.3753
"2003-01-20",5.6157
"2003-01-21",8.3358
"2003-01-22",8.3259
"2003-01-23",8.6057
"2003-01-24",8.3204
"2003-01-25",10.7254
"2003-01-26",9.9907
"2003-01-27",7.9905
"2003-01-28",6.3455
"2003-01-29",6.4257
"2003-01-30",9.9755
"2003-01-31",10.6404
"2003-02-01",6.8505
"2003-02-02",7.0108
"2003-02-03",6.6856
"2003-02-04",5.2507
"2003-02-05",3.9053
"2003-02-06",3.9305
"2003-02-07",4.8159
"2003-02-08",5.0257
"2003-02-09",6.8359
"2003-02-10",5.7459
"2003-02-11",6.8007
"2003-02-12",7.8403
"2003-02-13",7.6305
"2003-02-14",9.3257
"2003-02-15",8.7252
"2003-02-16",7.4403
"2003-02-17",6.8105
"2003-02-18",6.5056
"2003-02-19",5.7458
"2003-02-20",4.8053
"2003-02-21",9.3307
"2003-02-22",7.1556
"2003-02-23",5.1007
"2003-02-24",3.3408
"2003-02-25",3.8558
"2003-02-26",3.7859
"2003-02-27",6.3053
"2003-02-28",6.2413
"2003-03-01",9.1718
"2003-03-02",8.4062
"2003-03-03",8.4611
"2003-03-04",7.2914
"2003-03-05",7.3516
"2003-03-06",6.3561
"2003-03-07",8.9264
"2003-03-08",10.2915
"2003-03-09",10.7715
"2003-03-10",12.1563
"2003-03-11",11.8717
"2003-03-12",12.6614
"2003-03-13",13.3859
"2003-03-14",12.6164
"2003-03-15",9.9567
"2003-03-16",8.7765
"2003-03-17",7.2062
"2003-03-18",4.3712
"2003-03-19",8.1066
"2003-03-20",9.8313
"2003-03-21",9.3759
"2003-03-22",8.5961
"2003-03-23",6.5612
"2003-03-24",6.6016
"2003-03-25",9.5015
"2003-03-26",8.2164
"2003-03-27",7.6912
"2003-03-28",9.3814
"2003-03-29",14.276
"2003-03-30",17.181
"2003-03-31",10.5877
"2003-04-01",7.1626
"2003-04-02",5.6576
"2003-04-03",6.0776
"2003-04-04",7.7727
"2003-04-05",6.968
"2003-04-06",8.8225
"2003-04-07",9.8525
"2003-04-08",13.473
"2003-04-09",12.9977
"2003-04-10",11.6832
"2003-04-11",11.5479
"2003-04-12",12.5778
"2003-04-13",10.2629
"2003-04-14",8.4426
"2003-04-15",9.5776
"2003-04-16",9.7325
"2003-04-17",8.9874
"2003-04-18",8.1731
"2003-04-19",8.1028
"2003-04-20",11.2978
"2003-04-21",10.3931
"2003-04-22",9.6276
"2003-04-23",8.2927
"2003-04-24",8.7973
"2003-04-25",9.4429
"2003-04-26",8.2472
"2003-04-27",10.9532
"2003-04-28",12.7381
"2003-04-29",12.5228
"2003-04-30",11.3929
"2003-05-01",13.3782
"2003-05-02",14.1779
"2003-05-03",9.8732
"2003-05-04",10.6028
"2003-05-05",9.3983
"2003-05-06",10.8336
"2003-05-07",10.4633
"2003-05-08",10.7731
"2003-05-09",9.6179
"2003-05-10",12.3883
"2003-05-11",13.7734
"2003-05-12",13.9531
"2003-05-13",15.4528
"2003-05-14",12.3779
"2003-05-15",9.8183
"2003-05-16",9.028
"2003-05-17",9.2183
"2003-05-18",9.4975
"2003-05-19",11.7733
"2003-05-20",12.7435
"2003-05-21",15.4581
"2003-05-22",16.5481
"2003-05-23",19.1583
"2003-05-24",16.1385
"2003-05-25",15.268
"2003-05-26",13.8928
"2003-05-27",18.1131
"2003-05-28",17.5234
"2003-05-29",18.7928
"2003-05-30",16.4085
"2003-05-31",16.1327
"2003-06-01",16.0173
"2003-06-02",15.6626
"2003-06-03",17.2131
"2003-06-04",20.173
"2003-06-05",23.5876
"2003-06-06",25.9475
"2003-06-07",20.9671
"2003-06-08",17.6332
"2003-06-09",15.0322
"2003-06-10",14.5728
"2003-06-11",14.6475
"2003-06-12",15.1575
"2003-06-13",15.9821
"2003-06-14",15.6928
"2003-06-15",15.9032
"2003-06-16",18.3772
"2003-06-17",18.7976
"2003-06-18",16.3726
"2003-06-19",15.2027
"2003-06-20",14.403
"2003-06-21",13.4676
"2003-06-22",13.9981
"2003-06-23",13.5476
"2003-06-24",15.9926
"2003-06-25",18.4676
"2003-06-26",21.333
"2003-06-27",22.9623
"2003-06-28",24.6023
"2003-06-29",22.3029
"2003-06-30",19.0941
"2003-07-01",16.6238
"2003-07-02",16.6641
"2003-07-03",17.1941
"2003-07-04",18.3893
"2003-07-05",19.0041
"2003-07-06",19.8341
"2003-07-07",18.1836
"2003-07-08",18.4141
"2003-07-09",21.1938
"2003-07-10",20.5686
"2003-07-11",21.1486
"2003-07-12",20.2644
"2003-07-13",19.5688
"2003-07-14",19.924
"2003-07-15",19.524
"2003-07-16",18.7193
"2003-07-17",20.6643
"2003-07-18",21.309
"2003-07-19",22.0942
"2003-07-20",22.8093
"2003-07-21",25.0239
"2003-07-22",23.7389
"2003-07-23",21.7234
"2003-07-24",19.284
"2003-07-25",19.9639
"2003-07-26",19.819
"2003-07-27",22.774
"2003-07-28",26.1087
"2003-07-29",27.2889
"2003-07-30",26.609
"2003-07-31",23.2375
"2003-08-01",20.1474
"2003-08-02",19.9426
"2003-08-03",18.6175
"2003-08-04",21.3225
"2003-08-05",17.7774
"2003-08-06",17.8277
"2003-08-07",18.8778
"2003-08-08",18.5024
"2003-08-09",20.0825
"2003-08-10",20.0674
"2003-08-11",17.9925
"2003-08-12",17.9224
"2003-08-13",19.9226
"2003-08-14",21.9823
"2003-08-15",19.6773
"2003-08-16",19.5872
"2003-08-17",22.5876
"2003-08-18",22.7876
"2003-08-19",20.4728
"2003-08-20",20.2579
"2003-08-21",22.2427
"2003-08-22",15.9227
"2003-08-23",18.5723
"2003-08-24",20.1374
"2003-08-25",21.3227
"2003-08-26",19.2073
"2003-08-27",20.3377
"2003-08-28",19.408
"2003-08-29",19.6174
"2003-08-30",21.9324
"2003-08-31",18.7169
"2003-09-01",18.4421
"2003-09-02",22.7772
"2003-09-03",24.6271
"2003-09-04",23.4871
"2003-09-05",20.4969
"2003-09-06",17.9372
"2003-09-07",14.2223
"2003-09-08",13.2622
"2003-09-09",12.4073
"2003-09-10",15.4118
"2003-09-11",17.6019
"2003-09-12",16.0471
"2003-09-13",17.6474
"2003-09-14",17.2476
"2003-09-15",14.1022
"2003-09-16",11.1925
"2003-09-17",14.0971
"2003-09-18",16.382
"2003-09-19",16.5322
"2003-09-20",16.0873
"2003-09-21",17.2375
"2003-09-22",19.2522
"2003-09-23",18.9776
"2003-09-24",19.9275
"2003-09-25",19.5925
"2003-09-26",22.6074
"2003-09-27",25.0868
"2003-09-28",18.1321
"2003-09-29",16.2874
"2003-09-30",17.1314
"2003-10-01",15.7414
"2003-10-02",15.3811
"2003-10-03",16.7463
"2003-10-04",12.9713
"2003-10-05",14.9468
"2003-10-06",15.3466
"2003-10-07",13.3563
"2003-10-08",12.6016
"2003-10-09",9.9115
"2003-10-10",10.3166
"2003-10-11",8.7111
"2003-10-12",10.3667
"2003-10-13",11.2514
"2003-10-14",11.2568
"2003-10-15",9.5116
"2003-10-16",13.2616
"2003-10-17",17.1316
"2003-10-18",16.9612
"2003-10-19",14.6916
"2003-10-20",17.9664
"2003-10-21",19.5761
"2003-10-22",13.5265
"2003-10-23",11.6512
"2003-10-24",10.7712
"2003-10-25",14.6962
"2003-10-26",18.4512
"2003-10-27",17.9863
"2003-10-28",16.9064
"2003-10-29",8.6963
"2003-10-30",6.5111
"2003-10-31",1.9435
"2003-11-01",1.954
"2003-11-02",4.179
"2003-11-03",3.9187
"2003-11-04",3.7935
"2003-11-05",4.8341
"2003-11-06",6.124
"2003-11-07",9.1439
"2003-11-08",9.204
"2003-11-09",8.8987
"2003-11-10",9.1188
"2003-11-11",9.7794
"2003-11-12",7.6836
"2003-11-13",8.7438
"2003-11-14",8.1841
"2003-11-15",7.9088
"2003-11-16",7.2336
"2003-11-17",7.8687
"2003-11-18",9.9935
"2003-11-19",7.3041
"2003-11-20",3.6585
"2003-11-21",3.2742
"2003-11-22",2.2439
"2003-11-23",4.1986
"2003-11-24",3.5839
"2003-11-25",3.4839
"2003-11-26",5.6441
"2003-11-27",6.0787
"2003-11-28",7.6435
"2003-11-29",9.5137
"2003-11-30",8.9151
"2003-12-01",9.0948
"2003-12-02",9.3052
"2003-12-03",5.6899
"2003-12-04",5.6253
"2003-12-05",7.0046
"2003-12-06",5.92
"2003-12-07",4.38
"2003-12-08",5.8651
"2003-12-09",4.8754
"2003-12-10",5.7199
"2003-12-11",5.9402
"2003-12-12",6.335
"2003-12-13",7.3749
"2003-12-14",4.4901
"2003-12-15",3.4549
"2003-12-16",6.535
"2003-12-17",8.4804
"2003-12-18",8.2298
"2003-12-19",7.5853
"2003-12-20",6.96
"2003-12-21",8.5201
"2003-12-22",6.8101
"2003-12-23",7.3098
"2003-12-24",5.3548
"2003-12-25",3.2351
"2003-12-26",2.2401
"2003-12-27",2.685
"2003-12-28",3.1652
"2003-12-29",1.2302
"2003-12-30",0.0046
"2003-12-31",1.6218
"2004-01-01",0.7622
"2004-01-02",0.3967
"2004-01-03",0.972
"2004-01-04",0.4773
"2004-01-05",-0.5983
"2004-01-06",1.7166
"2004-01-07",6.0421
"2004-01-08",5.6868
"2004-01-09",8.2424
"2004-01-10",7.3969
"2004-01-11",6.5971
"2004-01-12",6.5917
"2004-01-13",9.4917
"2004-01-14",5.047
"2004-01-15",7.877
"2004-01-16",7.0369
"2004-01-17",5.7417
"2004-01-18",6.3271
"2004-01-19",6.3719
"2004-01-20",4.662
"2004-01-21",4.7669
"2004-01-22",3.9317
"2004-01-23",6.3573
"2004-01-24",3.8567
"2004-01-25",3.2271
"2004-01-26",3.587
"2004-01-27",5.3067
"2004-01-28",4.2667
"2004-01-29",8.2821
"2004-01-30",4.5318
"2004-01-31",3.5385
"2004-02-01",5.2484
"2004-02-02",7.8288
"2004-02-03",6.4784
"2004-02-04",6.3188
"2004-02-05",5.6782
"2004-02-06",7.0787
"2004-02-07",5.3986
"2004-02-08",4.9186
"2004-02-09",4.9489
"2004-02-10",7.2988
"2004-02-11",8.3783
"2004-02-12",7.9535
"2004-02-13",7.0431
"2004-02-14",7.5838
"2004-02-15",8.1335
"2004-02-16",7.6385
"2004-02-17",7.6838
"2004-02-18",6.6434
"2004-02-19",5.8434
"2004-02-20",5.6088
"2004-02-21",6.7736
"2004-02-22",8.4486
"2004-02-23",8.3132
"2004-02-24",6.5482
"2004-02-25",7.3483
"2004-02-26",6.8084
"2004-02-27",6.7881
"2004-02-28",6.5132
"2004-02-29",5.7426
"2004-03-01",8.3217
"2004-03-02",8.5618
"2004-03-03",5.6125
"2004-03-04",6.8371
"2004-03-05",6.0718
"2004-03-06",7.8923
"2004-03-07",12.4274
"2004-03-08",14.5022
"2004-03-09",12.317
"2004-03-10",9.3371
"2004-03-11",11.352
"2004-03-12",9.6621
"2004-03-13",10.4619
"2004-03-14",11.1973
"2004-03-15",11.1269
"2004-03-16",11.9073
"2004-03-17",10.637
"2004-03-18",7.3022
"2004-03-19",7.1972
"2004-03-20",11.7316
"2004-03-21",14.0421
"2004-03-22",13.9573
"2004-03-23",9.4568
"2004-03-24",8.317
"2004-03-25",8.4519
"2004-03-26",6.9567
"2004-03-27",10.5771
"2004-03-28",12.6524
"2004-03-29",15.2777
"2004-03-30",7.1972
"2004-03-31",6.3709
"2004-04-01",8.8706
"2004-04-02",10.606
"2004-04-03",13.526
"2004-04-04",11.2654
"2004-04-05",8.9557
"2004-04-06",11.3006
"2004-04-07",10.3007
"2004-04-08",13.3908
"2004-04-09",14.3909
"2004-04-10",17.7108
"2004-04-11",17.6907
"2004-04-12",11.2252
"2004-04-13",9.3361
"2004-04-14",8.0757
"2004-04-15",9.7203
"2004-04-16",10.0507
"2004-04-17",9.8359
"2004-04-18",9.3757
"2004-04-19",10.4757
"2004-04-20",8.1708
"2004-04-21",8.8754
"2004-04-22",12.5908
"2004-04-23",11.3456
"2004-04-24",11.5161
"2004-04-25",15.2808
"2004-04-26",20.2908
"2004-04-27",15.3208
"2004-04-28",11.0406
"2004-04-29",14.7705
"2004-04-30",18.4791
"2004-05-01",16.4539
"2004-05-02",16.5194
"2004-05-03",15.3843
"2004-05-04",13.1844
"2004-05-05",12.1842
"2004-05-06",13.7097
"2004-05-07",14.6246
"2004-05-08",13.0843
"2004-05-09",13.2942
"2004-05-10",11.4842
"2004-05-11",11.5843
"2004-05-12",13.4847
"2004-05-13",14.5645
"2004-05-14",13.9192
"2004-05-15",11.879
"2004-05-16",14.1343
"2004-05-17",13.1544
"2004-05-18",13.1289
"2004-05-19",15.2745
"2004-05-20",14.7442
"2004-05-21",14.2946
"2004-05-22",12.4292
"2004-05-23",14.2343
"2004-05-24",15.8646
"2004-05-25",16.9093
"2004-05-26",15.584
"2004-05-27",13.8644
"2004-05-28",11.9844
"2004-05-29",12.4745
"2004-05-30",13.7947
"2004-05-31",13.6481
"2004-06-01",15.0629
"2004-06-02",16.3932
"2004-06-03",17.9131
"2004-06-04",17.4233
"2004-06-05",15.8727
"2004-06-06",12.8582
"2004-06-07",12.9532
"2004-06-08",13.7179
"2004-06-09",14.8131
"2004-06-10",15.4083
"2004-06-11",13.1681
"2004-06-12",12.4233
"2004-06-13",15.8832
"2004-06-14",14.1677
"2004-06-15",16.4728
"2004-06-16",19.7483
"2004-06-17",21.943
"2004-06-18",23.6432
"2004-06-19",20.3733
"2004-06-20",21.9981
"2004-06-21",19.1783
"2004-06-22",17.8783
"2004-06-23",18.4528
"2004-06-24",19.3233
"2004-06-25",17.7232
"2004-06-26",17.0581
"2004-06-27",18.0835
"2004-06-28",19.0035
"2004-06-29",18.4234
"2004-06-30",19.0864
"2004-07-01",18.7867
"2004-07-02",18.8568
"2004-07-03",19.972
"2004-07-04",18.9271
"2004-07-05",19.1922
"2004-07-06",21.7468
"2004-07-07",17.6064
"2004-07-08",18.1721
"2004-07-09",16.6018
"2004-07-10",16.9466
"2004-07-11",19.1172
"2004-07-12",21.7115
"2004-07-13",20.8018
"2004-07-14",21.0369
"2004-07-15",19.9215
"2004-07-16",21.1266
"2004-07-17",20.5572
"2004-07-18",20.8819
"2004-07-19",20.8315
"2004-07-20",21.9414
"2004-07-21",21.542
"2004-07-22",23.4319
"2004-07-23",27.3119
"2004-07-24",26.8519
"2004-07-25",22.7466
"2004-07-26",20.7714
"2004-07-27",22.1514
"2004-07-28",22.6615
"2004-07-29",22.7118
"2004-07-30",21.672
"2004-07-31",20.0441
"2004-08-01",19.9543
"2004-08-02",19.3638
"2004-08-03",18.7437
"2004-08-04",19.6039
"2004-08-05",18.4634
"2004-08-06",18.7539
"2004-08-07",20.7941
"2004-08-08",24.0341
"2004-08-09",26.1243
"2004-08-10",23.3039
"2004-08-11",23.2936
"2004-08-12",21.5635
"2004-08-13",23.2439
"2004-08-14",21.5088
"2004-08-15",20.9841
"2004-08-16",21.4589
"2004-08-17",21.4941
"2004-08-18",23.0142
"2004-08-19",22.7089
"2004-08-20",22.0788
"2004-08-21",22.1737
"2004-08-22",14.1089
"2004-08-23",17.2989
"2004-08-24",18.5786
"2004-08-25",16.1339
"2004-08-26",16.9037
"2004-08-27",20.059
"2004-08-28",20.7988
"2004-08-29",22.5437
"2004-08-30",23.2836
"2004-08-31",21.4945
"2004-09-01",16.0792
"2004-09-02",12.6693
"2004-09-03",16.0893
"2004-09-04",16.8442
"2004-09-05",17.5695
"2004-09-06",17.2392
"2004-09-07",17.6192
"2004-09-08",17.5146
"2004-09-09",17.0536
"2004-09-10",17.4093
"2004-09-11",17.7694
"2004-09-12",15.3292
"2004-09-13",14.7241
"2004-09-14",13.7892
"2004-09-15",14.5093
"2004-09-16",15.5538
"2004-09-17",12.7242
"2004-09-18",10.7389
"2004-09-19",10.5642
"2004-09-20",12.8089
"2004-09-21",14.7688
"2004-09-22",15.5541
"2004-09-23",16.549
"2004-09-24",18.0496
"2004-09-25",15.5194
"2004-09-26",15.5795
"2004-09-27",19.0994
"2004-09-28",19.7395
"2004-09-29",15.4192
"2004-09-30",13.8816
"2004-10-01",15.5871
"2004-10-02",15.4418
"2004-10-03",15.7716
"2004-10-04",14.8368
"2004-10-05",13.8018
"2004-10-06",12.6019
"2004-10-07",15.5268
"2004-10-08",13.6115
"2004-10-09",11.1118
"2004-10-10",12.527
"2004-10-11",14.9866
"2004-10-12",16.6567
"2004-10-13",18.947
"2004-10-14",19.9218
"2004-10-15",16.5372
"2004-10-16",13.9565
"2004-10-17",9.8469
"2004-10-18",9.2767
"2004-10-19",10.3915
"2004-10-20",9.4569
"2004-10-21",9.7067
"2004-10-22",9.7515
"2004-10-23",8.707
"2004-10-24",9.2912
"2004-10-25",8.4067
"2004-10-26",8.5164
"2004-10-27",8.4271
"2004-10-28",8.6921
"2004-10-29",11.2414
"2004-10-30",8.5817
"2004-10-31",6.7338
"2004-11-01",6.5536
"2004-11-02",8.3137
"2004-11-03",5.8787
"2004-11-04",5.394
"2004-11-05",6.5535
"2004-11-06",8.3539
"2004-11-07",10.0535
"2004-11-08",9.7538
"2004-11-09",8.9783
"2004-11-10",9.4189
"2004-11-11",8.2141
"2004-11-12",8.5635
"2004-11-13",9.0435
"2004-11-14",8.2837
"2004-11-15",8.3238
"2004-11-16",7.6588
"2004-11-17",6.9936
"2004-11-18",4.5441
"2004-11-19",4.7835
"2004-11-20",3.0134
"2004-11-21",3.6882
"2004-11-22",5.6786
"2004-11-23",7.7039
"2004-11-24",9.9886
"2004-11-25",7.8539
"2004-11-26",5.3737
"2004-11-27",4.0988
"2004-11-28",2.9288
"2004-11-29",1.4887
"2004-11-30",4.4362
"2004-12-01",5.6013
"2004-12-02",3.406
"2004-12-03",2.7563
"2004-12-04",3.8063
"2004-12-05",4.3109
"2004-12-06",4.541
"2004-12-07",4.9764
"2004-12-08",6.1011
"2004-12-09",7.2515
"2004-12-10",11.5015
"2004-12-11",8.491
"2004-12-12",9.0358
"2004-12-13",10.8511
"2004-12-14",8.2761
"2004-12-15",6.5508
"2004-12-16",5.3361
"2004-12-17",8.0266
"2004-12-18",9.7613
"2004-12-19",7.3707
"2004-12-20",4.4415
"2004-12-21",2.8213
"2004-12-22",5.8709
"2004-12-23",3.7462
"2004-12-24",4.5363
"2004-12-25",4.1461
"2004-12-26",4.0164
"2004-12-27",4.1558
"2004-12-28",5.3512
"2004-12-29",5.3061
"2004-12-30",3.7261
"2004-12-31",3.7359
"2005-01-01",1.7411
"2005-01-02",1.4858
"2005-01-03",0.8053
"2005-01-04",0.3308
"2005-01-05",-0.3591
"2005-01-06",1.9303
"2005-01-07",2.6204
"2005-01-08",2.5211
"2005-01-09",1.8957
"2005-01-10",3.3157
"2005-01-11",0.1357
"2005-01-12",2.0753
"2005-01-13",2.5407
"2005-01-14",2.8105
"2005-01-15",4.056
"2005-01-16",7.8758
"2005-01-17",8.2757
"2005-01-18",12.3008
"2005-01-19",11.946
"2005-01-20",10.5304
"2005-01-21",10.1804
"2005-01-22",8.7704
"2005-01-23",11.0658
"2005-01-24",9.576
"2005-01-25",9.381
"2005-01-26",8.8757
"2005-01-27",8.3508
"2005-01-28",7.6559
"2005-01-29",6.0109
"2005-01-30",5.3156
"2005-01-31",8.4372
"2005-02-01",6.9119
"2005-02-02",7.6067
"2005-02-03",8.5819
"2005-02-04",5.2216
"2005-02-05",3.6322
"2005-02-06",2.7965
"2005-02-07",2.3919
"2005-02-08",2.6868
"2005-02-09",4.6569
"2005-02-10",5.1169
"2005-02-11",6.0719
"2005-02-12",4.3523
"2005-02-13",3.127
"2005-02-14",1.9021
"2005-02-15",2.0465
"2005-02-16",3.6718
"2005-02-17",5.1167
"2005-02-18",6.947
"2005-02-19",6.4467
"2005-02-20",6.167
"2005-02-21",7.5015
"2005-02-22",7.507
"2005-02-23",8.4121
"2005-02-24",8.3568
"2005-02-25",7.2319
"2005-02-26",7.5969
"2005-02-27",9.297
"2005-02-28",8.7822
"2005-03-01",9.3071
"2005-03-02",8.6619
"2005-03-03",8.5873
"2005-03-04",8.5472
"2005-03-05",10.0126
"2005-03-06",11.9474
"2005-03-07",13.3272
"2005-03-08",13.6174
"2005-03-09",12.7072
"2005-03-10",13.6722
"2005-03-11",14.6272
"2005-03-12",14.0723
"2005-03-13",12.027
"2005-03-14",10.9321
"2005-03-15",11.2774
"2005-03-16",8.4969
"2005-03-17",7.4724
"2005-03-18",8.527
"2005-03-19",10.267
"2005-03-20",8.5818
"2005-03-21",6.202
"2005-03-22",6.4977
"2005-03-23",7.9868
"2005-03-24",6.4574
"2005-03-25",7.4924
"2005-03-26",10.0625
"2005-03-27",10.2576
"2005-03-28",7.1419
"2005-03-29",6.552
"2005-03-30",6.9769
"2005-03-31",10.8428
"2005-04-01",9.3226
"2005-04-02",7.3523
"2005-04-03",8.7222
"2005-04-04",7.7072
"2005-04-05",9.9972
"2005-04-06",13.4974
"2005-04-07",8.0372
"2005-04-08",7.5572
"2005-04-09",9.1472
"2005-04-10",8.787
"2005-04-11",8.4572
"2005-04-12",7.2222
"2005-04-13",6.9826
"2005-04-14",8.0427
"2005-04-15",9.3777
"2005-04-16",10.4419
"2005-04-17",7.8173
"2005-04-18",8.6472
"2005-04-19",10.8271
"2005-04-20",12.3371
"2005-04-21",12.7118
"2005-04-22",15.7976
"2005-04-23",12.8527
"2005-04-24",11.7423
"2005-04-25",13.642
"2005-04-26",15.6377
"2005-04-27",16.4469
"2005-04-28",13.0973
"2005-04-29",12.2422
"2005-04-30",13.9654
"2005-05-01",14.4449
"2005-05-02",15.5502
"2005-05-03",15.9903
"2005-05-04",15.3649
"2005-05-05",13.525
"2005-05-06",12.75
"2005-05-07",13.4954
"2005-05-08",14.0252
"2005-05-09",11.0353
"2005-05-10",10.9251
"2005-05-11",14.5553
"2005-05-12",15.2949
"2005-05-13",15.3651
"2005-05-14",17.5104
"2005-05-15",15.3505
"2005-05-16",11.6352
"2005-05-17",10.6452
"2005-05-18",13.2802
"2005-05-19",12.8801
"2005-05-20",11.6197
"2005-05-21",12.4051
"2005-05-22",12.8047
"2005-05-23",12.135
"2005-05-24",13.805
"2005-05-25",18.7551
"2005-05-26",22.0552
"2005-05-27",20.2751
"2005-05-28",17.03
"2005-05-29",15.3051
"2005-05-30",15.6602
"2005-05-31",12.6274
"2005-06-01",12.6371
"2005-06-02",14.1026
"2005-06-03",14.0774
"2005-06-04",13.322
"2005-06-05",11.5025
"2005-06-06",12.0325
"2005-06-07",12.2727
"2005-06-08",14.8926
"2005-06-09",16.8876
"2005-06-10",13.4222
"2005-06-11",14.0176
"2005-06-12",13.7427
"2005-06-13",16.3121
"2005-06-14",15.2875
"2005-06-15",14.8226
"2005-06-16",14.3921
"2005-06-17",14.7971
"2005-06-18",15.7622
"2005-06-19",17.7871
"2005-06-20",18.7375
"2005-06-21",16.2378
"2005-06-22",16.5075
"2005-06-23",17.0927
"2005-06-24",17.6423
"2005-06-25",17.982
"2005-06-26",15.5321
"2005-06-27",15.6673
"2005-06-28",18.2673
"2005-06-29",19.3626
"2005-06-30",20.6995
"2005-07-01",18.6243
"2005-07-02",17.3642
"2005-07-03",18.5489
"2005-07-04",18.6343
"2005-07-05",19.1144
"2005-07-06",18.2094
"2005-07-07",17.3196
"2005-07-08",15.2896
"2005-07-09",16.7894
"2005-07-10",17.0044
"2005-07-11",20.1394
"2005-07-12",18.9196
"2005-07-13",18.5944
"2005-07-14",20.5743
"2005-07-15",21.5141
"2005-07-16",19.1946
"2005-07-17",23.1892
"2005-07-18",26.2696
"2005-07-19",21.6594
"2005-07-20",20.6746
"2005-07-21",22.9296
"2005-07-22",22.9388
"2005-07-23",20.6892
"2005-07-24",18.714
"2005-07-25",20.3095
"2005-07-26",23.7093
"2005-07-27",24.9491
"2005-07-28",22.0243
"2005-07-29",21.8142
"2005-07-30",20.8497
"2005-07-31",20.4425
"2005-08-01",19.2925
"2005-08-02",19.3125
"2005-08-03",20.772
"2005-08-04",23.5075
"2005-08-05",22.3373
"2005-08-06",21.5274
"2005-08-07",21.1429
"2005-08-08",21.6022
"2005-08-09",21.1324
"2005-08-10",19.9225
"2005-08-11",19.3425
"2005-08-12",20.4121
"2005-08-13",22.6524
"2005-08-14",24.5171
"2005-08-15",20.9827
"2005-08-16",19.4674
"2005-08-17",17.7373
"2005-08-18",21.1021
"2005-08-19",21.6522
"2005-08-20",20.1921
"2005-08-21",19.8922
"2005-08-22",20.1324
"2005-08-23",17.0476
"2005-08-24",19.6368
"2005-08-25",22.1019
"2005-08-26",20.0123
"2005-08-27",19.842
"2005-08-28",19.4523
"2005-08-29",15.0069
"2005-08-30",18.3271
"2005-08-31",18.892
"2005-09-01",19.2113
"2005-09-02",17.6269
"2005-09-03",16.2916
"2005-09-04",15.2966
"2005-09-05",15.8718
"2005-09-06",16.8168
"2005-09-07",19.0917
"2005-09-08",19.0163
"2005-09-09",14.5666
"2005-09-10",13.9716
"2005-09-11",15.377
"2005-09-12",14.777
"2005-09-13",16.3067
"2005-09-14",15.4517
"2005-09-15",14.7465
"2005-09-16",12.3719
"2005-09-17",14.2267
"2005-09-18",15.3167
"2005-09-19",15.6464
"2005-09-20",16.2269
"2005-09-21",14.5313
"2005-09-22",13.8413
"2005-09-23",13.2067
"2005-09-24",13.2118
"2005-09-25",14.9266
"2005-09-26",17.1966
"2005-09-27",16.2016
"2005-09-28",16.4519
"2005-09-29",16.9719
"2005-09-30",13.0292
"2005-10-01",8.7746
"2005-10-02",9.1143
"2005-10-03",9.6097
"2005-10-04",10.9091
"2005-10-05",13.4892
"2005-10-06",14.9993
"2005-10-07",13.8938
"2005-10-08",11.2246
"2005-10-09",14.1847
"2005-10-10",13.8797
"2005-10-11",13.6892
"2005-10-12",12.6094
"2005-10-13",13.7041
"2005-10-14",15.8292
"2005-10-15",11.3545
"2005-10-16",14.0644
"2005-10-17",16.249
"2005-10-18",17.3643
"2005-10-19",12.2742
"2005-10-20",12.9394
"2005-10-21",14.494
"2005-10-22",13.8048
"2005-10-23",12.8589
"2005-10-24",13.9597
"2005-10-25",12.6994
"2005-10-26",9.5693
"2005-10-27",8.3343
"2005-10-28",8.7596
"2005-10-29",9.2342
"2005-10-30",10.0344
"2005-10-31",8.7097
"2005-11-01",8.3449
"2005-11-02",6.4194
"2005-11-03",5.5296
"2005-11-04",6.0749
"2005-11-05",6.455
"2005-11-06",5.9299
"2005-11-07",5.0143
"2005-11-08",4.9146
"2005-11-09",5.9247
"2005-11-10",6.9598
"2005-11-11",5.6446
"2005-11-12",5.1441
"2005-11-13",8.1996
"2005-11-14",7.14
"2005-11-15",4.9296
"2005-11-16",6.9399
"2005-11-17",8.1494
"2005-11-18",8.8594
"2005-11-19",9.515
"2005-11-20",5.2895
"2005-11-21",6.6693
"2005-11-22",6.66
"2005-11-23",6.5798
"2005-11-24",5.435
"2005-11-25",5.3344
"2005-11-26",3.8746
"2005-11-27",3.9899
"2005-11-28",1.2697
"2005-11-29",3.1195
"2005-11-30",3.7152
"2005-12-01",2.59
"2005-12-02",2.2856
"2005-12-03",2.6653
"2005-12-04",3.0305
"2005-12-05",1.2808
"2005-12-06",1.1253
"2005-12-07",1.5352
"2005-12-08",1.505
"2005-12-09",2.7502
"2005-12-10",4.6502
"2005-12-11",5.2656
"2005-12-12",2.9102
"2005-12-13",1.2655
"2005-12-14",1.0304
"2005-12-15",0.6556
"2005-12-16",-0.2643
"2005-12-17",-0.5698
"2005-12-18",0.1754
"2005-12-19",5.365
"2005-12-20",8.6605
"2005-12-21",8.0252
"2005-12-22",7.9453
"2005-12-23",8.4098
"2005-12-24",13.1354
"2005-12-25",9.075
"2005-12-26",5.6505
"2005-12-27",6.2555
"2005-12-28",7.4749
"2005-12-29",5.0503
"2005-12-30",6.5056
"2005-12-31",6.9055
"2006-01-01",6.931
"2006-01-02",6.2609
"2006-01-03",5.1959
"2006-01-04",6.326
"2006-01-05",11.7007
"2006-01-06",10.366
"2006-01-07",7.0411
"2006-01-08",5.8364
"2006-01-09",7.4959
"2006-01-10",7.7958
"2006-01-11",6.086
"2006-01-12",6.4513
"2006-01-13",8.4709
"2006-01-14",5.401
"2006-01-15",3.8113
"2006-01-16",5.8315
"2006-01-17",7.4906
"2006-01-18",6.2657
"2006-01-19",5.4106
"2006-01-20",6.406
"2006-01-21",4.1562
"2006-01-22",5.3762
"2006-01-23",6.0307
"2006-01-24",8.9214
"2006-01-25",5.0709
"2006-01-26",3.846
"2006-01-27",5.0257
"2006-01-28",5.801
"2006-01-29",6.6162
"2006-01-30",7.486
"2006-01-31",4.3433
"2006-02-01",7.7632
"2006-02-02",6.8437
"2006-02-03",8.4033
"2006-02-04",6.0283
"2006-02-05",4.0932
"2006-02-06",7.4731
"2006-02-07",9.7884
"2006-02-08",9.443
"2006-02-09",9.1437
"2006-02-10",8.6935
"2006-02-11",6.608
"2006-02-12",8.4482
"2006-02-13",6.0984
"2006-02-14",1.9233
"2006-02-15",1.4534
"2006-02-16",1.3629
"2006-02-17",-1.6517
"2006-02-18",-1.4717
"2006-02-19",-1.1314
"2006-02-20",1.103
"2006-02-21",4.5481
"2006-02-22",4.4981
"2006-02-23",6.4183
"2006-02-24",3.7984
"2006-02-25",5.6933
"2006-02-26",9.6177
"2006-02-27",9.8732
"2006-02-28",7.6248
"2006-03-01",8.0395
"2006-03-02",7.3145
"2006-03-03",6.08
"2006-03-04",6.7201
"2006-03-05",8.7342
"2006-03-06",7.5348
"2006-03-07",6.625
"2006-03-08",5.5097
"2006-03-09",3.7696
"2006-03-10",3.6297
"2006-03-11",4.1444
"2006-03-12",4.4393
"2006-03-13",4.2947
"2006-03-14",6.1045
"2006-03-15",6.3296
"2006-03-16",6.95
"2006-03-17",5.9952
"2006-03-18",5.6843
"2006-03-19",5.7246
"2006-03-20",5.7092
"2006-03-21",6.5447
"2006-03-22",9.4352
"2006-03-23",11.8644
"2006-03-24",8.86
"2006-03-25",8.205
"2006-03-26",6.7198
"2006-03-27",9.3897
"2006-03-28",11.4149
"2006-03-29",9.9298
"2006-03-30",9.1052
"2006-03-31",10.441
"2006-04-01",8.5964
"2006-04-02",9.5812
"2006-04-03",10.3418
"2006-04-04",10.6166
"2006-04-05",8.9161
"2006-04-06",9.3813
"2006-04-07",13.5215
"2006-04-08",11.5667
"2006-04-09",10.6114
"2006-04-10",10.2213
"2006-04-11",11.4762
"2006-04-12",12.8415
"2006-04-13",10.8463
"2006-04-14",8.901
"2006-04-15",7.566
"2006-04-16",7.8465
"2006-04-17",7.3861
"2006-04-18",9.4216
"2006-04-19",10.3915
"2006-04-20",10.9767
"2006-04-21",9.3616
"2006-04-22",9.6766
"2006-04-23",13.2764
"2006-04-24",13.546
"2006-04-25",11.8315
"2006-04-26",10.8766
"2006-04-27",15.0266
"2006-04-28",16.1366
"2006-04-29",13.226
"2006-04-30",10.4511
"2006-05-01",8.8863
"2006-05-02",10.2413
"2006-05-03",13.346
"2006-05-04",16.2511
"2006-05-05",16.2365
"2006-05-06",11.3162
"2006-05-07",10.7865
"2006-05-08",11.0063
"2006-05-09",11.5661
"2006-05-10",13.5515
"2006-05-11",14.0865
"2006-05-12",11.4458
"2006-05-13",12.3614
"2006-05-14",16.5314
"2006-05-15",21.3913
"2006-05-16",18.6614
"2006-05-17",19.0258
"2006-05-18",16.7458
"2006-05-19",14.1563
"2006-05-20",17.436
"2006-05-21",16.3717
"2006-05-22",15.5167
"2006-05-23",14.051
"2006-05-24",12.831
"2006-05-25",11.7463
"2006-05-26",11.3013
"2006-05-27",10.2063
"2006-05-28",12.6859
"2006-05-29",14.7959
"2006-05-30",16.6761
"2006-05-31",17.9612
"2006-06-01",18.4315
"2006-06-02",14.9069
"2006-06-03",17.8169
"2006-06-04",16.7367
"2006-06-05",18.5719
"2006-06-06",15.9812
"2006-06-07",16.4917
"2006-06-08",14.9165
"2006-06-09",14.082
"2006-06-10",16.441
"2006-06-11",18.1911
"2006-06-12",17.2466
"2006-06-13",16.3864
"2006-06-14",14.9362
"2006-06-15",16.2416
"2006-06-16",16.3366
"2006-06-17",15.8011
"2006-06-18",15.4061
"2006-06-19",15.0265
"2006-06-20",15.0216
"2006-06-21",15.0765
"2006-06-22",16.8467
"2006-06-23",17.6415
"2006-06-24",20.8816
"2006-06-25",24.6815
"2006-06-26",26.6963
"2006-06-27",21.7516
"2006-06-28",18.486
"2006-06-29",19.5269
"2006-06-30",20.8757
"2006-07-01",21.0059
"2006-07-02",19.0507
"2006-07-03",18.8707
"2006-07-04",18.2956
"2006-07-05",17.3005
"2006-07-06",17.7749
"2006-07-07",18.3854
"2006-07-08",21.6807
"2006-07-09",22.2803
"2006-07-10",19.7955
"2006-07-11",17.7603
"2006-07-12",17.7456
"2006-07-13",20.5306
"2006-07-14",18.2753
"2006-07-15",19.3704
"2006-07-16",19.8452
"2006-07-17",18.6654
"2006-07-18",18.6156
"2006-07-19",19.8452
"2006-07-20",22.3553
"2006-07-21",27.2356
"2006-07-22",29.5256
"2006-07-23",27.6458
"2006-07-24",27.4855
"2006-07-25",23.5807
"2006-07-26",23.1152
"2006-07-27",22.36
"2006-07-28",18.7458
"2006-07-29",16.7206
"2006-07-30",16.0103
"2006-07-31",17.4848
"2006-08-01",16.9945
"2006-08-02",18.3351
"2006-08-03",17.4549
"2006-08-04",17.6301
"2006-08-05",19.9498
"2006-08-06",22.0698
"2006-08-07",20.4797
"2006-08-08",18.0804
"2006-08-09",19.21
"2006-08-10",19.1752
"2006-08-11",17.0402
"2006-08-12",17.825
"2006-08-13",20.1348
"2006-08-14",19.5254
"2006-08-15",17
"2006-08-16",15.27
"2006-08-17",18.8395
"2006-08-18",21.8897
"2006-08-19",21.3649
"2006-08-20",20.965
"2006-08-21",17.7304
"2006-08-22",18.065
"2006-08-23",17.2295
"2006-08-24",18.125
"2006-08-25",18.7253
"2006-08-26",22.4698
"2006-08-27",23.8597
"2006-08-28",21.7647
"2006-08-29",15.9902
"2006-08-30",15.6802
"2006-08-31",16.9101
"2006-09-01",22.2447
"2006-09-02",22.4648
"2006-09-03",18.1804
"2006-09-04",18.395
"2006-09-05",19.6802
"2006-09-06",18.7303
"2006-09-07",16.7952
"2006-09-08",15.1146
"2006-09-09",14.2998
"2006-09-10",17.0653
"2006-09-11",18.3605
"2006-09-12",19.3798
"2006-09-13",15.0352
"2006-09-14",11.2153
"2006-09-15",12.0048
"2006-09-16",13.6295
"2006-09-17",17.3597
"2006-09-18",15.0949
"2006-09-19",11.0549
"2006-09-20",12.4602
"2006-09-21",13.6251
"2006-09-22",14.0704
"2006-09-23",15.695
"2006-09-24",19.6952
"2006-09-25",20.41
"2006-09-26",21.22
"2006-09-27",19.73
"2006-09-28",19.3349
"2006-09-29",19.7849
"2006-09-30",13.7091
"2006-10-01",12.4492
"2006-10-02",11.9645
"2006-10-03",10.839
"2006-10-04",13.2848
"2006-10-05",13.1445
"2006-10-06",11.1148
"2006-10-07",11.0645
"2006-10-08",11.0645
"2006-10-09",13.9242
"2006-10-10",12.79
"2006-10-11",15.2995
"2006-10-12",16.2697
"2006-10-13",13.5141
"2006-10-14",10.8249
"2006-10-15",8.5946
"2006-10-16",8.9643
"2006-10-17",10.755
"2006-10-18",10.4142
"2006-10-19",11.2847
"2006-10-20",12.2097
"2006-10-21",12.3596
"2006-10-22",13.0194
"2006-10-23",9.0695
"2006-10-24",6.7445
"2006-10-25",7.9645
"2006-10-26",8.4392
"2006-10-27",10.3496
"2006-10-28",10.3842
"2006-10-29",7.3343
"2006-10-30",3.4492
"2006-10-31",4.2034
"2006-11-01",6.5437
"2006-11-02",9.7689
"2006-11-03",11.9984
"2006-11-04",12.2934
"2006-11-05",10.6383
"2006-11-06",16.1283
"2006-11-07",13.1787
"2006-11-08",9.1984
"2006-11-09",7.3538
"2006-11-10",7.9086
"2006-11-11",7.4333
"2006-11-12",8.6084
"2006-11-13",8.2633
"2006-11-14",7.4685
"2006-11-15",9.4238
"2006-11-16",8.8234
"2006-11-17",6.969
"2006-11-18",7.1984
"2006-11-19",10.1232
"2006-11-20",9.1787
"2006-11-21",7.8932
"2006-11-22",6.0287
"2006-11-23",5.5237
"2006-11-24",4.5335
"2006-11-25",4.8333
"2006-11-26",4.9632
"2006-11-27",3.023
"2006-11-28",1.8287
"2006-11-29",0.8486
"2006-11-30",4.8382
"2006-12-01",3.888
"2006-12-02",2.2684
"2006-12-03",4.3984
"2006-12-04",5.1382
"2006-12-05",6.9684
"2006-12-06",7.1884
"2006-12-07",8.0084
"2006-12-08",9.6739
"2006-12-09",8.6133
"2006-12-10",5.7639
"2006-12-11",6.6483
"2006-12-12",7.2433
"2006-12-13",8.559
"2006-12-14",7.2788
"2006-12-15",1.9982
"2006-12-16",-0.9621
"2006-12-17",-1.5163
"2006-12-18",-1.8964
"2006-12-19",0.4232
"2006-12-20",2.5532
"2006-12-21",4.6985
"2006-12-22",3.3682
"2006-12-23",5.7979
"2006-12-24",5.8133
"2006-12-25",7.0883
"2006-12-26",7.0133
"2006-12-27",3.8686
"2006-12-28",1.1232
"2006-12-29",2.2932
"2006-12-30",2.7837
"2006-12-31",4.7285
"2007-01-01",5.0383
"2007-01-02",9.8086
"2007-01-03",7.3133
"2007-01-04",3.4138
"2007-01-05",2.6691
"2007-01-06",4.9935
"2007-01-07",6.2284
"2007-01-08",7.4831
"2007-01-09",6.974
"2007-01-10",1.5283
"2007-01-11",-0.8964
"2007-01-12",-4.8168
"2007-01-13",-3.6366
"2007-01-14",-2.6069
"2007-01-15",-0.5613
"2007-01-16",1.0333
"2007-01-17",-0.2116
"2007-01-18",1.5535
"2007-01-19",2.4887
"2007-01-20",1.9286
"2007-01-21",1.8683
"2007-01-22",5.5034
"2007-01-23",6.6038
"2007-01-24",6.0531
"2007-01-25",4.7086
"2007-01-26",2.8688
"2007-01-27",4.189
"2007-01-28",3.4137
"2007-01-29",4.8632
"2007-01-30",2.9236
"2007-01-31",2.9186
"2007-02-01",2.7434
"2007-02-02",3.3886
"2007-02-03",5.168
"2007-02-04",10.9436
"2007-02-05",12.2534
"2007-02-06",8.9834
"2007-02-07",10.0431
"2007-02-08",8.5684
"2007-02-09",10.7036
"2007-02-10",8.3836
"2007-02-11",7.3332
"2007-02-12",7.9032
"2007-02-13",7.2179
"2007-02-14",5.2136
"2007-02-15",9.9883
"2007-02-16",9.9934
"2007-02-17",9.6936
"2007-02-18",5.3034
"2007-02-19",5.8584
"2007-02-20",4.2185
"2007-02-21",4.4032
"2007-02-22",3.9937
"2007-02-23",2.1285
"2007-02-24",4.3134
"2007-02-25",3.4232
"2007-02-26",2.7733
"2007-02-27",3.1633
"2007-02-28",3.5735
"2007-03-01",4.6132
"2007-03-02",7.4234
"2007-03-03",11.5887
"2007-03-04",12.8484
"2007-03-05",13.213
"2007-03-06",12.6433
"2007-03-07",9.2234
"2007-03-08",7.4182
"2007-03-09",8.7179
"2007-03-10",11.4431
"2007-03-11",15.4589
"2007-03-12",12.8134
"2007-03-13",9.0183
"2007-03-14",7.2382
"2007-03-15",9.1689
"2007-03-16",14.3088
"2007-03-17",13.0733
"2007-03-18",12.8184
"2007-03-19",10.6331
"2007-03-20",6.2238
"2007-03-21",6.4585
"2007-03-22",10.7933
"2007-03-23",10.8533
"2007-03-24",12.8586
"2007-03-25",10.0632
"2007-03-26",8.4633
"2007-03-27",6.8482
"2007-03-28",7.1387
"2007-03-29",9.8135
"2007-03-30",11.7238
"2007-03-31",10.9417
"2007-04-01",8.0872
"2007-04-02",5.7367
"2007-04-03",8.5072
"2007-04-04",12.2773
"2007-04-05",15.2816
"2007-04-06",15.4365
"2007-04-07",13.2865
"2007-04-08",10.2367
"2007-04-09",8.5768
"2007-04-10",9.5768
"2007-04-11",8.5268
"2007-04-12",8.8115
"2007-04-13",9.3965
"2007-04-14",10.342
"2007-04-15",10.0167
"2007-04-16",9.4169
"2007-04-17",7.6525
"2007-04-18",7.1172
"2007-04-19",8.1022
"2007-04-20",9.8468
"2007-04-21",8.4419
"2007-04-22",9.9569
"2007-04-23",12.202
"2007-04-24",11.3223
"2007-04-25",11.382
"2007-04-26",12.3417
"2007-04-27",14.1721
"2007-04-28",13.8517
"2007-04-29",11.7423
"2007-04-30",12.8616
"2007-05-01",10.4918
"2007-05-02",10.202
"2007-05-03",9.6813
"2007-05-04",9.932
"2007-05-05",9.8566
"2007-05-06",14.8914
"2007-05-07",18.8219
"2007-05-08",18.3868
"2007-05-09",12.7767
"2007-05-10",13.0467
"2007-05-11",12.8517
"2007-05-12",11.8917
"2007-05-13",11.0066
"2007-05-14",15.3064
"2007-05-15",14.5864
"2007-05-16",13.3368
"2007-05-17",14.6065
"2007-05-18",13.2461
"2007-05-19",14.2364
"2007-05-20",11.1166
"2007-05-21",12.4365
"2007-05-22",12.5719
"2007-05-23",14.7714
"2007-05-24",17.4813
"2007-05-25",16.8811
"2007-05-26",15.4617
"2007-05-27",14.3914
"2007-05-28",12.5314
"2007-05-29",17.0966
"2007-05-30",16.6266
"2007-05-31",18.4981
"2007-06-01",19.2578
"2007-06-02",20.1027
"2007-06-03",18.6483
"2007-06-04",18.2528
"2007-06-05",12.9225
"2007-06-06",12.9982
"2007-06-07",13.2124
"2007-06-08",15.488
"2007-06-09",13.5534
"2007-06-10",15.618
"2007-06-11",12.5881
"2007-06-12",15.378
"2007-06-13",16.7828
"2007-06-14",15.873
"2007-06-15",16.1933
"2007-06-16",16.0378
"2007-06-17",14.6977
"2007-06-18",16.4577
"2007-06-19",18.7533
"2007-06-20",17.4832
"2007-06-21",16.7031
"2007-06-22",15.1832
"2007-06-23",13.6176
"2007-06-24",12.9682
"2007-06-25",14.868
"2007-06-26",18.1279
"2007-06-27",17.1732
"2007-06-28",15.933
"2007-06-29",17.4276
"2007-06-30",17.5342
"2007-07-01",18.5397
"2007-07-02",18.4239
"2007-07-03",20.994
"2007-07-04",22.7341
"2007-07-05",21.8238
"2007-07-06",20.5442
"2007-07-07",18.8497
"2007-07-08",19.4492
"2007-07-09",20.0842
"2007-07-10",24.9795
"2007-07-11",24.0843
"2007-07-12",23.059
"2007-07-13",22.5889
"2007-07-14",22.1038
"2007-07-15",21.1241
"2007-07-16",21.2092
"2007-07-17",18.074
"2007-07-18",20.4543
"2007-07-19",18.354
"2007-07-20",17.7242
"2007-07-21",20.3398
"2007-07-22",21.4637
"2007-07-23",21.119
"2007-07-24",20.4643
"2007-07-25",19.349
"2007-07-26",19.964
"2007-07-27",19.7442
"2007-07-28",19.734
"2007-07-29",20.3644
"2007-07-30",19.459
"2007-07-31",19.9103
"2007-08-01",22.365
"2007-08-02",21.5648
"2007-08-03",19.0849
"2007-08-04",18.3357
"2007-08-05",18.7704
"2007-08-06",17.8653
"2007-08-07",17.55
"2007-08-08",17.6951
"2007-08-09",18.0099
"2007-08-10",17.5147
"2007-08-11",18.8151
"2007-08-12",16.3801
"2007-08-13",19.5403
"2007-08-14",20.5452
"2007-08-15",19.0704
"2007-08-16",18.4604
"2007-08-17",18.5453
"2007-08-18",17.0053
"2007-08-19",17.4956
"2007-08-20",17.6453
"2007-08-21",21.6002
"2007-08-22",20.0403
"2007-08-23",20.6853
"2007-08-24",21.4353
"2007-08-25",19.7452
"2007-08-26",18.5352
"2007-08-27",17.6601
"2007-08-28",19.7451
"2007-08-29",23.7552
"2007-08-30",20.8251
"2007-08-31",17.1836
"2007-09-01",17.029
"2007-09-02",16.6687
"2007-09-03",17.9187
"2007-09-04",13.3686
"2007-09-05",18.7089
"2007-09-06",17.5284
"2007-09-07",15.7885
"2007-09-08",17.7184
"2007-09-09",19.5684
"2007-09-10",21.5739
"2007-09-11",21.719
"2007-09-12",17.1686
"2007-09-13",15.364
"2007-09-14",16.1742
"2007-09-15",16.3733
"2007-09-16",13.5189
"2007-09-17",16.6688
"2007-09-18",12.4891
"2007-09-19",13.8689
"2007-09-20",14.7192
"2007-09-21",16.4936
"2007-09-22",13.5988
"2007-09-23",12.7635
"2007-09-24",13.1537
"2007-09-25",14.9391
"2007-09-26",16.2334
"2007-09-27",17.1937
"2007-09-28",11.7492
"2007-09-29",11.2687
"2007-09-30",9.2575
"2007-10-01",12.2028
"2007-10-02",11.8431
"2007-10-03",9.9277
"2007-10-04",9.2074
"2007-10-05",8.6827
"2007-10-06",7.5428
"2007-10-07",12.3875
"2007-10-08",13.478
"2007-10-09",12.6077
"2007-10-10",11.6023
"2007-10-11",11.1079
"2007-10-12",12.023
"2007-10-13",13.0874
"2007-10-14",12.7373
"2007-10-15",11.5626
"2007-10-16",8.428
"2007-10-17",7.5731
"2007-10-18",10.4832
"2007-10-19",10.3175
"2007-10-20",8.1726
"2007-10-21",9.4578
"2007-10-22",14.2525
"2007-10-23",17.5331
"2007-10-24",12.3429
"2007-10-25",7.7279
"2007-10-26",7.6027
"2007-10-27",10.3123
"2007-10-28",11.183
"2007-10-29",9.8028
"2007-10-30",8.2681
"2007-10-31",7.2624
"2007-11-01",7.0571
"2007-11-02",5.0624
"2007-11-03",8.4475
"2007-11-04",10.3125
"2007-11-05",10.4476
"2007-11-06",11.0673
"2007-11-07",9.4878
"2007-11-08",9.4025
"2007-11-09",9.3524
"2007-11-10",7.8674
"2007-11-11",7.4274
"2007-11-12",6.6373
"2007-11-13",5.8126
"2007-11-14",6.6821
"2007-11-15",10.9268
"2007-11-16",9.0574
"2007-11-17",8.0476
"2007-11-18",5.8476
"2007-11-19",3.6771
"2007-11-20",3.7428
"2007-11-21",2.5421
"2007-11-22",2.0028
"2007-11-23",3.2073
"2007-11-24",3.2374
"2007-11-25",1.9421
"2007-11-26",3.1172
"2007-11-27",3.5521
"2007-11-28",2.5026
"2007-11-29",3.2774
"2007-11-30",2.2751
"2007-12-01",0.9755
"2007-12-02",5.7409
"2007-12-03",11.4251
"2007-12-04",11.4506
"2007-12-05",7.7752
"2007-12-06",5.4551
"2007-12-07",4.9656
"2007-12-08",3.9307
"2007-12-09",2.2055
"2007-12-10",3.7405
"2007-12-11",3.2253
"2007-12-12",4.5405
"2007-12-13",3.48
"2007-12-14",3.4755
"2007-12-15",5.1007
"2007-12-16",5.2302
"2007-12-17",4.7506
"2007-12-18",6.2557
"2007-12-19",5.3805
"2007-12-20",4.0654
"2007-12-21",3.1955
"2007-12-22",4.2105
"2007-12-23",8.6755
"2007-12-24",4.9005
"2007-12-25",2.0458
"2007-12-26",2.2952
"2007-12-27",2.6802
"2007-12-28",2.986
"2007-12-29",5.0455
"2007-12-30",3.2404
"2007-12-31",2.3109
"2008-01-01",4.326
"2008-01-02",5.0157
"2008-01-03",6.1406
"2008-01-04",6.1158
"2008-01-05",3.4361
"2008-01-06",1.6356
"2008-01-07",1.3858
"2008-01-08",3.656
"2008-01-09",3.5311
"2008-01-10",4.546
"2008-01-11",6.4515
"2008-01-12",6.8504
"2008-01-13",5.611
"2008-01-14",4.9855
"2008-01-15",2.2609
"2008-01-16",0.9361
"2008-01-17",1.2161
"2008-01-18",1.116
"2008-01-19",2.4212
"2008-01-20",2.7913
"2008-01-21",-1.5739
"2008-01-22",-1.3789
"2008-01-23",0.3712
"2008-01-24",0.9061
"2008-01-25",1.2307
"2008-01-26",1.6506
"2008-01-27",1.9812
"2008-01-28",1.5859
"2008-01-29",2.2959
"2008-01-30",2.1558
"2008-01-31",4.3469
"2008-02-01",2.7323
"2008-02-02",3.3725
"2008-02-03",3.5219
"2008-02-04",3.2968
"2008-02-05",3.272
"2008-02-06",3.5672
"2008-02-07",4.1721
"2008-02-08",3.617
"2008-02-09",8.0571
"2008-02-10",7.8324
"2008-02-11",8.0721
"2008-02-12",8.7122
"2008-02-13",4.5276
"2008-02-14",4.2173
"2008-02-15",6.1173
"2008-02-16",7.0674
"2008-02-17",7.3219
"2008-02-18",8.0317
"2008-02-19",6.6174
"2008-02-20",5.0668
"2008-02-21",6.947
"2008-02-22",6.6822
"2008-02-23",4.4373
"2008-02-24",7.7473
"2008-02-25",8.5823
"2008-02-26",9.3468
"2008-02-27",8.8772
"2008-02-28",9.317
"2008-02-29",7.9684
"2008-03-01",4.0789
"2008-03-02",5.6286
"2008-03-03",5.2989
"2008-03-04",5.1835
"2008-03-05",7.2586
"2008-03-06",7.7886
"2008-03-07",7.4887
"2008-03-08",9.6085
"2008-03-09",10.5084
"2008-03-10",11.2132
"2008-03-11",7.4636
"2008-03-12",7.808
"2008-03-13",6.8286
"2008-03-14",6.524
"2008-03-15",6.2233
"2008-03-16",5.529
"2008-03-17",5.7986
"2008-03-18",8.3238
"2008-03-19",6.0989
"2008-03-20",5.6081
"2008-03-21",5.1586
"2008-03-22",8.3837
"2008-03-23",6.0288
"2008-03-24",5.7081
"2008-03-25",5.3032
"2008-03-26",4.4634
"2008-03-27",4.2987
"2008-03-28",3.6439
"2008-03-29",4.5437
"2008-03-30",4.2136
"2008-03-31",5.3966
"2008-04-01",5.6462
"2008-04-02",7.1168
"2008-04-03",8.6365
"2008-04-04",6.2765
"2008-04-05",7.2712
"2008-04-06",7.7566
"2008-04-07",6.5869
"2008-04-08",5.2164
"2008-04-09",7.8213
"2008-04-10",9.3664
"2008-04-11",12.1065
"2008-04-12",16.7869
"2008-04-13",12.4664
"2008-04-14",6.8315
"2008-04-15",5.2418
"2008-04-16",8.8516
"2008-04-17",9.9416
"2008-04-18",6.5264
"2008-04-19",5.4266
"2008-04-20",4.7919
"2008-04-21",5.4064
"2008-04-22",7.6363
"2008-04-23",7.7414
"2008-04-24",8.7411
"2008-04-25",8.8964
"2008-04-26",12.6214
"2008-04-27",15.2617
"2008-04-28",12.4516
"2008-04-29",7.6417
"2008-04-30",8.6744
"2008-05-01",8.6852
"2008-05-02",12.9398
"2008-05-03",11.99
"2008-05-04",12.5348
"2008-05-05",15.4947
"2008-05-06",11.5601
"2008-05-07",10.1145
"2008-05-08",9.1951
"2008-05-09",10.4001
"2008-05-10",11.9702
"2008-05-11",9.5352
"2008-05-12",11.03
"2008-05-13",12.2595
"2008-05-14",17.1902
"2008-05-15",21.6849
"2008-05-16",24.8895
"2008-05-17",23.5001
"2008-05-18",19.7899
"2008-05-19",17.7296
"2008-05-20",14.2396
"2008-05-21",11.8948
"2008-05-22",9.9549
"2008-05-23",10.4345
"2008-05-24",14.815
"2008-05-25",14.1647
"2008-05-26",12.5797
"2008-05-27",15.4401
"2008-05-28",13.4345
"2008-05-29",14.3097
"2008-05-30",15.7948
"2008-05-31",14.0231
"2008-06-01",13.4625
"2008-06-02",12.5929
"2008-06-03",13.0434
"2008-06-04",12.078
"2008-06-05",11.148
"2008-06-06",10.193
"2008-06-07",12.7926
"2008-06-08",13.3632
"2008-06-09",12.1882
"2008-06-10",10.0928
"2008-06-11",11.613
"2008-06-12",14.5281
"2008-06-13",16.8732
"2008-06-14",14.6029
"2008-06-15",14.008
"2008-06-16",14.4378
"2008-06-17",12.518
"2008-06-18",13.2133
"2008-06-19",14.3225
"2008-06-20",19.9628
"2008-06-21",20.8327
"2008-06-22",16.2534
"2008-06-23",15.8727
"2008-06-24",15.9584
"2008-06-25",15.4731
"2008-06-26",14.908
"2008-06-27",20.8131
"2008-06-28",25.1078
"2008-06-29",20.3884
"2008-06-30",20.8573
"2008-07-01",19.5771
"2008-07-02",20.4174
"2008-07-03",19.3424
"2008-07-04",18.5023
"2008-07-05",19.8724
"2008-07-06",20.9272
"2008-07-07",19.7967
"2008-07-08",21.9568
"2008-07-09",23.0169
"2008-07-10",19.1075
"2008-07-11",19.3724
"2008-07-12",22.2571
"2008-07-13",23.5969
"2008-07-14",22.1974
"2008-07-15",19.5619
"2008-07-16",18.3071
"2008-07-17",17.6318
"2008-07-18",17.0071
"2008-07-19",17.2569
"2008-07-20",18.6969
"2008-07-21",19.1569
"2008-07-22",16.062
"2008-07-23",16.2621
"2008-07-24",18.3721
"2008-07-25",17.4617
"2008-07-26",18.6019
"2008-07-27",19.8322
"2008-07-28",19.9071
"2008-07-29",15.4718
"2008-07-30",19.2973
"2008-07-31",17.4051
"2008-08-01",16.1549
"2008-08-02",18.0048
"2008-08-03",17.7045
"2008-08-04",19.5198
"2008-08-05",20.4452
"2008-08-06",21.2853
"2008-08-07",20.165
"2008-08-08",17.8846
"2008-08-09",16.9748
"2008-08-10",16.4949
"2008-08-11",21.02
"2008-08-12",20.4199
"2008-08-13",21.1049
"2008-08-14",24.2743
"2008-08-15",24.5898
"2008-08-16",22.9897
"2008-08-17",21.6849
"2008-08-18",19.2899
"2008-08-19",18.3647
"2008-08-20",16.8397
"2008-08-21",18.545
"2008-08-22",19.095
"2008-08-23",20.7548
"2008-08-24",19.4251
"2008-08-25",18.2098
"2008-08-26",17.4002
"2008-08-27",17.585
"2008-08-28",19.9053
"2008-08-29",21.5701
"2008-08-30",16.9495
"2008-08-31",12.4143
"2008-09-01",13.0489
"2008-09-02",14.1838
"2008-09-03",14.6338
"2008-09-04",15.6191
"2008-09-05",17.4339
"2008-09-06",18.1136
"2008-09-07",18.8686
"2008-09-08",20.2589
"2008-09-09",16.8044
"2008-09-10",15.9683
"2008-09-11",19.7836
"2008-09-12",19.8685
"2008-09-13",16.9293
"2008-09-14",20.0039
"2008-09-15",22.0041
"2008-09-16",20.259
"2008-09-17",15.619
"2008-09-18",14.9188
"2008-09-19",15.7138
"2008-09-20",13.1788
"2008-09-21",13.5439
"2008-09-22",13.9339
"2008-09-23",13.399
"2008-09-24",14.5139
"2008-09-25",15.4484
"2008-09-26",14.6538
"2008-09-27",14.9643
"2008-09-28",18.954
"2008-09-29",21.6534
"2008-09-30",15.5746
"2008-10-01",17.5705
"2008-10-02",13.18
"2008-10-03",12.185
"2008-10-04",11.0246
"2008-10-05",10.5247
"2008-10-06",14.4098
"2008-10-07",11.4401
"2008-10-08",9.5252
"2008-10-09",5.3799
"2008-10-10",8.0599
"2008-10-11",6.7147
"2008-10-12",7.5353
"2008-10-13",12.9351
"2008-10-14",10.82
"2008-10-15",8.1697
"2008-10-16",11.935
"2008-10-17",12.8448
"2008-10-18",11.4146
"2008-10-19",8.9699
"2008-10-20",8.3654
"2008-10-21",7.7653
"2008-10-22",12.365
"2008-10-23",11.1949
"2008-10-24",8.0101
"2008-10-25",10.35
"2008-10-26",13.91
"2008-10-27",14.2051
"2008-10-28",12.3203
"2008-10-29",9.9501
"2008-10-30",10.6751
"2008-10-31",11.6734
"2008-11-01",12.5984
"2008-11-02",8.3228
"2008-11-03",8.2885
"2008-11-04",6.178
"2008-11-05",6.1879
"2008-11-06",11.4636
"2008-11-07",13.3032
"2008-11-08",9.8376
"2008-11-09",8.6732
"2008-11-10",7.468
"2008-11-11",8.533
"2008-11-12",12.4028
"2008-11-13",9.3081
"2008-11-14",8.4982
"2008-11-15",11.1081
"2008-11-16",12.283
"2008-11-17",13.7829
"2008-11-18",9.8229
"2008-11-19",8.3979
"2008-11-20",6.2483
"2008-11-21",5.198
"2008-11-22",6.5831
"2008-11-23",5.0527
"2008-11-24",7.0735
"2008-11-25",6.4179
"2008-11-26",5.1385
"2008-11-27",5.3232
"2008-11-28",8.2636
"2008-11-29",11.4577
"2008-11-30",11.431
"2008-12-01",9.6119
"2008-12-02",8.9362
"2008-12-03",7.1566
"2008-12-04",4.0009
"2008-12-05",5.8414
"2008-12-06",6.2214
"2008-12-07",4.5712
"2008-12-08",5.3212
"2008-12-09",3.9618
"2008-12-10",7.0013
"2008-12-11",5.8261
"2008-12-12",2.9566
"2008-12-13",2.3966
"2008-12-14",0.7614
"2008-12-15",-3.5785
"2008-12-16",-5.5732
"2008-12-17",-2.9888
"2008-12-18",0.4763
"2008-12-19",-0.9784
"2008-12-20",0.2963
"2008-12-21",2.9463
"2008-12-22",1.2261
"2008-12-23",0.1115
"2008-12-24",0.5462
"2008-12-25",0.8713
"2008-12-26",1.4019
"2008-12-27",4.8113
"2008-12-28",6.7867
"2008-12-29",4.416
"2008-12-30",3.1716
"2008-12-31",3.9342
"2009-01-01",5.1241
"2009-01-02",3.1293
"2009-01-03",0.0189
"2009-01-04",-0.3662
"2009-01-05",2.5946
"2009-01-06",6.1592
"2009-01-07",7.9389
"2009-01-08",5.0195
"2009-01-09",1.8292
"2009-01-10",3.9192
"2009-01-11",5.0088
"2009-01-12",9.5693
"2009-01-13",6.1539
"2009-01-14",5.0744
"2009-01-15",6.564
"2009-01-16",7.634
"2009-01-17",6.3543
"2009-01-18",6.3241
"2009-01-19",5.1045
"2009-01-20",3.794
"2009-01-21",4.0042
"2009-01-22",4.0343
"2009-01-23",3.8095
"2009-01-24",2.854
"2009-01-25",1.659
"2009-01-26",-1.4403
"2009-01-27",-0.8258
"2009-01-28",3.0945
"2009-01-29",2.4998
"2009-01-30",4.9539
"2009-01-31",3.6166
"2009-02-01",2.6967
"2009-02-02",6.6018
"2009-02-03",8.7273
"2009-02-04",9.0072
"2009-02-05",6.5865
"2009-02-06",6.4117
"2009-02-07",5.0969
"2009-02-08",3.7318
"2009-02-09",1.8368
"2009-02-10",2.3368
"2009-02-11",4.4017
"2009-02-12",3.3717
"2009-02-13",2.5867
"2009-02-14",2.5565
"2009-02-15",4.3921
"2009-02-16",5.7418
"2009-02-17",6.1717
"2009-02-18",7.0572
"2009-02-19",8.3917
"2009-02-20",8.1471
"2009-02-21",6.9917
"2009-02-22",9.3023
"2009-02-23",8.6467
"2009-02-24",6.0471
"2009-02-25",4.4219
"2009-02-26",1.8166
"2009-02-27",2.3168
"2009-02-28",7.5406
"2009-03-01",10.6956
"2009-03-02",11.4003
"2009-03-03",7.3311
"2009-03-04",5.2803
"2009-03-05",5.3451
"2009-03-06",6.4551
"2009-03-07",4.5659
"2009-03-08",2.9059
"2009-03-09",2.2155
"2009-03-10",3.7408
"2009-03-11",4.4104
"2009-03-12",6.2053
"2009-03-13",7.6161
"2009-03-14",6.0908
"2009-03-15",7.2552
"2009-03-16",5.4251
"2009-03-17",6.7554
"2009-03-18",9.2106
"2009-03-19",8.3357
"2009-03-20",9.9909
"2009-03-21",6.7059
"2009-03-22",4.5503
"2009-03-23",4.4253
"2009-03-24",7.2807
"2009-03-25",7.4706
"2009-03-26",7.9607
"2009-03-27",9.0953
"2009-03-28",7.3007
"2009-03-29",5.7758
"2009-03-30",5.7957
"2009-03-31",7.0568
"2009-04-01",5.7367
"2009-04-02",6.5119
"2009-04-03",6.4768
"2009-04-04",7.7071
"2009-04-05",11.4419
"2009-04-06",15.4423
"2009-04-07",15.4121
"2009-04-08",9.0167
"2009-04-09",8.9864
"2009-04-10",8.7368
"2009-04-11",7.7171
"2009-04-12",11.2819
"2009-04-13",6.1368
"2009-04-14",6.8574
"2009-04-15",7.3416
"2009-04-16",8.8371
"2009-04-17",11.797
"2009-04-18",11.8667
"2009-04-19",15.6817
"2009-04-20",16.877
"2009-04-21",16.6872
"2009-04-22",12.6165
"2009-04-23",7.0573
"2009-04-24",8.892
"2009-04-25",7.0123
"2009-04-26",8.1569
"2009-04-27",6.5124
"2009-04-28",7.0966
"2009-04-29",8.4419
"2009-04-30",10.8039
"2009-05-01",11.8236
"2009-05-02",12.8635
"2009-05-03",12.079
"2009-05-04",10.7585
"2009-05-05",12.8491
"2009-05-06",12.2687
"2009-05-07",10.6542
"2009-05-08",11.6889
"2009-05-09",11.649
"2009-05-10",12.7841
"2009-05-11",13.1941
"2009-05-12",9.6186
"2009-05-13",7.8837
"2009-05-14",13.609
"2009-05-15",14.3788
"2009-05-16",18.5586
"2009-05-17",19.5891
"2009-05-18",16.9639
"2009-05-19",12.4788
"2009-05-20",12.5941
"2009-05-21",13.1738
"2009-05-22",13.5135
"2009-05-23",14.0737
"2009-05-24",13.4135
"2009-05-25",14.549
"2009-05-26",14.5641
"2009-05-27",16.9339
"2009-05-28",19.4141
"2009-05-29",20.9635
"2009-05-30",20.8693
"2009-05-31",18.201
"2009-06-01",18.4756
"2009-06-02",17.5063
"2009-06-03",21.5459
"2009-06-04",20.3464
"2009-06-05",14.3661
"2009-06-06",16.0358
"2009-06-07",15.2415
"2009-06-08",16.2709
"2009-06-09",15.9911
"2009-06-10",15.4907
"2009-06-11",16.2409
"2009-06-12",17.3111
"2009-06-13",16.6414
"2009-06-14",18.4161
"2009-06-15",17.9359
"2009-06-16",20.2359
"2009-06-17",18.5309
"2009-06-18",18.1209
"2009-06-19",15.6962
"2009-06-20",15.2658
"2009-06-21",15.2011
"2009-06-22",14.506
"2009-06-23",17.7111
"2009-06-24",16.7758
"2009-06-25",15.9414
"2009-06-26",16.3759
"2009-06-27",18.4809
"2009-06-28",18.2864
"2009-06-29",16.7258
"2009-06-30",17.2092
"2009-07-01",20.054
"2009-07-02",23.3845
"2009-07-03",23.0942
"2009-07-04",23.3242
"2009-07-05",18.7792
"2009-07-06",16.094
"2009-07-07",16.0492
"2009-07-08",15.924
"2009-07-09",19.009
"2009-07-10",20.6291
"2009-07-11",19.3843
"2009-07-12",16.0237
"2009-07-13",18.3789
"2009-07-14",20.3237
"2009-07-15",21.2143
"2009-07-16",22.3635
"2009-07-17",23.4491
"2009-07-18",22.5392
"2009-07-19",20.874
"2009-07-20",22.2192
"2009-07-21",20.3393
"2009-07-22",19.8494
"2009-07-23",19.8943
"2009-07-24",21.7292
"2009-07-25",23.574
"2009-07-26",23.9043
"2009-07-27",27.1592
"2009-07-28",29.9945
"2009-07-29",25.8041
"2009-07-30",24.4642
"2009-07-31",22.4823
"2009-08-01",22.9222
"2009-08-02",19.9226
"2009-08-03",20.3324
"2009-08-04",18.0673
"2009-08-05",17.6825
"2009-08-06",16.3728
"2009-08-07",18.0175
"2009-08-08",16.9224
"2009-08-09",19.6526
"2009-08-10",19.0129
"2009-08-11",20.1422
"2009-08-12",19.5579
"2009-08-13",19.1475
"2009-08-14",16.7875
"2009-08-15",17.8875
"2009-08-16",18.2929
"2009-08-17",21.7871
"2009-08-18",24.2524
"2009-08-19",25.7377
"2009-08-20",20.3225
"2009-08-21",18.5228
"2009-08-22",19.1072
"2009-08-23",16.3275
"2009-08-24",18.0927
"2009-08-25",15.9977
"2009-08-26",20.9225
"2009-08-27",19.3825
"2009-08-28",20.7322
"2009-08-29",17.8578
"2009-08-30",20.4927
"2009-08-31",19.3164
"2009-09-01",17.4016
"2009-09-02",17.2416
"2009-09-03",16.0714
"2009-09-04",16.9366
"2009-09-05",14.4568
"2009-09-06",12.9617
"2009-09-07",15.5917
"2009-09-08",16.7566
"2009-09-09",17.1621
"2009-09-10",20.3271
"2009-09-11",22.8819
"2009-09-12",19.5419
"2009-09-13",19.2763
"2009-09-14",18.237
"2009-09-15",19.1263
"2009-09-16",17.1267
"2009-09-17",18.8264
"2009-09-18",19.2866
"2009-09-19",15.1371
"2009-09-20",15.5667
"2009-09-21",20.5921
"2009-09-22",23.5768
"2009-09-23",19.8621
"2009-09-24",17.7519
"2009-09-25",17.4519
"2009-09-26",17.8668
"2009-09-27",17.0017
"2009-09-28",13.1315
"2009-09-29",11.072
"2009-09-30",9.5118
"2009-10-01",11.387
"2009-10-02",11.9765
"2009-10-03",8.3871
"2009-10-04",9.052
"2009-10-05",10.3019
"2009-10-06",12.5917
"2009-10-07",12.532
"2009-10-08",12.5564
"2009-10-09",12.3866
"2009-10-10",12.4218
"2009-10-11",10.0313
"2009-10-12",9.7615
"2009-10-13",10.4121
"2009-10-14",11.6468
"2009-10-15",11.2563
"2009-10-16",17.5267
"2009-10-17",14.5565
"2009-10-18",13.8317
"2009-10-19",12.6021
"2009-10-20",12.9717
"2009-10-21",10.1464
"2009-10-22",11.9468
"2009-10-23",11.0966
"2009-10-24",10.0267
"2009-10-25",9.507
"2009-10-26",8.4372
"2009-10-27",7.4066
"2009-10-28",7.1061
"2009-10-29",8.8421
"2009-10-30",13.497
"2009-10-31",9.9671
"2009-11-01",7.9372
"2009-11-02",7.6075
"2009-11-03",10.0868
"2009-11-04",11.6874
"2009-11-05",10.0174
"2009-11-06",8.2819
"2009-11-07",7.8023
"2009-11-08",7.7522
"2009-11-09",7.392
"2009-11-10",7.7666
"2009-11-11",6.5874
"2009-11-12",4.7472
"2009-11-13",5.3674
"2009-11-14",5.4569
"2009-11-15",7.7219
"2009-11-16",9.9672
"2009-11-17",7.2418
"2009-11-18",6.0117
"2009-11-19",8.3667
"2009-11-20",7.2021
"2009-11-21",5.1367
"2009-11-22",5.387
"2009-11-23",6.0973
"2009-11-24",9.4768
"2009-11-25",9.5319
"2009-11-26",8.3023
"2009-11-27",6.7224
"2009-11-28",4.9867
"2009-11-29",5.4775
"2009-11-30",4.9105
"2009-12-01",4.2398
"2009-12-02",1.0402
"2009-12-03",2.6249
"2009-12-04",2.2557
"2009-12-05",0.2198
"2009-12-06",-2.4952
"2009-12-07",-5.0846
"2009-12-08",-7.7799
"2009-12-09",-7.2049
"2009-12-10",-4.9302
"2009-12-11",-2.4247
"2009-12-12",0.7949
"2009-12-13",1.0801
"2009-12-14",2.2405
"2009-12-15",6.4798
"2009-12-16",8.4356
"2009-12-17",8.1001
"2009-12-18",9.4754
"2009-12-19",9.0953
"2009-12-20",9.4501
"2009-12-21",4.2198
"2009-12-22",1.9902
"2009-12-23",0.8251
"2009-12-24",2.565
"2009-12-25",3.76
"2009-12-26",2.0801
"2009-12-27",2.4504
"2009-12-28",4.1856
"2009-12-29",1.9253
"2009-12-30",2.2107
"2009-12-31",2.9876
"2010-01-01",9.0102
"2010-01-02",7.13
"2010-01-03",7.3502
"2010-01-04",9.1003
"2010-01-05",10.9806
"2010-01-06",7.3548
"2010-01-07",4.9551
"2010-01-08",5.9404
"2010-01-09",7.1149
"2010-01-10",6.6551
"2010-01-11",7.4651
"2010-01-12",9.4897
"2010-01-13",8.2146
"2010-01-14",8.6353
"2010-01-15",9.1848
"2010-01-16",9.1902
"2010-01-17",8.4807
"2010-01-18",7.98
"2010-01-19",9.06
"2010-01-20",7.655
"2010-01-21",8.4202
"2010-01-22",5.2304
"2010-01-23",5.7355
"2010-01-24",6.2657
"2010-01-25",7.975
"2010-01-26",6.7148
"2010-01-27",5.0255
"2010-01-28",6.3552
"2010-01-29",7.9102
"2010-01-30",7.5396
"2010-01-31",7.7505
"2010-02-01",6.3651
"2010-02-02",6.8406
"2010-02-03",8.325
"2010-02-04",8.4807
"2010-02-05",10.4705
"2010-02-06",7.8857
"2010-02-07",7.4156
"2010-02-08",4.9056
"2010-02-09",4.7103
"2010-02-10",6.1407
"2010-02-11",10.1657
"2010-02-12",9.6103
"2010-02-13",10.07
"2010-02-14",8.8356
"2010-02-15",8.8906
"2010-02-16",10.0753
"2010-02-17",6.6255
"2010-02-18",8.1056
"2010-02-19",7.5552
"2010-02-20",6.8607
"2010-02-21",6.0202
"2010-02-22",5.6703
"2010-02-23",6.0108
"2010-02-24",8.5752
"2010-02-25",9.9754
"2010-02-26",8.9155
"2010-02-27",9.4803
"2010-02-28",9.5913
"2010-03-01",9.1059
"2010-03-02",8.9563
"2010-03-03",7.7111
"2010-03-04",8.7064
"2010-03-05",8.8412
"2010-03-06",9.5414
"2010-03-07",7.7064
"2010-03-08",5.0814
"2010-03-09",4.4812
"2010-03-10",6.5308
"2010-03-11",7.8713
"2010-03-12",6.2966
"2010-03-13",5.8112
"2010-03-14",7.3214
"2010-03-15",10.3614
"2010-03-16",8.1465
"2010-03-17",7.2512
"2010-03-18",8.4311
"2010-03-19",9.8613
"2010-03-20",11.291
"2010-03-21",9.7311
"2010-03-22",7.7515
"2010-03-23",9.0211
"2010-03-24",12.4662
"2010-03-25",7.6463
"2010-03-26",8.0508
"2010-03-27",11.0609
"2010-03-28",9.8315
"2010-03-29",6.6766
"2010-03-30",5.2211
"2010-03-31",5.9381
"2010-04-01",6.8381
"2010-04-02",6.9083
"2010-04-03",5.9383
"2010-04-04",7.9533
"2010-04-05",6.3535
"2010-04-06",8.6031
"2010-04-07",10.3683
"2010-04-08",5.7979
"2010-04-09",7.1281
"2010-04-10",9.5529
"2010-04-11",10.2431
"2010-04-12",11.8684
"2010-04-13",9.3084
"2010-04-14",9.7734
"2010-04-15",11.5185
"2010-04-16",13.0234
"2010-04-17",13.3784
"2010-04-18",14.6232
"2010-04-19",13.7334
"2010-04-20",10.5333
"2010-04-21",9.2634
"2010-04-22",9.7429
"2010-04-23",11.9984
"2010-04-24",9.1584
"2010-04-25",11.2382
"2010-04-26",12.0135
"2010-04-27",8.9181
"2010-04-28",8.5185
"2010-04-29",9.6282
"2010-04-30",10.9777
"2010-05-01",11.5881
"2010-05-02",12.1029
"2010-05-03",7.7331
"2010-05-04",7.4026
"2010-05-05",7.8528
"2010-05-06",9.3176
"2010-05-07",12.1476
"2010-05-08",12.5575
"2010-05-09",12.7725
"2010-05-10",11.0881
"2010-05-11",10.8276
"2010-05-12",12.5673
"2010-05-13",14.4978
"2010-05-14",15.8278
"2010-05-15",15.6175
"2010-05-16",17.6376
"2010-05-17",15.9881
"2010-05-18",13.4128
"2010-05-19",11.1974
"2010-05-20",10.5931
"2010-05-21",8.4925
"2010-05-22",8.8826
"2010-05-23",9.7874
"2010-05-24",11.8425
"2010-05-25",13.0628
"2010-05-26",12.8479
"2010-05-27",12.0228
"2010-05-28",11.4477
"2010-05-29",13.6422
"2010-05-30",16.0078
"2010-05-31",15.5907
"2010-06-01",14.7706
"2010-06-02",13.2153
"2010-06-03",11.9705
"2010-06-04",13.7005
"2010-06-05",15.9954
"2010-06-06",16.6005
"2010-06-07",16.2508
"2010-06-08",15.4601
"2010-06-09",13.3704
"2010-06-10",12.9607
"2010-06-11",13.3956
"2010-06-12",17.7103
"2010-06-13",16.0403
"2010-06-14",13.3757
"2010-06-15",12.8904
"2010-06-16",12.6904
"2010-06-17",13.1104
"2010-06-18",13.4305
"2010-06-19",14.1554
"2010-06-20",13.0404
"2010-06-21",15.9951
"2010-06-22",17.0605
"2010-06-23",18.4803
"2010-06-24",18.9956
"2010-06-25",17.0708
"2010-06-26",18.0355
"2010-06-27",19.4107
"2010-06-28",17.4309
"2010-06-29",14.9157
"2010-06-30",15.2373
"2010-07-01",14.8476
"2010-07-02",14.7676
"2010-07-03",15.2172
"2010-07-04",15.577
"2010-07-05",15.6023
"2010-07-06",20.4021
"2010-07-07",23.7469
"2010-07-08",23.7369
"2010-07-09",24.4968
"2010-07-10",22.4871
"2010-07-11",22.8878
"2010-07-12",16.9772
"2010-07-13",16.382
"2010-07-14",19.7024
"2010-07-15",21.3421
"2010-07-16",19.0677
"2010-07-17",18.1423
"2010-07-18",16.442
"2010-07-19",17.5473
"2010-07-20",17.3476
"2010-07-21",18.8623
"2010-07-22",19.252
"2010-07-23",19.5173
"2010-07-24",23.2171
"2010-07-25",22.4076
"2010-07-26",21.4624
"2010-07-27",20.7723
"2010-07-28",18.7324
"2010-07-29",19.5072
"2010-07-30",18.3773
"2010-07-31",16.69
"2010-08-01",17.8547
"2010-08-02",19.3599
"2010-08-03",18.7344
"2010-08-04",18.8593
"2010-08-05",21.1294
"2010-08-06",20.3947
"2010-08-07",19.5096
"2010-08-08",19.4043
"2010-08-09",16.6392
"2010-08-10",16.0848
"2010-08-11",19.08
"2010-08-12",20.4889
"2010-08-13",23.0941
"2010-08-14",24.809
"2010-08-15",22.2591
"2010-08-16",23.9044
"2010-08-17",21.9347
"2010-08-18",18.0846
"2010-08-19",16.5194
"2010-08-20",16.8193
"2010-08-21",15.7246
"2010-08-22",16.0143
"2010-08-23",17.8596
"2010-08-24",21.8594
"2010-08-25",23.4291
"2010-08-26",15.7147
"2010-08-27",15.7095
"2010-08-28",15.8143
"2010-08-29",13.8645
"2010-08-30",14.1193
"2010-08-31",15.3114
"2010-09-01",17.8661
"2010-09-02",20.7363
"2010-09-03",21.1961
"2010-09-04",14.8613
"2010-09-05",13.4615
"2010-09-06",14.5862
"2010-09-07",14.2561
"2010-09-08",15.226
"2010-09-09",13.9808
"2010-09-10",14.2812
"2010-09-11",15.4262
"2010-09-12",17.2515
"2010-09-13",17.8264
"2010-09-14",18.6908
"2010-09-15",17.3514
"2010-09-16",19.0067
"2010-09-17",17.1562
"2010-09-18",15.6163
"2010-09-19",16.2557
"2010-09-20",14.5114
"2010-09-21",14.8211
"2010-09-22",14.5958
"2010-09-23",12.5613
"2010-09-24",17.0564
"2010-09-25",18.4215
"2010-09-26",18.1312
"2010-09-27",21.6111
"2010-09-28",20.8161
"2010-09-29",17.8066
"2010-09-30",19.446
"2010-10-01",16.0356
"2010-10-02",16.276
"2010-10-03",12.9412
"2010-10-04",10.9554
"2010-10-05",12.9458
"2010-10-06",16.0856
"2010-10-07",13.4256
"2010-10-08",17.331
"2010-10-09",15.8308
"2010-10-10",11.7861
"2010-10-11",10.5754
"2010-10-12",11.3556
"2010-10-13",13.2056
"2010-10-14",13.2302
"2010-10-15",10.5303
"2010-10-16",9.8112
"2010-10-17",9.4456
"2010-10-18",9.7111
"2010-10-19",12.061
"2010-10-20",12.8808
"2010-10-21",12.006
"2010-10-22",13.2504
"2010-10-23",12.8861
"2010-10-24",10.2759
"2010-10-25",8.4658
"2010-10-26",7.4358
"2010-10-27",6.1911
"2010-10-28",9.8158
"2010-10-29",10.9108
"2010-10-30",10.0906
"2010-10-31",10.4507
"2010-11-01",15.781
"2010-11-02",13.2052
"2010-11-03",14.0355
"2010-11-04",12.6907
"2010-11-05",11.1602
"2010-11-06",12.2057
"2010-11-07",8.7755
"2010-11-08",7.5102
"2010-11-09",7.1952
"2010-11-10",7.4108
"2010-11-11",7.3311
"2010-11-12",7.2707
"2010-11-13",8.0954
"2010-11-14",11.0903
"2010-11-15",10.9158
"2010-11-16",8.4557
"2010-11-17",7.4906
"2010-11-18",5.7408
"2010-11-19",5.1204
"2010-11-20",4.2461
"2010-11-21",2.5955
"2010-11-22",1.3505
"2010-11-23",-2.0742
"2010-11-24",-0.1945
"2010-11-25",2.9804
"2010-11-26",5.6903
"2010-11-27",4.2557
"2010-11-28",3.7006
"2010-11-29",3.4756
"2010-11-30",7.4355
"2010-12-01",7.5707
"2010-12-02",4.4653
"2010-12-03",3.9702
"2010-12-04",5.0051
"2010-12-05",5.836
"2010-12-06",6.361
"2010-12-07",7.8802
"2010-12-08",9.9057
"2010-12-09",8.6154
"2010-12-10",8.1406
"2010-12-11",10.4356
"2010-12-12",12.8657
"2010-12-13",10.0608
"2010-12-14",6.6156
"2010-12-15",4.5505
"2010-12-16",3.3504
"2010-12-17",3.1453
"2010-12-18",5.2406
"2010-12-19",3.8803
"2010-12-20",5.5706
"2010-12-21",6.5602
"2010-12-22",6.5851
"2010-12-23",7.6203
"2010-12-24",7.4457
"2010-12-25",6.1956
"2010-12-26",5.1006
"2010-12-27",6.4552
"2010-12-28",5.4557
"2010-12-29",2.2805
"2010-12-30",1.3955
"2010-12-31",0.2209
"2011-01-01",0.2209
"2011-01-02",0.9436
"2011-01-03",0.0923
"2011-01-04",0.7133
"2011-01-05",2.458
"2011-01-06",4.7959
"2011-01-07",3.5672
"2011-01-08",1.9041
"2011-01-09",1.0514
"2011-01-10",1.2225
"2011-01-11",0.7617
"2011-01-12",5.5018
"2011-01-13",9.3931
"2011-01-14",9.692
"2011-01-15",10.9597
"2011-01-16",10.5404
"2011-01-17",7.6518
"2011-01-18",2.8118
"2011-01-19",2.3235
"2011-01-20",2.9143
"2011-01-21",5.8241
"2011-01-22",5.4465
"2011-01-23",5.8645
"2011-01-24",8.2995
"2011-01-25",5.9484
"2011-01-26",8.1312
"2011-01-27",8.7137
"2011-01-28",6.2026
"2011-01-29",6.7425
"2011-01-30",6.8258
"2011-01-31",5.6612
"2011-02-01",4.5142
"2011-02-02",4.5274
"2011-02-03",6.6341
"2011-02-04",7.6605
"2011-02-05",8.2319
"2011-02-06",10.0123
"2011-02-07",5.6689
"2011-02-08",4.0533
"2011-02-09",3.4422
"2011-02-10",4.9619
"2011-02-11",8.3676
"2011-02-12",7.6293
"2011-02-13",7.5336
"2011-02-14",5.8857
"2011-02-15",4.8292
"2011-02-16",3.0908
"2011-02-17",2.41
"2011-02-18",2.8294
"2011-02-19",3.0071
"2011-02-20",3.1049
"2011-02-21",3.0918
"2011-02-22",3.3703
"2011-02-23",2.6118
"2011-02-24",1.3555
"2011-02-25",-0.7715
"2011-02-26",-2.4591
"2011-02-27",2.3907
"2011-02-28",4.3757
"2011-03-01",7.0973
"2011-03-02",5.622
"2011-03-03",4.964
"2011-03-04",6.6205
"2011-03-05",8.4786
"2011-03-06",7.4275
"2011-03-07",5.109
"2011-03-08",7.4461
"2011-03-09",10.6407
"2011-03-10",7.6129
"2011-03-11",7.0086
"2011-03-12",8.2577
"2011-03-13",10.5452
"2011-03-14",8.8182
"2011-03-15",9.1678
"2011-03-16",6.5372
"2011-03-17",6.1403
"2011-03-18",7.6865
"2011-03-19",6.1288
"2011-03-20",7.5809
"2011-03-21",5.7244
"2011-03-22",6.5487
"2011-03-23",7.4713
"2011-03-24",8.8145
"2011-03-25",6.3031
"2011-03-26",6.7816
"2011-03-27",6.4986
"2011-03-28",7.4337
"2011-03-29",8.2334
"2011-03-30",11.292
"2011-03-31",14.2494
"2011-04-01",13.7581
"2011-04-02",7.0473
"2011-04-03",6.7703
"2011-04-04",8.8501
"2011-04-05",8.1553
"2011-04-06",6.011
"2011-04-07",5.7653
"2011-04-08",6.5595
"2011-04-09",6.4367
"2011-04-10",9.1998
"2011-04-11",7.0055
"2011-04-12",7.2371
"2011-04-13",6.6573
"2011-04-14",7.8915
"2011-04-15",9.0692
"2011-04-16",11.2853
"2011-04-17",8.4804
"2011-04-18",6.2468
"2011-04-19",7.1936
"2011-04-20",7.3316
"2011-04-21",6.4762
"2011-04-22",7.9708
"2011-04-23",10.4538
"2011-04-24",9.4139
"2011-04-25",8.2034
"2011-04-26",7.742
"2011-04-27",8.3786
"2011-04-28",6.9899
"2011-04-29",8.2887
"2011-04-30",8.7585
"2011-05-01",11.0835
"2011-05-02",9.8444
"2011-05-03",9.5066
"2011-05-04",12.6477
"2011-05-05",10.0553
"2011-05-06",10.6391
"2011-05-07",11.2382
"2011-05-08",9.2962
"2011-05-09",10.972
"2011-05-10",12.0281
"2011-05-11",9.5199
"2011-05-12",10.1095
"2011-05-13",11.5227
"2011-05-14",12.5558
"2011-05-15",10.8286
"2011-05-16",10.4623
"2011-05-17",11.0011
"2011-05-18",12.5431
"2011-05-19",13.8529
"2011-05-20",13.6677
"2011-05-21",13.0095
"2011-05-22",10.8195
"2011-05-23",11.1955
"2011-05-24",12.2519
"2011-05-25",11.5234
"2011-05-26",9.0076
"2011-05-27",8.9215
"2011-05-28",9.4113
"2011-05-29",10.5637
"2011-05-30",10.8479
"2011-05-31",11.645
"2011-06-01",11.048
"2011-06-02",11.1807
"2011-06-03",15.3269
"2011-06-04",19.8332
"2011-06-05",18.6508
"2011-06-06",15.3361
"2011-06-07",13.8731
"2011-06-08",13.0937
"2011-06-09",16.3549
"2011-06-10",15.5725
"2011-06-11",14.8002
"2011-06-12",13.9627
"2011-06-13",16.5399
"2011-06-14",14.6972
"2011-06-15",12.9811
"2011-06-16",13.1011
"2011-06-17",15.0455
"2011-06-18",13.9744
"2011-06-19",16.38
"2011-06-20",17.8007
"2011-06-21",19.6067
"2011-06-22",17.8121
"2011-06-23",13.5853
"2011-06-24",15.0086
"2011-06-25",14.8698
"2011-06-26",16.3746
"2011-06-27",16.306
"2011-06-28",18.218
"2011-06-29",16.1925
"2011-06-30",16.3462
"2011-07-01",17.5955
"2011-07-02",18.1086
"2011-07-03",17.531
"2011-07-04",18.646
"2011-07-05",19.502
"2011-07-06",20.755
"2011-07-07",18.3883
"2011-07-08",15.6278
"2011-07-09",16.336
"2011-07-10",16.7135
"2011-07-11",15.6537
"2011-07-12",14.8216
"2011-07-13",16.06
"2011-07-14",16.6515
"2011-07-15",16.4992
"2011-07-16",16.3522
"2011-07-17",16.0179
"2011-07-18",18.7224
"2011-07-19",18.1639
"2011-07-20",17.6503
"2011-07-21",15.9087
"2011-07-22",18.3733
"2011-07-23",19.3619
"2011-07-24",20.8129
"2011-07-25",18.3025
"2011-07-26",19.2666
"2011-07-27",17.9906
"2011-07-28",18.5542
"2011-07-29",19.3514
"2011-07-30",19.7093
"2011-07-31",18.5391
"2011-08-01",18.9322
"2011-08-02",17.4929
"2011-08-03",17.9156
"2011-08-04",18.3493
"2011-08-05",18.2103
"2011-08-06",18.8707
"2011-08-07",17.9193
"2011-08-08",17.4857
"2011-08-09",16.4049
"2011-08-10",18.0011
"2011-08-11",19.1792
"2011-08-12",18.4966
"2011-08-13",16.6898
"2011-08-14",16.8789
"2011-08-15",15.9046
"2011-08-16",18.5279
"2011-08-17",19.2453
"2011-08-18",17.4802
"2011-08-19",17.614
"2011-08-20",19.4786
"2011-08-21",18.9256
"2011-08-22",18.8961
"2011-08-23",20.4832
"2011-08-24",21.635
"2011-08-25",22.451
"2011-08-26",22.4754
"2011-08-27",20.9979
"2011-08-28",19.3979
"2011-08-29",17.6661
"2011-08-30",16.3419
"2011-08-31",14.1032
"2011-09-01",15.6682
"2011-09-02",16.5052
"2011-09-03",18.5417
"2011-09-04",20.7873
"2011-09-05",17.7565
"2011-09-06",19.3574
"2011-09-07",21.2825
"2011-09-08",20.4999
"2011-09-09",21.2945
"2011-09-10",22.6568
"2011-09-11",23.1287
"2011-09-12",18.0596
"2011-09-13",18.6738
"2011-09-14",16.5574
"2011-09-15",15.27
"2011-09-16",15.8611
"2011-09-17",12.9211
"2011-09-18",18.0209
"2011-09-19",18.7504
"2011-09-20",18.0111
"2011-09-21",19.1651
"2011-09-22",18.65
"2011-09-23",20.0246
"2011-09-24",18.8831
"2011-09-25",14.4568
"2011-09-26",14.4888
"2011-09-27",14.5461
"2011-09-28",15.628
"2011-09-29",17.2892
"2011-09-30",15.4389
"2011-10-01",11.0968
"2011-10-02",12.9707
"2011-10-03",11.822
"2011-10-04",11.385
"2011-10-05",9.3757
"2011-10-06",9.1088
"2011-10-07",10.4872
"2011-10-08",12.7439
"2011-10-09",12.2666
"2011-10-10",12.0046
"2011-10-11",11.4282
"2011-10-12",11.725
"2011-10-13",12.2163
"2011-10-14",13.091
"2011-10-15",13.4419
"2011-10-16",12.3289
"2011-10-17",11.2815
"2011-10-18",15.62
"2011-10-19",13.2203
"2011-10-20",11.8306
"2011-10-21",11.2742
"2011-10-22",13.4293
"2011-10-23",14.0944
"2011-10-24",9.1116
"2011-10-25",7.6289
"2011-10-26",6.6861
"2011-10-27",8.818
"2011-10-28",9.7198
"2011-10-29",13.2733
"2011-10-30",11.4676
"2011-10-31",8.6695
"2011-11-01",6.5624
"2011-11-02",8.0821
"2011-11-03",6.4246
"2011-11-04",4.5401
"2011-11-05",4.7473
"2011-11-06",5.9444
"2011-11-07",6.6094
"2011-11-08",6.5623
"2011-11-09",11.4108
"2011-11-10",10.529
"2011-11-11",8.0476
"2011-11-12",6.1798
"2011-11-13",8.8088
"2011-11-14",6.616
"2011-11-15",6.8676
"2011-11-16",6.1438
"2011-11-17",6.4064
"2011-11-18",3.8328
"2011-11-19",3.6423
"2011-11-20",2.5541
"2011-11-21",5.1089
"2011-11-22",10.0287
"2011-11-23",7.9224
"2011-11-24",4.6967
"2011-11-25",5.3069
"2011-11-26",8.3978
"2011-11-27",8.4065
"2011-11-28",6.2635
"2011-11-29",4.2499
"2011-11-30",6.213
"2011-12-01",4.3796
"2011-12-02",3.5659
"2011-12-03",2.2675
"2011-12-04",1.7439
"2011-12-05",3.0713
"2011-12-06",3.4615
"2011-12-07",2.2167
"2011-12-08",1.9917
"2011-12-09",3.6968
"2011-12-10",2.4081
"2011-12-11",1.6573
"2011-12-12",0.6093
"2011-12-13",1.1296
"2011-12-14",2.0388
"2011-12-15",4.5933
"2011-12-16",5.0691
"2011-12-17",6.288
"2011-12-18",5.7347
"2011-12-19",5.1161
"2011-12-20",4.3981
"2011-12-21",2.6728
"2011-12-22",2.6121
"2011-12-23",3.1422
"2011-12-24",5.407
"2011-12-25",3.2389
"2011-12-26",3.6114
"2011-12-27",5.7705
"2011-12-28",9.4017
"2011-12-29",6.744
"2011-12-30",6.3648
"2011-12-31",2.1453
"2012-01-01",6.1754
"2012-01-02",5.947
"2012-01-03",7.0076
"2012-01-04",9.103
"2012-01-05",5.882
"2012-01-06",2.5866
"2012-01-07",4.686
"2012-01-08",5.0618
"2012-01-09",5.0127
"2012-01-10",4.0084
"2012-01-11",2.4904
"2012-01-12",2.9218
"2012-01-13",4.3848
"2012-01-14",2.6421
"2012-01-15",1.0966
"2012-01-16",0.8384
"2012-01-17",1.3762
"2012-01-18",4.2033
"2012-01-19",7.5284
"2012-01-20",7.6875
"2012-01-21",4.3431
"2012-01-22",3.6255
"2012-01-23",3.3143
"2012-01-24",4.032
"2012-01-25",7.8855
"2012-01-26",5.3271
"2012-01-27",1.7701
"2012-01-28",4.8208
"2012-01-29",5.958
"2012-01-30",7.5333
"2012-01-31",6.4465
"2012-02-01",7.5339
"2012-02-02",7.4723
"2012-02-03",7.1869
"2012-02-04",6.7465
"2012-02-05",6.9564
"2012-02-06",6.9212
"2012-02-07",6.3442
"2012-02-08",7.7101
"2012-02-09",11.4285
"2012-02-10",9.274
"2012-02-11",5.8172
"2012-02-12",4.0287
"2012-02-13",5.289
"2012-02-14",3.36
"2012-02-15",4.6486
"2012-02-16",3.7608
"2012-02-17",6.9209
"2012-02-18",4.498
"2012-02-19",4.0895
"2012-02-20",5.594
"2012-02-21",9.9905
"2012-02-22",6.3577
"2012-02-23",5.1417
"2012-02-24",6.2693
"2012-02-25",3.6761
"2012-02-26",3.2843
"2012-02-27",2.839
"2012-02-28",2.5721
"2012-02-29",5.4879
"2012-03-01",3.1139
"2012-03-02",2.9765
"2012-03-03",8.534
"2012-03-04",8.3154
"2012-03-05",4.709
"2012-03-06",3.4844
"2012-03-07",4.1058
"2012-03-08",9.2565
"2012-03-09",7.8781
"2012-03-10",8.3626
"2012-03-11",5.3453
"2012-03-12",5.7818
"2012-03-13",4.4694
"2012-03-14",5.0814
"2012-03-15",8.5921
"2012-03-16",6.9716
"2012-03-17",5.9201
"2012-03-18",4.4127
"2012-03-19",2.5767
"2012-03-20",5.8615
"2012-03-21",4.8115
"2012-03-22",3.7924
"2012-03-23",5.1183
"2012-03-24",8.9884
"2012-03-25",7.4793
"2012-03-26",7.4779
"2012-03-27",9.5189
"2012-03-28",7.7164
"2012-03-29",8.1318
"2012-03-30",6.9962
"2012-03-31",8.8384
"2012-04-01",6.4685
"2012-04-02",8.4386
"2012-04-03",8.2971
"2012-04-04",5.5704
"2012-04-05",6.1061
"2012-04-06",5.6557
"2012-04-07",8.2323
"2012-04-08",13.8177
"2012-04-09",13.2341
"2012-04-10",13.4823
"2012-04-11",10.4162
"2012-04-12",9.2613
"2012-04-13",8.8488
"2012-04-14",11.1168
"2012-04-15",9.717
"2012-04-16",10.8904
"2012-04-17",9.8467
"2012-04-18",10.6242
"2012-04-19",11.3718
"2012-04-20",15.1604
"2012-04-21",16.6884
"2012-04-22",16.9527
"2012-04-23",18.3081
"2012-04-24",13.4345
"2012-04-25",13.9413
"2012-04-26",9.4828
"2012-04-27",9.2267
"2012-04-28",10.9756
"2012-04-29",13.8081
"2012-04-30",10.024
"2012-05-01",8.2471
"2012-05-02",8.3818
"2012-05-03",10.558
"2012-05-04",8.8337
"2012-05-05",8.4019
"2012-05-06",12.2102
"2012-05-07",15.4048
"2012-05-08",14.4515
"2012-05-09",9.2201
"2012-05-10",8.6632
"2012-05-11",11.5287
"2012-05-12",16.2704
"2012-05-13",19.3259
"2012-05-14",17.3854
"2012-05-15",16.3886
"2012-05-16",16.1999
"2012-05-17",13.2434
"2012-05-18",10.0457
"2012-05-19",11.9132
"2012-05-20",14.372
"2012-05-21",13.4018
"2012-05-22",11.8984
"2012-05-23",10.7766
"2012-05-24",10.1446
"2012-05-25",14.1007
"2012-05-26",13.7404
"2012-05-27",13.0529
"2012-05-28",14.1089
"2012-05-29",13.0349
"2012-05-30",13.8367
"2012-05-31",18.7527
"2012-06-01",17.8891
"2012-06-02",15.1676
"2012-06-03",11.9372
"2012-06-04",12.5441
"2012-06-05",11.6051
"2012-06-06",12.1396
"2012-06-07",13.2472
"2012-06-08",11.1032
"2012-06-09",12.5326
"2012-06-10",14.039
"2012-06-11",16.9625
"2012-06-12",14.0675
"2012-06-13",15.8231
"2012-06-14",14.4819
"2012-06-15",17.4723
"2012-06-16",20.4328
"2012-06-17",18.078
"2012-06-18",12.5012
"2012-06-19",12.4069
"2012-06-20",16.3365
"2012-06-21",16.3518
"2012-06-22",14.0686
"2012-06-23",13.7163
"2012-06-24",14.6394
"2012-06-25",14.3379
"2012-06-26",14.789
"2012-06-27",16.6555
"2012-06-28",15.9027
"2012-06-29",17.2733
"2012-06-30",17.7714
"2012-07-01",18.6165
"2012-07-02",16.9378
"2012-07-03",16.5751
"2012-07-04",15.7475
"2012-07-05",18.2175
"2012-07-06",18.7811
"2012-07-07",20.2483
"2012-07-08",20.4108
"2012-07-09",19.4343
"2012-07-10",19.4727
"2012-07-11",20.0958
"2012-07-12",18.257
"2012-07-13",18.3077
"2012-07-14",19.5886
"2012-07-15",18.3093
"2012-07-16",17.4867
"2012-07-17",18.6807
"2012-07-18",19.2346
"2012-07-19",20.8081
"2012-07-20",18.1402
"2012-07-21",18.5082
"2012-07-22",16.4741
"2012-07-23",16.489
"2012-07-24",18.2877
"2012-07-25",19.8216
"2012-07-26",19.4221
"2012-07-27",17.6162
"2012-07-28",17.9863
"2012-07-29",19.1248
"2012-07-30",18.3327
"2012-07-31",18.3038
"2012-08-01",18.2979
"2012-08-02",18.3524
"2012-08-03",20.0813
"2012-08-04",23.9778
"2012-08-05",21.3899
"2012-08-06",20.4848
"2012-08-07",19.2636
"2012-08-08",18.0138
"2012-08-09",19.0954
"2012-08-10",19.3867
"2012-08-11",21.8204
"2012-08-12",23.8808
"2012-08-13",23.1388
"2012-08-14",22.8451
"2012-08-15",22.9496
"2012-08-16",24.0362
"2012-08-17",23.1033
"2012-08-18",20.1879
"2012-08-19",17.4213
"2012-08-20",18.4924
"2012-08-21",18.1285
"2012-08-22",18.4753
"2012-08-23",16.4394
"2012-08-24",16.8226
"2012-08-25",17.3682
"2012-08-26",15.7852
"2012-08-27",17.4205
"2012-08-28",16.7373
"2012-08-29",16.8242
"2012-08-30",16.6938
"2012-08-31",15.0417
"2012-09-01",14.7205
"2012-09-02",15.4503
"2012-09-03",16.2507
"2012-09-04",18.4844
"2012-09-05",19.623
"2012-09-06",20.1202
"2012-09-07",21.1501
"2012-09-08",16.432
"2012-09-09",13.4721
"2012-09-10",14.516
"2012-09-11",13.8785
"2012-09-12",16.1988
"2012-09-13",19.7655
"2012-09-14",18.359
"2012-09-15",17.4932
"2012-09-16",17.4619
"2012-09-17",20.1088
"2012-09-18",19.6243
"2012-09-19",17.2325
"2012-09-20",15.9915
"2012-09-21",14.3128
"2012-09-22",13.7673
"2012-09-23",13.9379
"2012-09-24",15.9947
"2012-09-25",14.865
"2012-09-26",15.0111
"2012-09-27",16.8522
"2012-09-28",18.8925
"2012-09-29",17.4402
"2012-09-30",15.4943
"2012-10-01",17.3236
"2012-10-02",15.6149
"2012-10-03",12.9292
"2012-10-04",13.4159
"2012-10-05",12.061
"2012-10-06",12.3854
"2012-10-07",14.2356
"2012-10-08",11.9599
"2012-10-09",11.767
"2012-10-10",12.684
"2012-10-11",13.2199
"2012-10-12",9.7035
"2012-10-13",13.8591
"2012-10-14",13.9181
"2012-10-15",15.2149
"2012-10-16",11.8919
"2012-10-17",10.2993
"2012-10-18",13.9723
"2012-10-19",9.4074
"2012-10-20",8.4872
"2012-10-21",7.4338
"2012-10-22",6.6777
"2012-10-23",6.4225
"2012-10-24",7.498
"2012-10-25",7.6433
"2012-10-26",10.3788
"2012-10-27",10.162
"2012-10-28",10.8703
"2012-10-29",11.5081
"2012-10-30",14.2666
"2012-10-31",12.0029
"2012-11-01",9.3288
"2012-11-02",8.8572
"2012-11-03",11.5055
"2012-11-04",15.2792
"2012-11-05",16.2275
"2012-11-06",14.2345
"2012-11-07",9.344
"2012-11-08",6.2823
"2012-11-09",5.671
"2012-11-10",5.1606
"2012-11-11",5.2798
"2012-11-12",7.159
"2012-11-13",9.7137
"2012-11-14",9.6673
"2012-11-15",7.0718
"2012-11-16",7.0771
"2012-11-17",8.1462
"2012-11-18",6.9065
"2012-11-19",9.3119
"2012-11-20",9.3575
"2012-11-21",6.6106
"2012-11-22",6.19
"2012-11-23",7.5008
"2012-11-24",7.8711
"2012-11-25",4.6129
"2012-11-26",5.4262
"2012-11-27",7.3218
"2012-11-28",9.093
"2012-11-29",8.6415
"2012-11-30",7.4018
"2012-12-01",7.2533
"2012-12-02",6.8015
"2012-12-03",7.0868
"2012-12-04",5.982
"2012-12-05",6.4378
"2012-12-06",4.2494
"2012-12-07",6.4395
"2012-12-08",4.7747
"2012-12-09",5.406
"2012-12-10",8.4774
"2012-12-11",3.8732
"2012-12-12",3.6707
"2012-12-13",2.6251
"2012-12-14",2.8454
"2012-12-15",2.2941
"2012-12-16",4.2477
"2012-12-17",3.7813
"2012-12-18",1.7982
"2012-12-19",3.1475
"2012-12-20",4.316
"2012-12-21",3.6825
"2012-12-22",4.0575
"2012-12-23",3.5906
"2012-12-24",4.2265
"2012-12-25",4.0883
"2012-12-26",4.6469
"2012-12-27",3.6433
"2012-12-28",2.8982
"2012-12-29",2.2941
"2012-12-30",2.5989
"2012-12-31",1.006
"2013-01-01",1.5892
"2013-01-02",2.4452
"2013-01-03",1.9456
"2013-01-04",4.9424
"2013-01-05",4.7874
"2013-01-06",4.794
"2013-01-07",6.0935
"2013-01-08",7.9694
"2013-01-09",3.6173
"2013-01-10",1.775
"2013-01-11",1.9763
"2013-01-12",-0.5372
"2013-01-13",-1.8378
"2013-01-14",-1.3413
"2013-01-15",1.2078
"2013-01-16",1.1694
"2013-01-17",3.7105
"2013-01-18",5.1257
"2013-01-19",4.6677
"2013-01-20",4.361
"2013-01-21",4.4061
"2013-01-22",4.4864
"2013-01-23",4.4222
"2013-01-24",4.6187
"2013-01-25",6.7731
"2013-01-26",4.1319
"2013-01-27",3.5332
"2013-01-28",4.6968
"2013-01-29",4.8792
"2013-01-30",5.2449
"2013-01-31",7.6828
"2013-02-01",7.1077
"2013-02-02",8.0538
"2013-02-03",5.9873
"2013-02-04",6.5299
"2013-02-05",4.6759
"2013-02-06",6.5082
"2013-02-07",4.7667
"2013-02-08",3.0713
"2013-02-09",3.7931
"2013-02-10",5.1414
"2013-02-11",4.3575
"2013-02-12",6.5402
"2013-02-13",7.5522
"2013-02-14",8.0898
"2013-02-15",9.1284
"2013-02-16",6.0495
"2013-02-17",5.0003
"2013-02-18",3.5775
"2013-02-19",4.946
"2013-02-20",4.8798
"2013-02-21",4.5346
"2013-02-22",6.0098
"2013-02-23",4.1721
"2013-02-24",3.134
"2013-02-25",5.2869
"2013-02-26",4.7719
"2013-02-27",6.1942
"2013-02-28",9.4558
"2013-03-01",12.464
"2013-03-02",11.1924
"2013-03-03",5.2574
"2013-03-04",6.0944
"2013-03-05",7.6591
"2013-03-06",7.3103
"2013-03-07",7.1089
"2013-03-08",6.575
"2013-03-09",8.6644
"2013-03-10",9.3596
"2013-03-11",10.8227
"2013-03-12",10.2312
"2013-03-13",11.1732
"2013-03-14",11.6035
"2013-03-15",12.5592
"2013-03-16",8.0273
"2013-03-17",5.5323
"2013-03-18",6.7715
"2013-03-19",7.2613
"2013-03-20",6.9323
"2013-03-21",5.5544
"2013-03-22",3.684
"2013-03-23",4.621
"2013-03-24",5.7195
"2013-03-25",9.1376
"2013-03-26",7.175
"2013-03-27",9.4357
"2013-03-28",11.1184
"2013-03-29",11.6303
"2013-03-30",11.0726
"2013-03-31",11.8777
"2013-04-01",12.0126
"2013-04-02",12.6208
"2013-04-03",12.7944
"2013-04-04",11.1177
"2013-04-05",11.128
"2013-04-06",9.3012
"2013-04-07",7.0858
"2013-04-08",8.4483
"2013-04-09",9.9914
"2013-04-10",10.8707
"2013-04-11",8.4945
"2013-04-12",8.6946
"2013-04-13",7.4694
"2013-04-14",5.2747
"2013-04-15",7.3245
"2013-04-16",8.222
"2013-04-17",8.9364
"2013-04-18",9.2536
"2013-04-19",10.9563
"2013-04-20",11.5983
"2013-04-21",10.1473
"2013-04-22",12.0559
"2013-04-23",12.29
"2013-04-24",14.3939
"2013-04-25",16.1964
"2013-04-26",17.7297
"2013-04-27",13.4506
"2013-04-28",10.5557
"2013-04-29",11.7377
"2013-04-30",8.0121
"2013-05-01",10.8825
"2013-05-02",15.6657
"2013-05-03",17.0533
"2013-05-04",17.4035
"2013-05-05",18.0946
"2013-05-06",17.2187
"2013-05-07",14.6756
"2013-05-08",15.688
"2013-05-09",18.1488
"2013-05-10",18.8036
"2013-05-11",18.8832
"2013-05-12",18.3316
"2013-05-13",15.6343
"2013-05-14",13.0742
"2013-05-15",10.5682
"2013-05-16",14.5575
"2013-05-17",12.6793
"2013-05-18",11.0798
"2013-05-19",13.5769
"2013-05-20",14.0971
"2013-05-21",10.1709
"2013-05-22",9.5556
"2013-05-23",11.0445
"2013-05-24",11.6799
"2013-05-25",12.7243
"2013-05-26",12.8479
"2013-05-27",13.2779
"2013-05-28",14.4442
"2013-05-29",12.8489
"2013-05-30",13.1054
"2013-05-31",14.9776
"2013-06-01",16.3413
"2013-06-02",15.6285
"2013-06-03",17.6731
"2013-06-04",18.1866
"2013-06-05",20.3958
"2013-06-06",19.5237
"2013-06-07",17.6134
"2013-06-08",18.9836
"2013-06-09",17.6097
"2013-06-10",13.9638
"2013-06-11",13.718
"2013-06-12",12.8385
"2013-06-13",13.6957
"2013-06-14",15.7821
"2013-06-15",17.8585
"2013-06-16",15.4207
"2013-06-17",16.1406
"2013-06-18",15.4232
"2013-06-19",13.8628
"2013-06-20",14.8234
"2013-06-21",15.5415
"2013-06-22",18.3195
"2013-06-23",18.6388
"2013-06-24",16.109
"2013-06-25",14.6076
"2013-06-26",16.333
"2013-06-27",20.589
"2013-06-28",22.2921
"2013-06-29",22.3677
"2013-06-30",24.0648
"2013-07-01",23.1686
"2013-07-02",23.2011
"2013-07-03",22.2283
"2013-07-04",18.4611
"2013-07-05",17.4497
"2013-07-06",18.3112
"2013-07-07",19.0894
"2013-07-08",19.7826
"2013-07-09",21.1187
"2013-07-10",19.9023
"2013-07-11",17.6891
"2013-07-12",16.2095
"2013-07-13",17.7212
"2013-07-14",20.5582
"2013-07-15",20.8657
"2013-07-16",18.9053
"2013-07-17",18.8139
"2013-07-18",19.585
"2013-07-19",20.216
"2013-07-20",19.8916
"2013-07-21",21.5115
"2013-07-22",22.5274
"2013-07-23",22.9295
"2013-07-24",22.632
"2013-07-25",23.405
"2013-07-26",22.7767
"2013-07-27",20.7033
"2013-07-28",19.4946
"2013-07-29",19.5786
"2013-07-30",19.0748
"2013-07-31",16.998
"2013-08-01",17.3896
"2013-08-02",18.6505
"2013-08-03",20.731
"2013-08-04",22.8438
"2013-08-05",22.3215
"2013-08-06",22.1441
"2013-08-07",19.2221
"2013-08-08",21.2773
"2013-08-09",22.3896
"2013-08-10",18.1471
"2013-08-11",19.1444
"2013-08-12",19.2331
"2013-08-13",20.5778
"2013-08-14",19.5128
"2013-08-15",22.1424
"2013-08-16",21.7258
"2013-08-17",20.9251
"2013-08-18",21.7252
"2013-08-19",21.0096
"2013-08-20",21.04
"2013-08-21",21.5773
"2013-08-22",21.431
"2013-08-23",20.0066
"2013-08-24",17.6081
"2013-08-25",16.6955
"2013-08-26",18.7015
"2013-08-27",19.6086
"2013-08-28",21.3362
"2013-08-29",20.4063
"2013-08-30",21.5765
"2013-08-31",20.4101
"2013-09-01",18.5112
"2013-09-02",18.9565
"2013-09-03",17.6077
"2013-09-04",17.8226
"2013-09-05",15.3805
"2013-09-06",18.118
"2013-09-07",19.2673
"2013-09-08",21.3521
"2013-09-09",22.1081
"2013-09-10",23.3478
"2013-09-11",24.9326
"2013-09-12",22.5815
"2013-09-13",20.5828
"2013-09-14",21.0649
"2013-09-15",17.1313
"2013-09-16",16.3526
"2013-09-17",14.229
"2013-09-18",15.611
"2013-09-19",17.2116
"2013-09-20",14.5966
"2013-09-21",13.8412
"2013-09-22",11.5986
"2013-09-23",14.0644
"2013-09-24",12.4243
"2013-09-25",11.2252
"2013-09-26",12.7246
"2013-09-27",10.1405
"2013-09-28",13.28
"2013-09-29",10.6826
"2013-09-30",11.4996
"2013-10-01",9.731
"2013-10-02",8.6164
"2013-10-03",10.4288
"2013-10-04",11.469
"2013-10-05",14.0496
"2013-10-06",13.8263
"2013-10-07",11.1425
"2013-10-08",8.7757
"2013-10-09",9.0644
"2013-10-10",9.6061
"2013-10-11",10.9905
"2013-10-12",9.0402
"2013-10-13",9.4187
"2013-10-14",10.4473
"2013-10-15",11.154
"2013-10-16",12.0079
"2013-10-17",12.0189
"2013-10-18",13.1159
"2013-10-19",13.2067
"2013-10-20",12.7979
"2013-10-21",14.0067
"2013-10-22",15.6418
"2013-10-23",14.0568
"2013-10-24",12.5177
"2013-10-25",12.5504
"2013-10-26",11.622
"2013-10-27",7.7198
"2013-10-28",8.4453
"2013-10-29",5.5668
"2013-10-30",5.8952
"2013-10-31",9.9199
"2013-11-01",9.5413
"2013-11-02",8.6861
"2013-11-03",6.7842
"2013-11-04",3.6097
"2013-11-05",7.8753
"2013-11-06",9.7127
"2013-11-07",8.9326
"2013-11-08",7.9268
"2013-11-09",7.7835
"2013-11-10",11.6359
"2013-11-11",11.9017
"2013-11-12",11.3265
"2013-11-13",10.1171
"2013-11-14",6.0706
"2013-11-15",6.3949
"2013-11-16",7.33
"2013-11-17",7.2451
"2013-11-18",7.4796
"2013-11-19",9.1156
"2013-11-20",3.8693
"2013-11-21",1.0204
"2013-11-22",3.2642
"2013-11-23",4.8334
"2013-11-24",3.1646
"2013-11-25",3.1688
"2013-11-26",3.2109
"2013-11-27",5.4597
"2013-11-28",7.0107
"2013-11-29",6.9703
"2013-11-30",7.044
"2013-12-01",8.0245
"2013-12-02",5.7151
"2013-12-03",1.7687
"2013-12-04",-1.8713
"2013-12-05",-3.9503
"2013-12-06",-2.8256
"2013-12-07",-5.855
"2013-12-08",-8.3655
"2013-12-09",-6.5182
"2013-12-10",-1.3116
"2013-12-11",-0.6804
"2013-12-12",1.6851
"2013-12-13",3.4636
"2013-12-14",2.9828
"2013-12-15",5.1635
"2013-12-16",5.4018
"2013-12-17",5.2207
"2013-12-18",3.7753
"2013-12-19",1.3299
"2013-12-20",1.8903
"2013-12-21",6.6821
"2013-12-22",7.9716
"2013-12-23",6.5443
"2013-12-24",5.1089
"2013-12-25",2.7897
"2013-12-26",4.425
"2013-12-27",4.4999
"2013-12-28",3.6028
"2013-12-29",4.1076
"2013-12-30",6.8875
"2013-12-31",6.8875
"2014-01-01",2.774
"2014-01-02",5.2294
"2014-01-03",3.1893
"2014-01-04",0.1343
"2014-01-05",0.579
"2014-01-06",1.7042
"2014-01-07",6.4192
"2014-01-08",8.0891
"2014-01-09",7.1945
"2014-01-10",9.8487
"2014-01-11",8.1142
"2014-01-12",8.3596
"2014-01-13",6.2395
"2014-01-14",3.8195
"2014-01-15",2.4844
"2014-01-16",1.7138
"2014-01-17",1.8996
"2014-01-18",1.9589
"2014-01-19",2.1043
"2014-01-20",2.1747
"2014-01-21",2.4139
"2014-01-22",4.5243
"2014-01-23",5.2039
"2014-01-24",4.2491
"2014-01-25",3.984
"2014-01-26",4.3097
"2014-01-27",2.6591
"2014-01-28",6.5392
"2014-01-29",8.1793
"2014-01-30",6.1443
"2014-01-31",5.5704
"2014-02-01",5.8056
"2014-02-02",4.4404
"2014-02-03",3.6706
"2014-02-04",0.8104
"2014-02-05",-1.6246
"2014-02-06",-4.4842
"2014-02-07",-3.0196
"2014-02-08",0.4057
"2014-02-09",2.916
"2014-02-10",5.0203
"2014-02-11",7.466
"2014-02-12",10.3251
"2014-02-13",9.7353
"2014-02-14",9.6405
"2014-02-15",8.0802
"2014-02-16",7.0603
"2014-02-17",8.5356
"2014-02-18",6.8958
"2014-02-19",6.1057
"2014-02-20",6.9707
"2014-02-21",6.4901
"2014-02-22",5.6206
"2014-02-23",5.9556
"2014-02-24",10.751
"2014-02-25",7.7605
"2014-02-26",6.9554
"2014-02-27",8.0509
"2014-02-28",9.384
"2014-03-01",9.9335
"2014-03-02",10.4088
"2014-03-03",11.264
"2014-03-04",12.484
"2014-03-05",12.5286
"2014-03-06",10.2738
"2014-03-07",11.5542
"2014-03-08",10.739
"2014-03-09",12.2339
"2014-03-10",7.219
"2014-03-11",7.7439
"2014-03-12",9.6836
"2014-03-13",9.2237
"2014-03-14",10.8538
"2014-03-15",11.5439
"2014-03-16",10.4686
"2014-03-17",6.1389
"2014-03-18",7.3943
"2014-03-19",7.1639
"2014-03-20",5.6239
"2014-03-21",6.609
"2014-03-22",7.654
"2014-03-23",8.6442
"2014-03-24",11.7295
"2014-03-25",10.5342
"2014-03-26",8.9543
"2014-03-27",9.8794
"2014-03-28",9.9042
"2014-03-29",9.354
"2014-03-30",7.2589
"2014-03-31",6.5581
"2014-04-01",8.3136
"2014-04-02",10.0383
"2014-04-03",9.8184
"2014-04-04",11.0037
"2014-04-05",10.7833
"2014-04-06",12.8727
"2014-04-07",14.6683
"2014-04-08",14.1934
"2014-04-09",11.4282
"2014-04-10",11.5485
"2014-04-11",12.6079
"2014-04-12",11.3182
"2014-04-13",13.128
"2014-04-14",12.8681
"2014-04-15",10.6332
"2014-04-16",12.0181
"2014-04-17",8.5834
"2014-04-18",9.3982
"2014-04-19",9.238
"2014-04-20",11.5181
"2014-04-21",12.3827
"2014-04-22",9.783
"2014-04-23",10.1431
"2014-04-24",10.0533
"2014-04-25",7.8484
"2014-04-26",8.5482
"2014-04-27",9.2079
"2014-04-28",10.9381
"2014-04-29",15.208
"2014-04-30",19.4038
"2014-05-01",19.7839
"2014-05-02",15.1542
"2014-05-03",12.6036
"2014-05-04",12.3641
"2014-05-05",11.7838
"2014-05-06",10.8436
"2014-05-07",11.2491
"2014-05-08",12.0142
"2014-05-09",10.9093
"2014-05-10",11.3089
"2014-05-11",12.9241
"2014-05-12",15.879
"2014-05-13",18.3786
"2014-05-14",20.6737
"2014-05-15",18.024
"2014-05-16",15.2238
"2014-05-17",16.0487
"2014-05-18",13.9388
"2014-05-19",14.9238
"2014-05-20",15.5838
"2014-05-21",15.8741
"2014-05-22",19.0536
"2014-05-23",16.8741
"2014-05-24",15.624
"2014-05-25",16.6836
"2014-05-26",15.1591
"2014-05-27",13.7992
"2014-05-28",12.6391
"2014-05-29",13.3494
"2014-05-30",16.0787
"2014-05-31",15.9949
"2014-06-01",15.3447
"2014-06-02",16.9503
"2014-06-03",14.5749
"2014-06-04",15.7201
"2014-06-05",16.1548
"2014-06-06",16.8049
"2014-06-07",17.6848
"2014-06-08",18.85
"2014-06-09",16.9149
"2014-06-10",16.3947
"2014-06-11",18.205
"2014-06-12",15.2649
"2014-06-13",13.7853
"2014-06-14",14.2898
"2014-06-15",13.8398
"2014-06-16",13.2948
"2014-06-17",12.8399
"2014-06-18",15.8699
"2014-06-19",17.6903
"2014-06-20",15.53
"2014-06-21",16.5298
"2014-06-22",18.5899
"2014-06-23",18.3052
"2014-06-24",18.7852
"2014-06-25",17.7799
"2014-06-26",17.7199
"2014-06-27",17.5799
"2014-06-28",17.5352
"2014-06-29",17.64
"2014-06-30",20.6387
"2014-07-01",24.4937
"2014-07-02",19.9839
"2014-07-03",18.1385
"2014-07-04",19.614
"2014-07-05",21.1033
"2014-07-06",22.5541
"2014-07-07",24.1538
"2014-07-08",23.5737
"2014-07-09",21.5134
"2014-07-10",21.7184
"2014-07-11",20.6588
"2014-07-12",23.5491
"2014-07-13",19.1936
"2014-07-14",23.294
"2014-07-15",24.7186
"2014-07-16",23.8036
"2014-07-17",21.1186
"2014-07-18",20.3686
"2014-07-19",23.6535
"2014-07-20",18.743
"2014-07-21",20.2485
"2014-07-22",20.4839
"2014-07-23",15.6437
"2014-07-24",16.7736
"2014-07-25",19.1533
"2014-07-26",20.7181
"2014-07-27",22.2285
"2014-07-28",24.4485
"2014-07-29",23.5787
"2014-07-30",23.4536
"2014-07-31",23.9996
"2014-08-01",24.0746
"2014-08-02",22.5245
"2014-08-03",22.8244
"2014-08-04",22.6844
"2014-08-05",20.8441
"2014-08-06",21.1699
"2014-08-07",21.3346
"2014-08-08",19.3043
"2014-08-09",20.8851
"2014-08-10",24.2743
"2014-08-11",26.7743
"2014-08-12",19.6148
"2014-08-13",19.5046
"2014-08-14",20.51
"2014-08-15",20.2694
"2014-08-16",22.7747
"2014-08-17",23.3895
"2014-08-18",23.5547
"2014-08-19",23.1546
"2014-08-20",18.4946
"2014-08-21",18.7349
"2014-08-22",19.3992
"2014-08-23",21.1247
"2014-08-24",20.6749
"2014-08-25",22.7599
"2014-08-26",24.2801
"2014-08-27",23.7497
"2014-08-28",21.9948
"2014-08-29",19.6045
"2014-08-30",16.5399
"2014-08-31",17.4095
"2014-09-01",18.944
"2014-09-02",17.7437
"2014-09-03",15.3742
"2014-09-04",19.489
"2014-09-05",23.614
"2014-09-06",21.9539
"2014-09-07",18.9242
"2014-09-08",18.1992
"2014-09-09",17.3093
"2014-09-10",17.9039
"2014-09-11",19.1139
"2014-09-12",19.3839
"2014-09-13",19.7337
"2014-09-14",20.2388
"2014-09-15",20.4289
"2014-09-16",18.6988
"2014-09-17",18.2145
"2014-09-18",18.1837
"2014-09-19",19.5837
"2014-09-20",22.8188
"2014-09-21",20.9337
"2014-09-22",17.164
"2014-09-23",16.3887
"2014-09-24",15.654
"2014-09-25",16.3944
"2014-09-26",16.6339
"2014-09-27",16.104
"2014-09-28",17.0141
"2014-09-29",14.2841
"2014-09-30",12.9587
"2014-10-01",12.9739
"2014-10-02",14.3137
"2014-10-03",16.8433
"2014-10-04",18.2882
"2014-10-05",19.2935
"2014-10-06",20.5983
"2014-10-07",19.6785
"2014-10-08",16.7189
"2014-10-09",16.0137
"2014-10-10",15.8735
"2014-10-11",15.1188
"2014-10-12",13.1484
"2014-10-13",14.7836
"2014-10-14",12.8437
"2014-10-15",11.8131
"2014-10-16",14.6482
"2014-10-17",13.8988
"2014-10-18",17.6838
"2014-10-19",18.4535
"2014-10-20",13.8935
"2014-10-21",13.509
"2014-10-22",14.2582
"2014-10-23",12.3732
"2014-10-24",10.4735
"2014-10-25",12.6238
"2014-10-26",10.6738
"2014-10-27",11.1738
"2014-10-28",13.2432
"2014-10-29",14.2439
"2014-10-30",13.7738
"2014-10-31",10.4851
"2014-11-01",8.5448
"2014-11-02",9.9448
"2014-11-03",12.11
"2014-11-04",13.4094
"2014-11-05",14.5743
"2014-11-06",11.1744
"2014-11-07",8.6643
"2014-11-08",8.025
"2014-11-09",8.8347
"2014-11-10",7.4798
"2014-11-11",6.9595
"2014-11-12",4.035
"2014-11-13",1.8096
"2014-11-14",1.2599
"2014-11-15",1.4145
"2014-11-16",0.8397
"2014-11-17",1.1298
"2014-11-18",1.4597
"2014-11-19",4.8393
"2014-11-20",8.5993
"2014-11-21",10.8949
"2014-11-22",8.4296
"2014-11-23",9.4096
"2014-11-24",8.8899
"2014-11-25",12.6097
"2014-11-26",11.2344
"2014-11-27",12.0397
"2014-11-28",9.8496
"2014-11-29",3.1148
"2014-11-30",1.2788
"2014-12-01",1.5335
"2014-12-02",2.8783
"2014-12-03",5.1784
"2014-12-04",5.8834
"2014-12-05",8.6533
"2014-12-06",8.4986
"2014-12-07",5.7832
"2014-12-08",8.4639
"2014-12-09",13.8088
"2014-12-10",10.3536
"2014-12-11",11.0633
"2014-12-12",7.0029
"2014-12-13",6.2184
"2014-12-14",5.1379
"2014-12-15",5.6182
"2014-12-16",6.428
"2014-12-17",6.9933
"2014-12-18",8.8882
"2014-12-19",8.7734
"2014-12-20",11.9231
"2014-12-21",11.6437
"2014-12-22",10.9433
"2014-12-23",11.6289
"2014-12-24",6.4185
"2014-12-25",6.9389
"2014-12-26",6.4536
"2014-12-27",5.3785
"2014-12-28",5.9584
"2014-12-29",2.2886
"2014-12-30",-2.0818
"2014-12-31",-2.17
"2015-01-01",-1.1952
"2015-01-02",0.6748
"2015-01-03",4.0447
"2015-01-04",7.0195
"2015-01-05",8.27
"2015-01-06",6.7592
"2015-01-07",5.01
"2015-01-08",4.6249
"2015-01-09",4.6699
"2015-01-10",4.2848
"2015-01-11",7.2147
"2015-01-12",8.2549
"2015-01-13",4.3648
"2015-01-14",2.7498
"2015-01-15",4.7797
"2015-01-16",8.7602
"2015-01-17",10.4397
"2015-01-18",8.9249
"2015-01-19",7.6042
"2015-01-20",4.6048
"2015-01-21",3.8444
"2015-01-22",7.0644
"2015-01-23",8.3445
"2015-01-24",11.0646
"2015-01-25",7.7995
"2015-01-26",7.9997
"2015-01-27",8.0745
"2015-01-28",9.4944
"2015-01-29",7.1798
"2015-01-30",5.9146
"2015-01-31",4.7544
"2015-02-01",7.3394
"2015-02-02",10.5047
"2015-02-03",8.9345
"2015-02-04",9.6098
"2015-02-05",12.2296
"2015-02-06",11.8692
"2015-02-07",10.8793
"2015-02-08",10.4294
"2015-02-09",10.2694
"2015-02-10",8.8298
"2015-02-11",8.5344
"2015-02-12",9.6294
"2015-02-13",8.1547
"2015-02-14",9.8947
"2015-02-15",9.7295
"2015-02-16",10.5998
"2015-02-17",9.0996
"2015-02-18",9.3845
"2015-02-19",9.5897
"2015-02-20",9.0597
"2015-02-21",9.1094
"2015-02-22",7.1591
"2015-02-23",6.2844
"2015-02-24",6.6094
"2015-02-25",5.9193
"2015-02-26",9.4242
"2015-02-27",8.3198
"2015-02-28",6.283
"2015-03-01",5.4733
"2015-03-02",5.9224
"2015-03-03",5.5678
"2015-03-04",5.9079
"2015-03-05",7.4679
"2015-03-06",9.618
"2015-03-07",10.1529
"2015-03-08",10.3431
"2015-03-09",11.5073
"2015-03-10",9.688
"2015-03-11",12.2673
"2015-03-12",13.8972
"2015-03-13",12.428
"2015-03-14",13.3023
"2015-03-15",9.6327
"2015-03-16",10.0525
"2015-03-17",9.5876
"2015-03-18",10.4626
"2015-03-19",11.4577
"2015-03-20",10.8474
"2015-03-21",11.6423
"2015-03-22",10.3576
"2015-03-23",9.2131
"2015-03-24",10.2325
"2015-03-25",12.2828
"2015-03-26",14.2776
"2015-03-27",13.1527
"2015-03-28",11.2128
"2015-03-29",11.7779
"2015-03-30",12.7028
"2015-03-31",8.5142
"2015-04-01",7.2991
"2015-04-02",8.0341
"2015-04-03",6.249
"2015-04-04",7.4089
"2015-04-05",6.2494
"2015-04-06",7.6695
"2015-04-07",9.9042
"2015-04-08",9.0241
"2015-04-09",10.7491
"2015-04-10",9.639
"2015-04-11",7.3439
"2015-04-12",8.9095
"2015-04-13",8.1595
"2015-04-14",6.3391
"2015-04-15",7.6991
"2015-04-16",11.4643
"2015-04-17",13.6494
"2015-04-18",14.0339
"2015-04-19",14.7492
"2015-04-20",14.9645
"2015-04-21",10.2088
"2015-04-22",9.2696
"2015-04-23",7.8789
"2015-04-24",9.664
"2015-04-25",8.7443
"2015-04-26",9.7893
"2015-04-27",17.7245
"2015-04-28",10.6691
"2015-04-29",10.1442
"2015-04-30",12.1194
"2015-05-01",14.2845
"2015-05-02",12.6799
"2015-05-03",13.5797
"2015-05-04",11.4149
"2015-05-05",10.6002
"2015-05-06",10.0049
"2015-05-07",12.4593
"2015-05-08",15.3897
"2015-05-09",16.765
"2015-05-10",15.1149
"2015-05-11",11.2096
"2015-05-12",10.4095
"2015-05-13",12.5597
"2015-05-14",14.1547
"2015-05-15",12.2694
"2015-05-16",12.9794
"2015-05-17",14.5049
"2015-05-18",15.7747
"2015-05-19",14.18
"2015-05-20",16.6697
"2015-05-21",16.5799
"2015-05-22",13.7144
"2015-05-23",13.7746
"2015-05-24",14.7548
"2015-05-25",15.0647
"2015-05-26",15.1548
"2015-05-27",16.8595
"2015-05-28",19.1549
"2015-05-29",18.0845
"2015-05-30",17.5497
"2015-05-31",20.2259
"2015-06-01",13.9356
"2015-06-02",14.2403
"2015-06-03",14.8755
"2015-06-04",16.7706
"2015-06-05",19.6008
"2015-06-06",22.036
"2015-06-07",22.5708
"2015-06-08",24.2501
"2015-06-09",20.9504
"2015-06-10",17.0653
"2015-06-11",17.8457
"2015-06-12",15.7709
"2015-06-13",15.8104
"2015-06-14",18.0305
"2015-06-15",17.1606
"2015-06-16",16.7108
"2015-06-17",18.1253
"2015-06-18",18.6153
"2015-06-19",17.4652
"2015-06-20",19.0601
"2015-06-21",18.0255
"2015-06-22",17.3005
"2015-06-23",18.8953
"2015-06-24",21.3106
"2015-06-25",22.7953
"2015-06-26",26.3805
"2015-06-27",25.6357
"2015-06-28",21.3653
"2015-06-29",22.7406
"2015-06-30",23.9384
"2015-07-01",25.3729
"2015-07-02",25.6931
"2015-07-03",24.7181
"2015-07-04",23.4683
"2015-07-05",23.3281
"2015-07-06",21.4931
"2015-07-07",21.3434
"2015-07-08",22.3478
"2015-07-09",19.9785
"2015-07-10",20.1182
"2015-07-11",18.3932
"2015-07-12",20.4887
"2015-07-13",20.2829
"2015-07-14",19.9032
"2015-07-15",19.6281
"2015-07-16",18.6229
"2015-07-17",19.5829
"2015-07-18",24.9883
"2015-07-19",23.6134
"2015-07-20",21.8186
"2015-07-21",18.0035
"2015-07-22",17.1031
"2015-07-23",19.0584
"2015-07-24",19.2233
"2015-07-25",16.8127
"2015-07-26",16.4937
"2015-07-27",18.5132
"2015-07-28",21.4577
"2015-07-29",25.7837
"2015-07-30",27.558
"2015-07-31",26.9974
"2015-08-01",26.0866
"2015-08-02",21.5267
"2015-08-03",21.5416
"2015-08-04",19.8723
"2015-08-05",18.5319
"2015-08-06",19.8065
"2015-08-07",21.1719
"2015-08-08",19.5271
"2015-08-09",22.1119
"2015-08-10",20.8021
"2015-08-11",22.3173
"2015-08-12",22.4666
"2015-08-13",20.782
"2015-08-14",19.4922
"2015-08-15",19.6421
"2015-08-16",20.5871
"2015-08-17",21.9621
"2015-08-18",24.2623
"2015-08-19",24.4474
"2015-08-20",19.1972
"2015-08-21",18.4174
"2015-08-22",20.312
"2015-08-23",20.4017
"2015-08-24",18.9416
"2015-08-25",18.8619
"2015-08-26",20.5417
"2015-08-27",21.3066
"2015-08-28",22.1772
"2015-08-29",18.4768
"2015-08-30",16.3969
"2015-08-31",17.544
"2015-09-01",19.4492
"2015-09-02",15.3292
"2015-09-03",13.3044
"2015-09-04",12.0794
"2015-09-05",13.5837
"2015-09-06",15.0989
"2015-09-07",17.5493
"2015-09-08",19.1391
"2015-09-09",21.3142
"2015-09-10",21.189
"2015-09-11",22.7993
"2015-09-12",21.1995
"2015-09-13",18.0245
"2015-09-14",12.059
"2015-09-15",11.9693
"2015-09-16",15.014
"2015-09-17",14.6494
"2015-09-18",15.7289
"2015-09-19",17.3942
"2015-09-20",18.7995
"2015-09-21",15.4339
"2015-09-22",13.0639
"2015-09-23",14.2789
"2015-09-24",17.8538
"2015-09-25",15.2989
"2015-09-26",14.1043
"2015-09-27",12.7444
"2015-09-28",15.1591
"2015-09-29",16.5294
"2015-09-30",14.2732
"2015-10-01",15.5533
"2015-10-02",12.4183
"2015-10-03",13.9633
"2015-10-04",17.5435
"2015-10-05",18.2232
"2015-10-06",16.5036
"2015-10-07",16.4282
"2015-10-08",16.653
"2015-10-09",16.6985
"2015-10-10",16.9036
"2015-10-11",14.1332
"2015-10-12",15.2087
"2015-10-13",16.0585
"2015-10-14",14.0731
"2015-10-15",16.9436
"2015-10-16",14.4985
"2015-10-17",15.8683
"2015-10-18",16.4232
"2015-10-19",14.0084
"2015-10-20",12.1882
"2015-10-21",13.3036
"2015-10-22",10.7084
"2015-10-23",9.0482
"2015-10-24",13.7088
"2015-10-25",12.3087
"2015-10-26",11.7583
"2015-10-27",9.8185
"2015-10-28",14.2483
"2015-10-29",14.4684
"2015-10-30",14.1881
"2015-10-31",15.0802
"2015-11-01",12.0399
"2015-11-02",9.1049
"2015-11-03",7.9396
"2015-11-04",6.6251
"2015-11-05",8.275
"2015-11-06",10.3596
"2015-11-07",9.2198
"2015-11-08",8.4555
"2015-11-09",6.8452
"2015-11-10",6.4497
"2015-11-11",7.36
"2015-11-12",6.9154
"2015-11-13",12.6752
"2015-11-14",11.8352
"2015-11-15",5.1147
"2015-11-16",6.0951
"2015-11-17",9.9898
"2015-11-18",7.5698
"2015-11-19",9.7
"2015-11-20",4.9299
"2015-11-21",4.3804
"2015-11-22",3.0402
"2015-11-23",3.1605
"2015-11-24",4.2148
"2015-11-25",2.6449
"2015-11-26",2.9501
"2015-11-27",2.58
"2015-11-28",1.525
"2015-11-29",0.54
"2015-11-30",-1.7459
"2015-12-01",3.4586
"2015-12-02",6.8433
"2015-12-03",10.2235
"2015-12-04",7.3889
"2015-12-05",9.7834
"2015-12-06",10.964
"2015-12-07",13.5492
"2015-12-08",14.1138
"2015-12-09",11.7184
"2015-12-10",8.2133
"2015-12-11",7.6438
"2015-12-12",8.0335
"2015-12-13",4.4885
"2015-12-14",3.1741
"2015-12-15",2.7888
"2015-12-16",6.0184
"2015-12-17",9.5443
"2015-12-18",7.3635
"2015-12-19",6.1986
"2015-12-20",7.1187
"2015-12-21",8.4485
"2015-12-22",5.8188
"2015-12-23",3.6991
"2015-12-24",3.4886
"2015-12-25",2.6339
"2015-12-26",0.964
"2015-12-27",3.0039
"2015-12-28",5.5442
"2015-12-29",3.8588
"2015-12-30",1.2841
"2015-12-31",0.4633
"2016-01-01",0.3
"2016-01-02",-1.3
"2016-01-03",-1.9
"2016-01-04",1.05
"2016-01-05",2.95
"2016-01-06",3.3
"2016-01-07",4.1
"2016-01-08",4.3
"2016-01-09",6.2
"2016-01-10",4.6
"2016-01-11",4.95
"2016-01-12",8.4
"2016-01-13",7.4
"2016-01-14",5.55
"2016-01-15",6.9
"2016-01-16",8.6
"2016-01-17",8.05
"2016-01-18",7.95
"2016-01-19",6.85
"2016-01-20",6.75
"2016-01-21",10.75
"2016-01-22",11.05
"2016-01-23",7.85
"2016-01-24",6.55
"2016-01-25",9.8
"2016-01-26",11.2
"2016-01-27",13.05
"2016-01-28",10.5
"2016-01-29",7.35
"2016-01-30",4.2
"2016-01-31",4.1
"2016-02-01",4.45
"2016-02-02",6.25
"2016-02-03",7.05
"2016-02-04",8
"2016-02-05",9.1
"2016-02-06",7.55
"2016-02-07",8.6
"2016-02-08",9.65
"2016-02-09",9
"2016-02-10",10.65
"2016-02-11",11.95
"2016-02-12",9.3
"2016-02-13",7.6
"2016-02-14",11.7
"2016-02-15",12.45
"2016-02-16",11
"2016-02-17",11.9
"2016-02-18",8.1
"2016-02-19",6.6
"2016-02-20",5.85
"2016-02-21",6.4
"2016-02-22",6.4
"2016-02-23",7
"2016-02-24",10.55
"2016-02-25",10.35
"2016-02-26",9.55
"2016-02-27",11.25
"2016-02-28",8.6
"2016-02-29",8.9
"2016-03-01",9.9
"2016-03-02",9.25
"2016-03-03",11
"2016-03-04",9.8
"2016-03-05",11.75
"2016-03-06",8.9
"2016-03-07",6.4
"2016-03-08",5.3
"2016-03-09",11
"2016-03-10",8.95
"2016-03-11",7.1
"2016-03-12",6.9
"2016-03-13",8
"2016-03-14",7.2
"2016-03-15",7.4
"2016-03-16",7.95
"2016-03-17",9.1
"2016-03-18",11.3
"2016-03-19",13.15
"2016-03-20",11.75
"2016-03-21",8.2
"2016-03-22",8.75
"2016-03-23",8.65
"2016-03-24",8.75
"2016-03-25",8.25
"2016-03-26",9.1
"2016-03-27",7.8
"2016-03-28",7.55
"2016-03-29",9.25
"2016-03-30",12
"2016-03-31",14.3
"2016-04-01",15.05
"2016-04-02",14.15
"2016-04-03",14.35
"2016-04-04",10.15
"2016-04-05",11.3
"2016-04-06",13.4
"2016-04-07",18
"2016-04-08",16.9
"2016-04-09",14.45
"2016-04-10",12.3
"2016-04-11",13.8
"2016-04-12",11.9
"2016-04-13",11.7
"2016-04-14",9.65
"2016-04-15",11.2
"2016-04-16",12.65
"2016-04-17",17.25
"2016-04-18",19.5
"2016-04-19",19.15
"2016-04-20",16.75
"2016-04-21",15.85
"2016-04-22",12.8
"2016-04-23",12.15
"2016-04-24",8.85
"2016-04-25",8.95
"2016-04-26",8.9
"2016-04-27",12.15
"2016-04-28",12.8
"2016-04-29",11.3
"2016-04-30",12.55
"2016-05-01",17.9
"2016-05-02",19.25
"2016-05-03",16.1
"2016-05-04",14.4
"2016-05-05",14.5
"2016-05-06",18.3
"2016-05-07",19.8
"2016-05-08",13.3
"2016-05-09",12.7
"2016-05-10",15.75
"2016-05-11",19
"2016-05-12",18.15
"2016-05-13",17.3
"2016-05-14",13
"2016-05-15",14.5
"2016-05-16",13.2
"2016-05-17",16.15
"2016-05-18",16.65
"2016-05-19",12.1
"2016-05-20",12.1
"2016-05-21",12.5
"2016-05-22",12.9
"2016-05-23",13.4
"2016-05-24",15.25
"2016-05-25",14.45
"2016-05-26",13.25
"2016-05-27",11.95
"2016-05-28",14.5
"2016-05-29",14.95
"2016-05-30",17
"2016-05-31",19.7
"2016-06-01",20.15
"2016-06-02",17.55
"2016-06-03",21.45
"2016-06-04",25.65
"2016-06-05",24.5
"2016-06-06",23.85
"2016-06-07",23.15
"2016-06-08",17.55
"2016-06-09",13.6
"2016-06-10",13.9
"2016-06-11",14.95
"2016-06-12",17
"2016-06-13",13.5
"2016-06-14",12.65
"2016-06-15",12.6
"2016-06-16",13.5
"2016-06-17",16.1
"2016-06-18",13.7
"2016-06-19",15.65
"2016-06-20",17.2
"2016-06-21",16.9
"2016-06-22",17.7
"2016-06-23",15.1
"2016-06-24",15.75
"2016-06-25",19
"2016-06-26",21.8
"2016-06-27",20.8
"2016-06-28",19.95
"2016-06-29",19
"2016-06-30",18.85
"2016-07-01",19.55
"2016-07-02",20.8
"2016-07-03",18.55
"2016-07-04",17.45
"2016-07-05",18.1
"2016-07-06",19.4
"2016-07-07",18.2
"2016-07-08",18.2
"2016-07-09",18
"2016-07-10",16
"2016-07-11",18.65
"2016-07-12",17.95
"2016-07-13",19.5
"2016-07-14",19.45
"2016-07-15",17.55
"2016-07-16",18
"2016-07-17",18.5
"2016-07-18",19.3
"2016-07-19",17.35
"2016-07-20",19.8
"2016-07-21",19.7
"2016-07-22",18.6
"2016-07-23",19.55
"2016-07-24",21.4
"2016-07-25",21.7
"2016-07-26",21.45
"2016-07-27",22.55
"2016-07-28",24.3
"2016-07-29",24.1
"2016-07-30",19.25
"2016-07-31",17.85
"2016-08-01",18.8
"2016-08-02",17.1
"2016-08-03",19.55
"2016-08-04",22.55
"2016-08-05",18.25
"2016-08-06",17.05
"2016-08-07",16.25
"2016-08-08",16.1
"2016-08-09",17.4
"2016-08-10",19.35
"2016-08-11",21.7
"2016-08-12",24.4
"2016-08-13",24.8
"2016-08-14",23
"2016-08-15",22
"2016-08-16",21.65
"2016-08-17",20.6
"2016-08-18",24.65
"2016-08-19",27.45
"2016-08-20",24.15
"2016-08-21",20
"2016-08-22",17.9
"2016-08-23",19.1
"2016-08-24",22.1
"2016-08-25",25.05
"2016-08-26",24.2
"2016-08-27",20.1
"2016-08-28",20.4
"2016-08-29",19.05
"2016-08-30",17
"2016-08-31",16.85
"2016-09-01",16.45
"2016-09-02",15.6
"2016-09-03",14.45
"2016-09-04",14.65
"2016-09-05",15.85
"2016-09-06",16.25
"2016-09-07",16.5
"2016-09-08",16.6
"2016-09-09",18.15
"2016-09-10",20.6
"2016-09-11",15.15
"2016-09-12",16.35
"2016-09-13",16.8
"2016-09-14",16.25
"2016-09-15",16.9
"2016-09-16",19.1
"2016-09-17",15.95
"2016-09-18",15.15
"2016-09-19",14.05
"2016-09-20",14.1
"2016-09-21",13.75
"2016-09-22",14.15
"2016-09-23",12.6
"2016-09-24",15.05
"2016-09-25",18.15
"2016-09-26",21.5
"2016-09-27",17.3
"2016-09-28",15.55
"2016-09-29",13.7
"2016-09-30",11.6
"2016-10-01",13.4
"2016-10-02",11.3
"2016-10-03",10.9
"2016-10-04",13.8
"2016-10-05",13.35
"2016-10-06",13.05
"2016-10-07",14.95
"2016-10-08",16.95
"2016-10-09",16.7
"2016-10-10",10.3
"2016-10-11",10.7
"2016-10-12",12.25
"2016-10-13",13.25
"2016-10-14",14.5
"2016-10-15",12.7
"2016-10-16",10.7
"2016-10-17",12.25
"2016-10-18",10.4
"2016-10-19",9.5
"2016-10-20",14.4
"2016-10-21",12.7
"2016-10-22",11.3
"2016-10-23",12.3
"2016-10-24",10.5
"2016-10-25",12.85
"2016-10-26",14.65
"2016-10-27",10.85
"2016-10-28",12.65
"2016-10-29",12.6
"2016-10-30",10.5
"2016-10-31",12.1
"2016-11-01",11.85
"2016-11-02",13.6
"2016-11-03",11.6
"2016-11-04",12.25
"2016-11-05",10.95
"2016-11-06",12
"2016-11-07",11.55
"2016-11-08",12.35
"2016-11-09",13.85
"2016-11-10",12.15
"2016-11-11",12.1
"2016-11-12",11.15
"2016-11-13",11.75
"2016-11-14",12.75
"2016-11-15",9.1
"2016-11-16",6.75
"2016-11-17",7.5
"2016-11-18",6.2
"2016-11-19",11.7
"2016-11-20",10.15
"2016-11-21",8.8
"2016-11-22",8.7
"2016-11-23",8.15
"2016-11-24",9.15
"2016-11-25",8.75
"2016-11-26",8.5
"2016-11-27",6.5
"2016-11-28",7
"2016-11-29",7.2
"2016-11-30",6.45
"2016-12-01",5.2
"2016-12-02",5.25
"2016-12-03",7.5
"2016-12-04",4.1
"2016-12-05",2.25
"2016-12-06",0.75
"2016-12-07",-0.25
"2016-12-08",0.5
"2016-12-09",4.95
"2016-12-10",5.95
"2016-12-11",5.15
"2016-12-12",3.7
"2016-12-13",1.15
"2016-12-14",-0.3
"2016-12-15",-1.9
"2016-12-16",-2.35
"2016-12-17",-1.65
"2016-12-18",-0.75
"2016-12-19",4.2
"2016-12-20",4.2
"2016-12-21",0.85
"2016-12-22",3.15
"2016-12-23",4.25
"2016-12-24",2.45
"2016-12-25",1.75
"2016-12-26",1.8
"2016-12-27",5.35
"2016-12-28",3.75
"2016-12-29",5
"2016-12-30",2.6
"2016-12-31",1.45
"2017-01-01",1.35
"2017-01-02",-0.6
"2017-01-03",-0.9
"2017-01-04",-1.95
"2017-01-05",-3.7
"2017-01-06",-3.5
"2017-01-07",-2.1
"2017-01-08",0.9
"2017-01-09",3.15
"2017-01-10",2.25
"2017-01-11",1.75
"2017-01-12",-1.6
"2017-01-13",-2.75
"2017-01-14",-3.35
"2017-01-15",-2.15
"2017-01-16",0.3
"2017-01-17",5.85
"2017-01-18",9.1
"2017-01-19",6.85
"2017-01-20",6.4
"2017-01-21",5.4
"2017-01-22",4.7
"2017-01-23",4.2
"2017-01-24",3.15
"2017-01-25",4.7
"2017-01-26",5.25
"2017-01-27",3
"2017-01-28",2.5
"2017-01-29",4.8
"2017-01-30",5.9
"2017-01-31",4.5
"2017-02-01",3.95
"2017-02-02",3.75
"2017-02-03",4.75
"2017-02-04",9
"2017-02-05",6.65
"2017-02-06",4.3
"2017-02-07",4.25
"2017-02-08",9.4
"2017-02-09",11.05
"2017-02-10",5.65
"2017-02-11",5.25
"2017-02-12",4.3
"2017-02-13",5.3
"2017-02-14",5.45
"2017-02-15",11.35
"2017-02-16",8.55
"2017-02-17",8.7
"2017-02-18",7.75
"2017-02-19",7.55
"2017-02-20",8.2
"2017-02-21",4.3
"2017-02-22",4.15
"2017-02-23",3.25
"2017-02-24",2.4
"2017-02-25",4.35
"2017-02-26",2.95
"2017-02-27",2.95
"2017-02-28",5.5
"2017-03-01",6.55
"2017-03-02",6.5
"2017-03-03",7.1
"2017-03-04",5.05
"2017-03-05",3.7
"2017-03-06",4
"2017-03-07",7.25
"2017-03-08",9.25
"2017-03-09",12.1
"2017-03-10",10.85
"2017-03-11",9.6
"2017-03-12",12.55
"2017-03-13",12.4
"2017-03-14",12.9
"2017-03-15",8.8
"2017-03-16",7.45
"2017-03-17",8.3
"2017-03-18",7.8
"2017-03-19",7.7
"2017-03-20",7.35
"2017-03-21",12.45
"2017-03-22",7.55
"2017-03-23",8.3
"2017-03-24",8.9
"2017-03-25",8.8
"2017-03-26",8.55
"2017-03-27",9.1
"2017-03-28",11.85
"2017-03-29",9.3
"2017-03-30",7.8
"2017-03-31",8.25
"2017-04-01",10.9
"2017-04-02",7.8
"2017-04-03",7.15
"2017-04-04",10.6
"2017-04-05",12.15
"2017-04-06",13.35
"2017-04-07",8.3
"2017-04-08",7.5
"2017-04-09",8.6
"2017-04-10",9.15
"2017-04-11",7.95
"2017-04-12",10.7
"2017-04-13",8.9
"2017-04-14",7.15
"2017-04-15",8.75
"2017-04-16",10.45
"2017-04-17",11.95
"2017-04-18",12.55
"2017-04-19",11.1
"2017-04-20",9.25
"2017-04-21",11.75
"2017-04-22",13
"2017-04-23",11.15
"2017-04-24",10.3
"2017-04-25",10.4
"2017-04-26",10.2
"2017-04-27",8.8
"2017-04-28",9
"2017-04-29",11.65
"2017-04-30",10.75
"2017-05-01",9.15
"2017-05-02",15.6
"2017-05-03",19.7
"2017-05-04",20.25
"2017-05-05",9.15
"2017-05-06",9.4
"2017-05-07",11.05
"2017-05-08",13.5
"2017-05-09",14.85
"2017-05-10",15.9
"2017-05-11",10.6
"2017-05-12",9.45
"2017-05-13",9.7
"2017-05-14",10.65
"2017-05-15",11
"2017-05-16",11.25
"2017-05-17",10.2
"2017-05-18",13.25
"2017-05-19",16.7
"2017-05-20",15.75
"2017-05-21",19.1
"2017-05-22",22.2
"2017-05-23",19.55
"2017-05-24",13.15
"2017-05-25",14.95
"2017-05-26",18.3
"2017-05-27",20
"2017-05-28",17.8
"2017-05-29",16.85
"2017-05-30",13.45
"2017-05-31",17.8
"2017-06-01",16.3
"2017-06-02",18.2
"2017-06-03",15.2
"2017-06-04",13.3
"2017-06-05",15.9
"2017-06-06",18.4
"2017-06-07",17.4
"2017-06-08",14.45
"2017-06-09",13.15
"2017-06-10",12.3
"2017-06-11",14.35
"2017-06-12",14
"2017-06-13",13.35
"2017-06-14",14.7
"2017-06-15",15.35
"2017-06-16",15.4
"2017-06-17",18.55
"2017-06-18",20.95
"2017-06-19",21.9
"2017-06-20",18.75
"2017-06-21",17.2
"2017-06-22",19.8
"2017-06-23",22.65
"2017-06-24",25.2
"2017-06-25",23.95
"2017-06-26",19.2
"2017-06-27",17.2
"2017-06-28",16.75
"2017-06-29",19.15
"2017-06-30",19.55
"2017-07-01",17.75
"2017-07-02",20.2
"2017-07-03",19
"2017-07-04",21.1
"2017-07-05",20.75
"2017-07-06",20.25
"2017-07-07",18.05
"2017-07-08",20.8
"2017-07-09",20.3
"2017-07-10",19.4
"2017-07-11",18.85
"2017-07-12",19.65
"2017-07-13",17.7
"2017-07-14",20.2
"2017-07-15",18.9
"2017-07-16",17.4
"2017-07-17",19.05
"2017-07-18",19.15
"2017-07-19",18.5
"2017-07-20",17.6
"2017-07-21",19.25
"2017-07-22",22.8
"2017-07-23",22.2
"2017-07-24",21.7
"2017-07-25",22.3
"2017-07-26",22.15
"2017-07-27",19.3
"2017-07-28",19.95
"2017-07-29",20.4
"2017-07-30",23.8
"2017-07-31",23.85
"2017-08-01",25.35
"2017-08-02",28.25
"2017-08-03",27.1
"2017-08-04",23.3
"2017-08-05",20.6
"2017-08-06",21.4
"2017-08-07",23.6
"2017-08-08",24.25
"2017-08-09",24.25
"2017-08-10",23.3
"2017-08-11",21.65
"2017-08-12",20.15
"2017-08-13",16.8
"2017-08-14",16.45
"2017-08-15",18.1
"2017-08-16",20.8
"2017-08-17",21
"2017-08-18",21.3
"2017-08-19",19.75
"2017-08-20",20.25
"2017-08-21",22.3
"2017-08-22",21.8
"2017-08-23",20.6
"2017-08-24",17.8
"2017-08-25",18.85
"2017-08-26",21.9
"2017-08-27",22.65
"2017-08-28",24.85
"2017-08-29",20.8
"2017-08-30",19.3
"2017-08-31",20.15
"2017-09-01",22.85
"2017-09-02",23.65
"2017-09-03",24.55
"2017-09-04",23.65
"2017-09-05",22.25
"2017-09-06",21.05
"2017-09-07",22.2
"2017-09-08",18.6
"2017-09-09",20.75
"2017-09-10",18.95
"2017-09-11",21.3
"2017-09-12",20.7
"2017-09-13",16.45
"2017-09-14",15.7
"2017-09-15",16.3
"2017-09-16",17.05
"2017-09-17",14.25
"2017-09-18",14.25
"2017-09-19",14.35
"2017-09-20",11.1
"2017-09-21",11.6
"2017-09-22",13.5
"2017-09-23",14.6
"2017-09-24",15.4
"2017-09-25",16.5
"2017-09-26",18
"2017-09-27",20.55
"2017-09-28",20.4
"2017-09-29",13.35
"2017-09-30",12.75
"2017-10-01",13.05
"2017-10-02",11.6
"2017-10-03",12.95
"2017-10-04",12.75
"2017-10-05",12.9
"2017-10-06",14.4
"2017-10-07",12.15
"2017-10-08",11.2
"2017-10-09",10.65
"2017-10-10",9.55
"2017-10-11",9.45
"2017-10-12",10.1
"2017-10-13",7.6
"2017-10-14",7.7
"2017-10-15",9.95
"2017-10-16",11.4
"2017-10-17",11.35
"2017-10-18",15.05
"2017-10-19",10.8
"2017-10-20",10.45
"2017-10-21",11.75
"2017-10-22",12.7
"2017-10-23",12.5
"2017-10-24",13.05
"2017-10-25",12.6
"2017-10-26",13.1
"2017-10-27",13.75
"2017-10-28",13.5
"2017-10-29",10.65
"2017-10-30",9.45
"2017-10-31",8.55
"2017-11-01",9.95
"2017-11-02",8.5
"2017-11-03",6
"2017-11-04",5.3
"2017-11-05",6.75
"2017-11-06",5.85
"2017-11-07",4.6
"2017-11-08",6.3
"2017-11-09",10.1
"2017-11-10",9.8
"2017-11-11",11.05
"2017-11-12",12.55
"2017-11-13",8.55
"2017-11-14",9.55
"2017-11-15",8.1
"2017-11-16",6.2
"2017-11-17",5.55
"2017-11-18",3.3
"2017-11-19",5.7
"2017-11-20",10.65
"2017-11-21",13.1
"2017-11-22",14.5
"2017-11-23",10.65
"2017-11-24",7.8
"2017-11-25",5.95
"2017-11-26",8.7
"2017-11-27",6.8
"2017-11-28",5.95
"2017-11-29",6.45
"2017-11-30",5.1
"2017-12-01",7.2
"2017-12-02",5.05
"2017-12-03",4.4
"2017-12-04",3.05
"2017-12-05",2.3
"2017-12-06",5.15
"2017-12-07",2.85
"2017-12-08",1.45
"2017-12-09",0.25
"2017-12-10",0.4
"2017-12-11",-0.25
"2017-12-12",-0.1
"2017-12-13",1.7
"2017-12-14",1.45
"2017-12-15",1.6
"2017-12-16",3.1
"2017-12-17",5.35
"2017-12-18",8.55
"2017-12-19",6.1
"2017-12-20",2.45
"2017-12-21",0.2
"2017-12-22",2.9
"2017-12-23",2.9
"2017-12-24",1.9
"2017-12-25",4.35
"2017-12-26",1.3
"2017-12-27",6.3
"2017-12-28",8.1
"2017-12-29",9.7
"2017-12-30",5.8
"2017-12-31",4.2
"2018-01-01",1.4
"2018-01-02",2.4
"2018-01-03",3.95
"2018-01-04",4.45
"2018-01-05",7.75
"2018-01-06",5.85
"2018-01-07",5.6
"2018-01-08",5.5
"2018-01-09",7.05
"2018-01-10",7.25
"2018-01-11",11
"2018-01-12",8.7
"2018-01-13",8.3
"2018-01-14",6.45
"2018-01-15",6.25
"2018-01-16",8.6
"2018-01-17",10.95
"2018-01-18",6.65
"2018-01-19",6.25
"2018-01-20",6.2
"2018-01-21",6.35
"2018-01-22",6.45
"2018-01-23",7.6
"2018-01-24",5.75
"2018-01-25",5.05
"2018-01-26",5.95
"2018-01-27",9.15
"2018-01-28",11.9
"2018-01-29",10.65
"2018-01-30",6.25
"2018-01-31",5.95
"2018-02-01",7.85
"2018-02-02",12.8
"2018-02-03",11.4
"2018-02-04",11.25
"2018-02-05",8.95
"2018-02-06",8
"2018-02-07",8.45
"2018-02-08",10.15
"2018-02-09",7.3
"2018-02-10",4.85
"2018-02-11",3.4
"2018-02-12",2.95
"2018-02-13",3.15
"2018-02-14",5.45
"2018-02-15",5.8
"2018-02-16",6.45
"2018-02-17",6.8
"2018-02-18",2.25
"2018-02-19",1.1
"2018-02-20",1.8
"2018-02-21",1.15
"2018-02-22",0.05
"2018-02-23",-0.05
"2018-02-24",5.95
"2018-02-25",3.5
"2018-02-26",3.05
"2018-02-27",3.25
"2018-02-28",5.7
"2018-03-01",4.5
"2018-03-02",6.05
"2018-03-03",3.8
"2018-03-04",4.75
"2018-03-05",6
"2018-03-06",6
"2018-03-07",6.45
"2018-03-08",8.2
"2018-03-09",6.2
"2018-03-10",7.1
"2018-03-11",10
"2018-03-12",11.65
"2018-03-13",8.55
"2018-03-14",7.1
"2018-03-15",5.8
"2018-03-16",6.15
"2018-03-17",6.95
"2018-03-18",6.2
"2018-03-19",6.4
"2018-03-20",7.65
"2018-03-21",9.1
"2018-03-22",5.3
"2018-03-23",3.15
"2018-03-24",4.5
"2018-03-25",5.4
"2018-03-26",6.35
"2018-03-27",9.15
"2018-03-28",9.3
"2018-03-29",9.1
"2018-03-30",10
"2018-03-31",9.8
"2018-04-01",6.25
"2018-04-02",6.05
"2018-04-03",6.3
"2018-04-04",12.25
"2018-04-05",10.35
"2018-04-06",16.45
"2018-04-07",11.65
"2018-04-08",8.25
"2018-04-09",11.35
"2018-04-10",11.8
"2018-04-11",8.8
"2018-04-12",7.95
"2018-04-13",10.7
"2018-04-14",11.6
"2018-04-15",7.8
"2018-04-16",7.35
"2018-04-17",8.65
"2018-04-18",9.7
"2018-04-19",10.55
"2018-04-20",11.05
"2018-04-21",11
"2018-04-22",11.05
"2018-04-23",14.7
"2018-04-24",17.55
"2018-04-25",18.05
"2018-04-26",15.55
"2018-04-27",10.2
"2018-04-28",11.3
"2018-04-29",11.6
"2018-04-30",10.45
"2018-05-01",10.15
"2018-05-02",13.35
"2018-05-03",15
"2018-05-04",14.3
"2018-05-05",16.25
"2018-05-06",14.1
"2018-05-07",15.05
"2018-05-08",16
"2018-05-09",15.15
"2018-05-10",12.95
"2018-05-11",13.25
"2018-05-12",16.95
"2018-05-13",19.45
"2018-05-14",18.6
"2018-05-15",15.85
"2018-05-16",14.75
"2018-05-17",14.3
"2018-05-18",15.4
"2018-05-19",14.85
"2018-05-20",13.75
"2018-05-21",15.45
"2018-05-22",19.05
"2018-05-23",17.35
"2018-05-24",17.6
"2018-05-25",13.1
"2018-05-26",12.7
"2018-05-27",16.3
"2018-05-28",16.05
"2018-05-29",11.85
"2018-05-30",12.8
"2018-05-31",11.1
"2018-06-01",13.9
"2018-06-02",17.45
"2018-06-03",16.2
"2018-06-04",13.7
"2018-06-05",14.5
"2018-06-06",16.25
"2018-06-07",16.3
"2018-06-08",15.55
"2018-06-09",12.85
"2018-06-10",12.15
"2018-06-11",15
"2018-06-12",17.55
"2018-06-13",14.6
"2018-06-14",15.1
"2018-06-15",16.3
"2018-06-16",18.15
"2018-06-17",21.4
"2018-06-18",20.3
"2018-06-19",21.45
"2018-06-20",21.1
"2018-06-21",18.9
"2018-06-22",19.45
"2018-06-23",18.9
"2018-06-24",22.15
"2018-06-25",15.05
"2018-06-26",16.25
"2018-06-27",16.75
"2018-06-28",16.2
"2018-06-29",18.15
"2018-06-30",19.25
"2018-07-01",19
"2018-07-02",14.7
"2018-07-03",15.85
"2018-07-04",17.65
"2018-07-05",20.5
"2018-07-06",17.85
"2018-07-07",19.15
"2018-07-08",19.2
"2018-07-09",16.75
"2018-07-10",19.95
"2018-07-11",22.65
"2018-07-12",26.1
"2018-07-13",23.95
"2018-07-14",23.35
"2018-07-15",25
"2018-07-16",24.65
"2018-07-17",22.15
"2018-07-18",21.6
"2018-07-19",17.75
"2018-07-20",18.2
"2018-07-21",18.6
"2018-07-22",22.1
"2018-07-23",23.05
"2018-07-24",24.1
"2018-07-25",24.45
"2018-07-26",24.2
"2018-07-27",21.9
"2018-07-28",21.65
"2018-07-29",24.35
"2018-07-30",22.55
"2018-07-31",21.75
"2018-08-01",20.55
"2018-08-02",17.6
"2018-08-03",18.2
"2018-08-04",20.1
"2018-08-05",20.85
"2018-08-06",22.05
"2018-08-07",23.5
"2018-08-08",23.25
"2018-08-09",24.05
"2018-08-10",22.7
"2018-08-11",18.25
"2018-08-12",19.05
"2018-08-13",21.5
"2018-08-14",23.1
"2018-08-15",21.2
"2018-08-16",19
"2018-08-17",18.6
"2018-08-18",19.95
"2018-08-19",20.6
"2018-08-20",19.6
"2018-08-21",23.55
"2018-08-22",22
"2018-08-23",15.55
"2018-08-24",15.5
"2018-08-25",16.05
"2018-08-26",17.35
"2018-08-27",18.6
"2018-08-28",20.55
"2018-08-29",19.25
"2018-08-30",16
"2018-08-31",17.65
"2018-09-01",16.95
"2018-09-02",18.35
"2018-09-03",17.45
"2018-09-04",17.15
"2018-09-05",19.55
"2018-09-06",18.6
"2018-09-07",17.7
"2018-09-08",16.45
"2018-09-09",16.75
"2018-09-10",16.4
"2018-09-11",15
"2018-09-12",13.5
"2018-09-13",13.45
"2018-09-14",13.95
"2018-09-15",13.25
"2018-09-16",13.3
"2018-09-17",13.25
"2018-09-18",13.75
"2018-09-19",13.95
"2018-09-20",15.2
"2018-09-21",16.25
"2018-09-22",13.45
"2018-09-23",12.8
"2018-09-24",13.8
"2018-09-25",17.2
"2018-09-26",18.55
"2018-09-27",19.25
"2018-09-28",19.4
"2018-09-29",15.6
"2018-09-30",17.15
"2018-10-01",17.9
"2018-10-02",13.35
"2018-10-03",12
"2018-10-04",12
"2018-10-05",10
"2018-10-06",11.6
"2018-10-07",10.75
"2018-10-08",15.05
"2018-10-09",11.95
"2018-10-10",11.4
"2018-10-11",11.9
"2018-10-12",12.55
"2018-10-13",13.15
"2018-10-14",12.8
"2018-10-15",12.6
"2018-10-16",14.15
"2018-10-17",14.35
"2018-10-18",13.45
"2018-10-19",12.8
"2018-10-20",12.9
"2018-10-21",12.45
"2018-10-22",12.1
"2018-10-23",10
"2018-10-24",12.25
"2018-10-25",11.85
"2018-10-26",14.15
"2018-10-27",14.4
"2018-10-28",12.9
"2018-10-29",10.1
"2018-10-30",9.15
"2018-10-31",12.3
"2018-11-01",15.25
"2018-11-02",12.5
"2018-11-03",10.55
"2018-11-04",12.05
"2018-11-05",10.45
"2018-11-06",8.15
"2018-11-07",6.3
"2018-11-08",4.65
"2018-11-09",4.1
"2018-11-10",4.3
"2018-11-11",5.65
"2018-11-12",6.5
"2018-11-13",5.2
"2018-11-14",7.25
"2018-11-15",6.7
"2018-11-16",8
"2018-11-17",8.5
"2018-11-18",5.75
"2018-11-19",4.7
"2018-11-20",3.6
"2018-11-21",7.35
"2018-11-22",8.65
"2018-11-23",6.7
"2018-11-24",5.3
"2018-11-25",6.1
"2018-11-26",10.5
"2018-11-27",11.1
"2018-11-28",9.15
"2018-11-29",6.6
"2018-11-30",6.4
"2018-12-01",5.25
"2018-12-02",4.45
"2018-12-03",2.35
"2018-12-04",3.6
"2018-12-05",2.35
"2018-12-06",1.45
"2018-12-07",0.5
"2018-12-08",3.75
"2018-12-09",3.95
"2018-12-10",6.5
"2018-12-11",7.35
"2018-12-12",6.35
"2018-12-13",6.25
"2018-12-14",6.5
"2018-12-15",5.75
"2018-12-16",8
"2018-12-17",8.35
"2018-12-18",10.2
"2018-12-19",9.35
"2018-12-20",6.95
"2018-12-21",3.8
"2018-12-22",4.1
"2018-12-23",8.85
"2018-12-24",6.95
"2018-12-25",5.25
"2018-12-26",5.15
"2018-12-27",6.25
"2018-12-28",6.85
"2018-12-29",9.05
"2018-12-30",5.6
"2018-12-31",4.2
"2019-01-01",0.7
"2019-01-02",2.95
"2019-01-03",8.55
"2019-01-04",6.1
"2019-01-05",6.45
"2019-01-06",3.9
"2019-01-07",3.95
"2019-01-08",5.85
"2019-01-09",8.2
"2019-01-10",9.55
"2019-01-11",6
"2019-01-12",4.7
"2019-01-13",4
"2019-01-14",2.7
"2019-01-15",2.6
"2019-01-16",2.85
"2019-01-17",7.2
"2019-01-18",7.85
"2019-01-19",9.25
"2019-01-20",4.85
"2019-01-21",5.2
"2019-01-22",6.9
"2019-01-23",8
"2019-01-24",6.35
"2019-01-25",5.25
"2019-01-26",2.8
"2019-01-27",4.05
"2019-01-28",5.6
"2019-01-29",5
"2019-01-30",4.65
"2019-01-31",5.25
"2019-02-01",8.5
"2019-02-02",7.9
"2019-02-03",4.55
"2019-02-04",2.05
"2019-02-05",1.95
"2019-02-06",0.75
"2019-02-07",0.3
"2019-02-08",2.05
"2019-02-09",1.35
"2019-02-10",1.1
"2019-02-11",5.7
"2019-02-12",6.25
"2019-02-13",5.75
"2019-02-14",5.65
"2019-02-15",5.45
"2019-02-16",3.6
"2019-02-17",2.55
"2019-02-18",2.95
"2019-02-19",3.75
"2019-02-20",3.25
"2019-02-21",3.1
"2019-02-22",2.9
"2019-02-23",4.95
"2019-02-24",2.55
"2019-02-25",0.35
"2019-02-26",0.65
"2019-02-27",0.65
"2019-02-28",1.6
"2019-03-01",4.8
"2019-03-02",4.4
"2019-03-03",2.45
"2019-03-04",1.25
"2019-03-05",0.05
"2019-03-06",1.5
"2019-03-07",3.3
"2019-03-08",3.05
"2019-03-09",4.05
"2019-03-10",4.9
"2019-03-11",7.15
"2019-03-12",6.4
"2019-03-13",6.45
"2019-03-14",7.35
"2019-03-15",8.8
"2019-03-16",8.95
"2019-03-17",10.7
"2019-03-18",14.15
"2019-03-19",14.75
"2019-03-20",13.4
"2019-03-21",8.65
"2019-03-22",7.9
"2019-03-23",8.45
"2019-03-24",9.7
"2019-03-25",6.4
"2019-03-26",8.1
"2019-03-27",9.1
"2019-03-28",10.1
"2019-03-29",10.55
"2019-03-30",10.65
"2019-03-31",12.3
"2019-04-01",12.05
"2019-04-02",13.25
"2019-04-03",12.05
"2019-04-04",12
"2019-04-05",9.75
"2019-04-06",10.5
"2019-04-07",11.25
"2019-04-08",11.15
"2019-04-09",10.55
"2019-04-10",10
"2019-04-11",10.3
"2019-04-12",11
"2019-04-13",7.9
"2019-04-14",7.55
"2019-04-15",6.4
"2019-04-16",12.05
"2019-04-17",13.9
"2019-04-18",16.8
"2019-04-19",14.2
"2019-04-20",11.9
"2019-04-21",11.3
"2019-04-22",12.95
"2019-04-23",14.05
"2019-04-24",12.7
"2019-04-25",13.7
"2019-04-26",12.95
"2019-04-27",9.15
"2019-04-28",10.7
"2019-04-29",13
"2019-04-30",11.7
"2019-05-01",11.3
"2019-05-02",10.25
"2019-05-03",12.8
"2019-05-04",14.5
"2019-05-05",15.9
"2019-05-06",16.9
"2019-05-07",15.85
"2019-05-08",15.55
"2019-05-09",19.15
"2019-05-10",18.75
"2019-05-11",17.4
"2019-05-12",15.2
"2019-05-13",14.7
"2019-05-14",12.9
"2019-05-15",13.05
"2019-05-16",13.4
"2019-05-17",13.5
"2019-05-18",14.7
"2019-05-19",13.3
"2019-05-20",14.55
"2019-05-21",13.4
"2019-05-22",15.1
"2019-05-23",16.65
"2019-05-24",13.25
"2019-05-25",11.2
"2019-05-26",15.05
"2019-05-27",14.7
"2019-05-28",14.2
"2019-05-29",16.35
"2019-05-30",17.2
"2019-05-31",18.65
"2019-06-01",18.7
"2019-06-02",17.45
"2019-06-03",15.65
"2019-06-04",16.85
"2019-06-05",15.75
"2019-06-06",12.85
"2019-06-07",12.1
"2019-06-08",14.1
"2019-06-09",18.25
"2019-06-10",20.65
"2019-06-11",24.2
"2019-06-12",25.25
"2019-06-13",20.05
"2019-06-14",17.3
"2019-06-15",18.65
"2019-06-16",19.7
"2019-06-17",19.9
"2019-06-18",16.8
"2019-06-19",15.3
"2019-06-20",14.9
"2019-06-21",15.3
"2019-06-22",16.45
"2019-06-23",16.35
"2019-06-24",16.65
"2019-06-25",16.5
"2019-06-26",16.5
"2019-06-27",13.3
"2019-06-28",15.8
"2019-06-29",17.35
"2019-06-30",18.8
"2019-07-01",16.05
"2019-07-02",16.4
"2019-07-03",17.45
"2019-07-04",19.25
"2019-07-05",17.75
"2019-07-06",15.8
"2019-07-07",18
"2019-07-08",18.55
"2019-07-09",17.7
"2019-07-10",19.45
"2019-07-11",20.5
"2019-07-12",21.15
"2019-07-13",20.45
"2019-07-14",21.15
"2019-07-15",19.9
"2019-07-16",19.65
"2019-07-17",19.8
"2019-07-18",18.05
"2019-07-19",17.25
"2019-07-20",20
"2019-07-21",20.8
"2019-07-22",20.15
"2019-07-23",17.5
"2019-07-24",18.75
"2019-07-25",22.05
"2019-07-26",22.35
"2019-07-27",20.25
"2019-07-28",20.4
"2019-07-29",19.25
"2019-07-30",18.35
"2019-07-31",19.95
"2019-08-01",21.2
"2019-08-02",21.1
"2019-08-03",22.9
"2019-08-04",23
"2019-08-05",22.05
"2019-08-06",20.65
"2019-08-07",18.4
"2019-08-08",18.4
"2019-08-09",18.25
"2019-08-10",17.25
"2019-08-11",17.85
"2019-08-12",19.7
"2019-08-13",21.85
"2019-08-14",21.85
"2019-08-15",20.6
"2019-08-16",18.95
"2019-08-17",18.75
"2019-08-18",19.65
"2019-08-19",19.5
"2019-08-20",20.05
"2019-08-21",17.05
"2019-08-22",17.9
"2019-08-23",19.7
"2019-08-24",19.5
"2019-08-25",19.3
"2019-08-26",20.4
"2019-08-27",24.25
"2019-08-28",24.25
"2019-08-29",22.5
"2019-08-30",19.2
"2019-08-31",20.1
"2019-09-01",19.85
"2019-09-02",19.7
"2019-09-03",19.25
"2019-09-04",19.95
"2019-09-05",23.15
"2019-09-06",20.2
"2019-09-07",16.95
"2019-09-08",16.75
"2019-09-09",15.55
"2019-09-10",15.7
"2019-09-11",16.7
"2019-09-12",18.45
"2019-09-13",17.65
"2019-09-14",18
"2019-09-15",13.7
"2019-09-16",15.2
"2019-09-17",14.8
"2019-09-18",14.25
"2019-09-19",15.85
"2019-09-20",16.35
"2019-09-21",16.8
"2019-09-22",15
"2019-09-23",15.85
"2019-09-24",18.3
"2019-09-25",15.85
"2019-09-26",15.3
"2019-09-27",13.45
"2019-09-28",9.55
"2019-09-29",9.25
"2019-09-30",8.75
"2019-10-01",9.25
"2019-10-02",9.15
"2019-10-03",11.1
"2019-10-04",11.25
"2019-10-05",11.75
"2019-10-06",12.2
"2019-10-07",13.5
"2019-10-08",8.65
"2019-10-09",6.75
"2019-10-10",8.3
"2019-10-11",8.95
"2019-10-12",8.45
"2019-10-13",10.75
"2019-10-14",10
"2019-10-15",10.65
"2019-10-16",10.85
"2019-10-17",11.05
"2019-10-18",11.05
"2019-10-19",10.95
"2019-10-20",11.55
"2019-10-21",13.9
"2019-10-22",13.45
"2019-10-23",9.85
"2019-10-24",11.3
"2019-10-25",11.35
"2019-10-26",7.5
"2019-10-27",6.55
"2019-10-28",5.7
"2019-10-29",4.05
"2019-10-30",3.8
"2019-10-31",4.5
"2019-11-01",6.4
"2019-11-02",7.25
"2019-11-03",7.65
"2019-11-04",7.2
"2019-11-05",5.7
"2019-11-06",5.25
"2019-11-07",6.05
"2019-11-08",8.25
"2019-11-09",8.15
"2019-11-10",10.45
"2019-11-11",9.6
"2019-11-12",8.8
"2019-11-13",9
"2019-11-14",8.7
"2019-11-15",10.15
"2019-11-16",9.7
"2019-11-17",11.15
"2019-11-18",11.35
"2019-11-19",8.85
"2019-11-20",6.3
"2019-11-21",5.25
"2019-11-22",4.2
"2019-11-23",3.7
"2019-11-24",6.6
"2019-11-25",5.75
"2019-11-26",4
"2019-11-27",2.95
"2019-11-28",1.55
"2019-11-29",-0.3
"2019-11-30",-1
"2019-12-01",2.6
"2019-12-02",3.05
"2019-12-03",2.8
"2019-12-04",3.25
"2019-12-05",5.55
"2019-12-06",4.65
"2019-12-07",7.1
"2019-12-08",7.6
"2019-12-09",5.95
"2019-12-10",5
"2019-12-11",7.85
"2019-12-12",8.45
"2019-12-13",5.7
"2019-12-14",4.2
"2019-12-15",4.05
"2019-12-16",4.35
"2019-12-17",2
"2019-12-18",3.35
"2019-12-19",9.9
"2019-12-20",11.35
"2019-12-21",7.65
"2019-12-22",5.9
"2019-12-23",4.8
"2019-12-24",3.85
"2019-12-25",4.3
"2019-12-26",2.75
"2019-12-27",5.2
"2019-12-28",5.25
"2019-12-29",6.1
"2019-12-30",6.4
"2019-12-31",4.2
"2020-01-01",8.6
"2020-01-02",7
"2020-01-03",8.45
"2020-01-04",5.9
"2020-01-05",6.65
"2020-01-06",7.8
"2020-01-07",8.45
"2020-01-08",5.05
"2020-01-09",4.05
"2020-01-10",6.7
"2020-01-11",5.9
"2020-01-12",5.15
"2020-01-13",2.35
"2020-01-14",1.5
"2020-01-15",4.15
"2020-01-16",2.9
"2020-01-17",3.75
"2020-01-18",7.6
"2020-01-19",9.15
"2020-01-20",6.9
"2020-01-21",7.55
"2020-01-22",8.65
"2020-01-23",11.2
"2020-01-24",10.3
"2020-01-25",11.15
"2020-01-26",9.2
"2020-01-27",8.3
"2020-01-28",8.5
"2020-01-29",8.15
"2020-01-30",9.7
"2020-01-31",13.5
"2020-02-01",7.25
"2020-02-02",3.8
"2020-02-03",2.5
"2020-02-04",2.15
"2020-02-05",7.95
"2020-02-06",10.4
"2020-02-07",8.75
"2020-02-08",4.25
"2020-02-09",3.6
"2020-02-10",3.75
"2020-02-11",5.65
"2020-02-12",4.95
"2020-02-13",4.25
"2020-02-14",6
"2020-02-15",6.5
"2020-02-16",6.1
"2020-02-17",4.55
"2020-02-18",3.8
"2020-02-19",5.95
"2020-02-20",6.05
"2020-02-21",6.35
"2020-02-22",6.35
"2020-02-23",6.4
"2020-02-24",4.9
"2020-02-25",6.05
"2020-02-26",7.7
"2020-02-27",7.75
"2020-02-28",6.9
"2020-02-29",3.75
"2020-03-01",4.8
"2020-03-02",6.75
"2020-03-03",11
"2020-03-04",7.75
"2020-03-05",8.85
"2020-03-06",6.9
"2020-03-07",4.3
"2020-03-08",3.7
"2020-03-09",5.9
"2020-03-10",7.5
"2020-03-11",6.85
"2020-03-12",6.25
"2020-03-13",3.2
"2020-03-14",4.7
"2020-03-15",5.6
"2020-03-16",7.75
"2020-03-17",7.7
"2020-03-18",7.3
"2020-03-19",8.65
"2020-03-20",9.15
"2020-03-21",8.75
"2020-03-22",9.35
"2020-03-23",7.35
"2020-03-24",5.3
"2020-03-25",5.4
"2020-03-26",5.35
"2020-03-27",7.95
"2020-03-28",9.9
"2020-03-29",10.85
"2020-03-30",7.65
"2020-03-31",6.75
"2020-04-01",6.1
"2020-04-02",4.95
"2020-04-03",5.5
"2020-04-04",5.35
"2020-04-05",11.65
"2020-04-06",9.7
"2020-04-07",9.65
"2020-04-08",11.85
"2020-04-09",14.35
"2020-04-10",13.1
"2020-04-11",10.75
"2020-04-12",10.25
"2020-04-13",10.1
"2020-04-14",11.25
"2020-04-15",10.95
"2020-04-16",13.4
"2020-04-17",13.75
"2020-04-18",9.8
"2020-04-19",10.7
"2020-04-20",12.2
"2020-04-21",11.8
"2020-04-22",12.65
"2020-04-23",14.1
"2020-04-24",14.1
"2020-04-25",11.4
"2020-04-26",12.75
"2020-04-27",14.7
"2020-04-28",16.7
"2020-04-29",15.35
"2020-04-30",11.05
"2020-05-01",10.35
"2020-05-02",10.85
"2020-05-03",10.35
"2020-05-04",12.55
"2020-05-05",14.75
"2020-05-06",11.95
"2020-05-07",14.35
"2020-05-08",18.55
"2020-05-09",19.7
"2020-05-10",19.15
"2020-05-11",14.9
"2020-05-12",12.65
"2020-05-13",12.55
"2020-05-14",11.7
"2020-05-15",14.45
"2020-05-16",14.9
"2020-05-17",14.6
"2020-05-18",12.2
"2020-05-19",12.85
"2020-05-20",12.3
"2020-05-21",10.85
"2020-05-22",10.2
"2020-05-23",11.45
"2020-05-24",15.3
"2020-05-25",15.6
"2020-05-26",16.95
"2020-05-27",18.7
"2020-05-28",21.05
"2020-05-29",19.25
"2020-05-30",12.5
"2020-05-31",12.75
"2020-06-01",14.2
"2020-06-02",16.1
"2020-06-03",15.9
"2020-06-04",15.95
"2020-06-05",15.35
"2020-06-06",11.7
"2020-06-07",12.2
"2020-06-08",13.9
"2020-06-09",15.55
"2020-06-10",19.85
"2020-06-11",18.45
"2020-06-12",12.8
"2020-06-13",13.15
"2020-06-14",15.25
"2020-06-15",14
"2020-06-16",13
"2020-06-17",15.15
"2020-06-18",18.35
"2020-06-19",20.3
"2020-06-20",18.1
"2020-06-21",17.75
"2020-06-22",20.25
"2020-06-23",23.45
"2020-06-24",19.3
"2020-06-25",20.2
"2020-06-26",22.4
"2020-06-27",18.35
"2020-06-28",15.25
"2020-06-29",17.15
"2020-06-30",16.85
"2020-07-01",15
"2020-07-02",16.1
"2020-07-03",16.8
"2020-07-04",17
"2020-07-05",17.35
"2020-07-06",15.55
"2020-07-07",17.1
"2020-07-08",17.6
"2020-07-09",17.75
"2020-07-10",19.05
"2020-07-11",17.9
"2020-07-12",18.35
"2020-07-13",18.75
"2020-07-14",20.2
"2020-07-15",22.5
"2020-07-16",22.2
"2020-07-17",18.45
"2020-07-18",20.55
"2020-07-19",23.05
"2020-07-20",23.55
"2020-07-21",22.95
"2020-07-22",20.4
"2020-07-23",18.45
"2020-07-24",16.75
"2020-07-25",18.9
"2020-07-26",24.2
"2020-07-27",24.5
"2020-07-28",23.2
"2020-07-29",24.05
"2020-07-30",23.9
"2020-07-31",21.3
"2020-08-01",20.45
"2020-08-02",20.75
"2020-08-03",20.35
"2020-08-04",21.55
"2020-08-05",19.9
"2020-08-06",15.35
"2020-08-07",17.05
"2020-08-08",18.1
"2020-08-09",19.15
"2020-08-10",21.75
"2020-08-11",18.55
"2020-08-12",16.8
"2020-08-13",17.45
"2020-08-14",21.25
"2020-08-15",24.95
"2020-08-16",24.05
"2020-08-17",24.15
"2020-08-18",21.6
"2020-08-19",21.5
"2020-08-20",22.05
"2020-08-21",19.8
"2020-08-22",19.2
"2020-08-23",19.85
"2020-08-24",19.45
"2020-08-25",19.5
"2020-08-26",19.35
"2020-08-27",18.75
"2020-08-28",19.7
"2020-08-29",17
"2020-08-30",16.3
"2020-08-31",18.7
"2020-09-01",21.8
"2020-09-02",23.85
"2020-09-03",23.25
"2020-09-04",18.15
"2020-09-05",17.45
"2020-09-06",20.55
"2020-09-07",21.55
"2020-09-08",19.35
"2020-09-09",17.85
"2020-09-10",14
"2020-09-11",13.55
"2020-09-12",12.25
"2020-09-13",13.35
"2020-09-14",17.45
"2020-09-15",17.7
"2020-09-16",17.55
"2020-09-17",18.1
"2020-09-18",16.4
"2020-09-19",16
"2020-09-20",16.7
"2020-09-21",16.8
"2020-09-22",17.95
"2020-09-23",19
"2020-09-24",16.45
"2020-09-25",14.45
"2020-09-26",14.9
"2020-09-27",15.75
"2020-09-28",18.8
"2020-09-29",19.05
"2020-09-30",17.9
"2020-10-01",17.75
"2020-10-02",18.35
"2020-10-03",16.95
"2020-10-04",14.3
"2020-10-05",15.5
"2020-10-06",16.5
"2020-10-07",16.2
"2020-10-08",15.3
"2020-10-09",16.1
"2020-10-10",13.3
"2020-10-11",13.4
"2020-10-12",15
"2020-10-13",12.85
"2020-10-14",11.35
"2020-10-15",11.1
"2020-10-16",13.4
"2020-10-17",14.95
"2020-10-18",15.25
"2020-10-19",13.2
"2020-10-20",12.8
"2020-10-21",8.15
"2020-10-22",6.8
"2020-10-23",7.65
"2020-10-24",8.65
"2020-10-25",3.7
"2020-10-26",4.45
"2020-10-27",6.3
"2020-10-28",9.45
"2020-10-29",7.8
"2020-10-30",9
"2020-10-31",7.55
"2020-11-01",8.8
"2020-11-02",10.15
"2020-11-03",10.95
"2020-11-04",16.6
"2020-11-05",11.2
"2020-11-06",6.75
"2020-11-07",5
"2020-11-08",2.55
"2020-11-09",1.95
"2020-11-10",5.8
"2020-11-11",5
"2020-11-12",4.35
"2020-11-13",7.95
"2020-11-14",7.55
"2020-11-15",10.05
"2020-11-16",11.15
"2020-11-17",9.9
"2020-11-18",7.95
"2020-11-19",5.3
"2020-11-20",3.25
"2020-11-21",2.05
"2020-11-22",3.85
"2020-11-23",5.65
"2020-11-24",6.7
"2020-11-25",6.75
"2020-11-26",5.3
"2020-11-27",2.4
"2020-11-28",4.6
"2020-11-29",4.1
"2020-11-30",5.55
"2020-12-01",2.15
"2020-12-02",3.9
"2020-12-03",3.75
"2020-12-04",3.6
"2020-12-05",3.3
"2020-12-06",7.5
"2020-12-07",5.95
"2020-12-08",7.55
"2020-12-09",6.55
"2020-12-10",4.2
"2020-12-11",4.65
"2020-12-12",4.35
"2020-12-13",6.7
"2020-12-14",6.15
"2020-12-15",7.55
"2020-12-16",7.4
"2020-12-17",6.25
"2020-12-18",7
"2020-12-19",10.3
"2020-12-20",11.15
"2020-12-21",9.25
"2020-12-22",4.5
"2020-12-23",1.7
"2020-12-24",1.35
"2020-12-25",5.25
"2020-12-26",6.95
"2020-12-27",5.4
"2020-12-28",3.15
"2020-12-29",2.25
"2020-12-30",6.2
"2020-12-31",7.95
"2021-01-01",9.1
"2021-01-02",8.6
"2021-01-03",8.2
"2021-01-04",7.8
"2021-01-05",7.35
"2021-01-06",7.65
"2021-01-07",7.2
"2021-01-08",5.9
"2021-01-09",4.35
"2021-01-10",7.4
"2021-01-11",8.15
"2021-01-12",12.5
"2021-01-13",8.3
"2021-01-14",7.5
"2021-01-15",9.3
"2021-01-16",7.8
"2021-01-17",7.45
"2021-01-18",4.45
"2021-01-19",4.5
"2021-01-20",2.85
"2021-01-21",6.05
"2021-01-22",3.5
"2021-01-23",2.85
"2021-01-24",2.8
"2021-01-25",2.7
"2021-01-26",2.05
"2021-01-27",3.5
"2021-01-28",5.9
"2021-01-29",6.05
"2021-01-30",7.85
"2021-01-31",9.55
"2021-02-01",8.2
"2021-02-02",6.4
"2021-02-03",4.85
"2021-02-04",5.05
"2021-02-05",7.1
"2021-02-06",6.35
"2021-02-07",5.4
"2021-02-08",4.15
"2021-02-09",3.7
"2021-02-10",3.4
"2021-02-11",2.8
"2021-02-12",2.75
"2021-02-13",6
"2021-02-14",7
"2021-02-15",7.8
"2021-02-16",6.35
"2021-02-17",5.45
"2021-02-18",6.35
"2021-02-19",6.85
"2021-02-20",6.95
"2021-02-21",7.85
"2021-02-22",7.2
"2021-02-23",5.35
"2021-02-24",5.15
"2021-02-25",6.4
"2021-02-26",6.1
"2021-02-27",6.15
"2021-02-28",8.15
"2021-03-01",9.35
"2021-03-02",8.3
"2021-03-03",7.25
"2021-03-04",8.5
"2021-03-05",6.5
"2021-03-06",7.6
"2021-03-07",6.2
"2021-03-08",6.15
"2021-03-09",6.95
"2021-03-10",5.65
"2021-03-11",6.65
"2021-03-12",7.55
"2021-03-13",8.65
"2021-03-14",6
"2021-03-15",3.65
"2021-03-16",5.1
"2021-03-17",7.95
"2021-03-18",9.25
"2021-03-19",7.9
"2021-03-20",7.2
"2021-03-21",6.55
"2021-03-22",5.45
"2021-03-23",6.5
"2021-03-24",6.65
"2021-03-25",5.8
"2021-03-26",7.2
"2021-03-27",9.75
"2021-03-28",7.7
"2021-03-29",5
"2021-03-30",5.8
"2021-03-31",9.45
"2021-04-01",12.15
"2021-04-02",9.25
"2021-04-03",10.8
"2021-04-04",7.25
"2021-04-05",6.45
"2021-04-06",9.1
"2021-04-07",7.45
"2021-04-08",7.1
"2021-04-09",7.7
"2021-04-10",5.35
"2021-04-11",7.25
"2021-04-12",10.1
"2021-04-13",11.2
"2021-04-14",10.8
"2021-04-15",12.45
"2021-04-16",15.75
"2021-04-17",16.45
"2021-04-18",17
"2021-04-19",14.35
"2021-04-20",14.75
"2021-04-21",14.05
"2021-04-22",11.85
"2021-04-23",10.7
"2021-04-24",9.75
"2021-04-25",10.85
"2021-04-26",10.2
"2021-04-27",11.75
"2021-04-28",14.25
"2021-04-29",16.1
"2021-04-30",15.35
"2021-05-01",12.35
"2021-05-02",11.85
"2021-05-03",12.95
"2021-05-04",14.15
"2021-05-05",16
"2021-05-06",12.35
"2021-05-07",9.05
"2021-05-08",9.25
"2021-05-09",12.35
"2021-05-10",13.65
"2021-05-11",15
"2021-05-12",16.45
"2021-05-13",17.35
"2021-05-14",16.55
"2021-05-15",16.45
"2021-05-16",17.6
"2021-05-17",13.95
"2021-05-18",11.15
"2021-05-19",9.1
"2021-05-20",9.2
"2021-05-21",11.3
"2021-05-22",13.55
"2021-05-23",12.15
"2021-05-24",13.8
"2021-05-25",12.3
"2021-05-26",15
"2021-05-27",11.85
"2021-05-28",13.7
"2021-05-29",16.6
"2021-05-30",18.6
"2021-05-31",20.45
"2021-06-01",23.85
"2021-06-02",22.05
"2021-06-03",19.95
"2021-06-04",18.1
"2021-06-05",12.7
"2021-06-06",12.9
"2021-06-07",12.5
"2021-06-08",12.3
"2021-06-09",13.4
"2021-06-10",14.4
"2021-06-11",15.55
"2021-06-12",19.9
"2021-06-13",17.1
"2021-06-14",16.85
"2021-06-15",15
"2021-06-16",17.65
"2021-06-17",19.25
"2021-06-18",18.65
"2021-06-19",19.05
"2021-06-20",23.2
"2021-06-21",23.95
"2021-06-22",21.6
"2021-06-23",20.65
"2021-06-24",21.85
"2021-06-25",24.8
"2021-06-26",28.4
"2021-06-27",31.4
"2021-06-28",27.4
"2021-06-29",23
"2021-06-30",19.8
"2021-07-01",20.3
"2021-07-02",21.95
"2021-07-03",22.55
"2021-07-04",21.8
"2021-07-05",21.55
"2021-07-06",22.95
"2021-07-07",18.9
"2021-07-08",18.25
"2021-07-09",21.4
"2021-07-10",22.3
"2021-07-11",21.55
"2021-07-12",21.35
"2021-07-13",21.35
"2021-07-14",20.5
"2021-07-15",18.55
"2021-07-16",18.6
"2021-07-17",19.5
"2021-07-18",20.55
"2021-07-19",21.2
"2021-07-20",19.2
"2021-07-21",18
"2021-07-22",18.95
"2021-07-23",20.55
"2021-07-24",23.45
"2021-07-25",23.55
"2021-07-26",23.7
"2021-07-27",23.15
"2021-07-28",24.1
"2021-07-29",25.85
"2021-07-30",24.8
"2021-07-31",22.8
"2021-08-01",24.7
"2021-08-02",24.8
"2021-08-03",23.4
"2021-08-04",24.85
"2021-08-05",20.45
"2021-08-06",22.4
"2021-08-07",21.75
"2021-08-08",18.3
"2021-08-09",21.1
"2021-08-10",24.8
"2021-08-11",28.3
"2021-08-12",28.7
"2021-08-13",26.25
"2021-08-14",26.05
"2021-08-15",25.2
"2021-08-16",21.6
"2021-08-17",16.65
"2021-08-18",19.05
"2021-08-19",20
"2021-08-20",19.6
"2021-08-21",18.15
"2021-08-22",15.3
"2021-08-23",16.1
"2021-08-24",18.2
"2021-08-25",18.75
"2021-08-26",20.75
"2021-08-27",18.6
"2021-08-28",20.25
"2021-08-29",20.9
"2021-08-30",17
"2021-08-31",15.85
"2021-09-01",16.15
"2021-09-02",18
"2021-09-03",18.4
"2021-09-04",20.15
"2021-09-05",20.75
"2021-09-06",20
"2021-09-07",19.85
"2021-09-08",21.6
"2021-09-09",20.4
"2021-09-10",14.95
"2021-09-11",17.35
"2021-09-12",17.05
"2021-09-13",16.55
"2021-09-14",18.2
"2021-09-15",15.4
"2021-09-16",14.55
"2021-09-17",16.5
"2021-09-18",15.35
"2021-09-19",14.65
"2021-09-20",15.4
"2021-09-21",18.55
"2021-09-22",17.4
"2021-09-23",17.5
"2021-09-24",19.95
"2021-09-25",19.55
"2021-09-26",19.25
"2021-09-27",12.8
"2021-09-28",12.5
"2021-09-29",14.5
"2021-09-30",14.3
"2021-10-01",12.85
"2021-10-02",13.85
"2021-10-03",14.7
"2021-10-04",13.65
"2021-10-05",10.75
"2021-10-06",10.45
"2021-10-07",9.45
"2021-10-08",9.95
"2021-10-09",12.3
"2021-10-10",10.15
"2021-10-11",8
"2021-10-12",6.9
"2021-10-13",8.95
"2021-10-14",10.65
"2021-10-15",12.1
"2021-10-16",12.7
"2021-10-17",11.8
"2021-10-18",8.95
"2021-10-19",9.05
"2021-10-20",11.85
"2021-10-21",13.55
"2021-10-22",12.25
"2021-10-23",11.55
"2021-10-24",11.7
"2021-10-25",10.9
"2021-10-26",11.55
"2021-10-27",11.8
"2021-10-28",16.65
"2021-10-29",10.8
"2021-10-30",11.2
"2021-10-31",10.2
"2021-11-01",10.05
"2021-11-02",10.7
"2021-11-03",13.25
"2021-11-04",11.35
"2021-11-05",9.55
"2021-11-06",7.6
"2021-11-07",6.45
"2021-11-08",6.45
"2021-11-09",8.65
"2021-11-10",9.65
"2021-11-11",14.95
"2021-11-12",14.45
"2021-11-13",13.9
"2021-11-14",13.9
"2021-11-15",8.8
"2021-11-16",5.35
"2021-11-17",4.5
"2021-11-18",8.9
"2021-11-19",6.75
"2021-11-20",4.5
"2021-11-21",2.2
"2021-11-22",5.2
"2021-11-23",6
"2021-11-24",3.35
"2021-11-25",7.65
"2021-11-26",9.75
"2021-11-27",12.5
"2021-11-28",11.9
"2021-11-29",11.45
"2021-11-30",10.85
"2021-12-01",12.15
"2021-12-02",8.45
"2021-12-03",5.25
"2021-12-04",6.9
"2021-12-05",5
"2021-12-06",6.85
"2021-12-07",11.35
"2021-12-08",5.2
"2021-12-09",3.75
"2021-12-10",5.6
"2021-12-11",7.2
"2021-12-12",5.6
"2021-12-13",2.4
"2021-12-14",2.45
"2021-12-15",5.25
"2021-12-16",6.4
"2021-12-17",6.4
"2021-12-18",7.7
"2021-12-19",4.75
"2021-12-20",6.4
"2021-12-21",6.05
"2021-12-22",8.25
"2021-12-23",6.6
"2021-12-24",4
"2021-12-25",2.6
"2021-12-26",0.5
"2021-12-27",-0.2
"2021-12-28",1.8
"2021-12-29",1.75
"2021-12-30",3.95
"2021-12-31",2.15
"2022-01-01",0.15
"2022-01-02",4.45
"2022-01-03",4.4
"2022-01-04",5.15
"2022-01-05",8.35
"2022-01-06",10.5
"2022-01-07",6.55
"2022-01-08",4.85
"2022-01-09",3.3
"2022-01-10",5.15
"2022-01-11",9.3
"2022-01-12",9.25
"2022-01-13",6.9
"2022-01-14",6
"2022-01-15",4.75
"2022-01-16",2.85
"2022-01-17",4.55
"2022-01-18",6.85
"2022-01-19",9.45
"2022-01-20",7.5
"2022-01-21",4.65
"2022-01-22",2.85
"2022-01-23",2.35
"2022-01-24",2
"2022-01-25",2.35
"2022-01-26",1.45
"2022-01-27",2.4
"2022-01-28",2.65
"2022-01-29",3.85
"2022-01-30",5.5
"2022-01-31",4
"2022-02-01",3.55
"2022-02-02",5.2
"2022-02-03",5.4
"2022-02-04",5
"2022-02-05",5.6
"2022-02-06",5.7
"2022-02-07",7.05
"2022-02-08",5.95
"2022-02-09",7.7
"2022-02-10",5.8
"2022-02-11",7.55
"2022-02-12",7.75
"2022-02-13",8
"2022-02-14",5.9
"2022-02-15",5.75
"2022-02-16",5.85
"2022-02-17",5.3
"2022-02-18",5.95
"2022-02-19",5.7
"2022-02-20",5.25
"2022-02-21",3.25
"2022-02-22",0.15
"2022-02-23",-1.1
"2022-02-24",0.45
"2022-02-25",2.45
"2022-02-26",3.85
"2022-02-27",10.75
"2022-02-28",12.8
"2022-03-01",12.75
"2022-03-02",9.35
"2022-03-03",7.6
"2022-03-04",5.85
"2022-03-05",6.8
"2022-03-06",5.75
"2022-03-07",8
"2022-03-08",6.75
"2022-03-09",4.4
"2022-03-10",4.35
"2022-03-11",8.4
"2022-03-12",7.5
"2022-03-13",8.25
"2022-03-14",10.2
"2022-03-15",9.1
"2022-03-16",9.1
"2022-03-17",8.15
"2022-03-18",11.45
"2022-03-19",6.75
"2022-03-20",6.1
"2022-03-21",8.7
"2022-03-22",14.85
"2022-03-23",11.25
"2022-03-24",10
"2022-03-25",11.65
"2022-03-26",14.65
"2022-03-27",13.7
"2022-03-28",11.25
"2022-03-29",12
"2022-03-30",8.35
"2022-03-31",7.4
"2022-04-01",8.3
"2022-04-02",9.25
"2022-04-03",9.5
"2022-04-04",8.15
"2022-04-05",7.6
"2022-04-06",9.45
"2022-04-07",13.75
"2022-04-08",9.25
"2022-04-09",7.7
"2022-04-10",5.4
"2022-04-11",5.65
"2022-04-12",4.7
"2022-04-13",4.85
"2022-04-14",4.55
"2022-04-15",6
"2022-04-16",5.75
"2022-04-17",6.6
"2022-04-18",9.1
"2022-04-19",7.55
"2022-04-20",7.75
"2022-04-21",9.2
"2022-04-22",9.5
"2022-04-23",10.6
"2022-04-24",12.15
"2022-04-25",10.3
"2022-04-26",10.05
"2022-04-27",9.75
"2022-04-28",9.7
"2022-04-29",11.6
"2022-04-30",10.1
"2022-05-01",11.9
"2022-05-02",8.95
"2022-05-03",11.25
"2022-05-04",13.8
"2022-05-05",11.45
"2022-05-06",12.65
"2022-05-07",8.6
"2022-05-08",6.65
"2022-05-09",7.5
"2022-05-10",9.5
"2022-05-11",9.85
"2022-05-12",6.95
"2022-05-13",8.35
"2022-05-14",15.4
"2022-05-15",16.1
"2022-05-16",11.7
"2022-05-17",12.15
"2022-05-18",11.35
"2022-05-19",8.95
"2022-05-20",9
"2022-05-21",12.6
"2022-05-22",14.3
"2022-05-23",14.8
"2022-05-24",15.3
"2022-05-25",17.4
"2022-05-26",17.65
"2022-05-27",13.1
"2022-05-28",12.45
"2022-05-29",10.8
"2022-05-30",11.35
"2022-05-31",14.9
"2022-06-01",17.5
"2022-06-02",17.6
"2022-06-03",15.1
"2022-06-04",14.85
"2022-06-05",16.5
"2022-06-06",13.6
"2022-06-07",14.6
"2022-06-08",16.65
"2022-06-09",18.85
"2022-06-10",18
"2022-06-11",15.4
"2022-06-12",11.8
"2022-06-13",12.25
"2022-06-14",14
"2022-06-15",14.2
"2022-06-16",15.95
"2022-06-17",13
"2022-06-18",13.8
"2022-06-19",13.9
"2022-06-20",15.55
"2022-06-21",18.85
"2022-06-22",18.45
"2022-06-23",16.25
"2022-06-24",18.45
"2022-06-25",22.95
"2022-06-26",24.05
"2022-06-27",21.55
"2022-06-28",16.7
"2022-06-29",17
"2022-06-30",18.15
"2022-07-01",18.2
"2022-07-02",17.1
"2022-07-03",16.25
"2022-07-04",17.75
"2022-07-05",18.05
"2022-07-06",19.1
"2022-07-07",18.1
"2022-07-08",19.1
"2022-07-09",18.55
"2022-07-10",18.95
"2022-07-11",24.55
"2022-07-12",22.7
"2022-07-13",18.9
"2022-07-14",19.3
"2022-07-15",19
"2022-07-16",18.5
"2022-07-17",17.2
"2022-07-18",18.2
"2022-07-19",22.25
"2022-07-20",22.9
"2022-07-21",20.15
"2022-07-22",18.6
"2022-07-23",18.1
"2022-07-24",21.6
"2022-07-25",25.55
"2022-07-26",25.65
"2022-07-27",24.65
"2022-07-28",25.2
"2022-07-29",27.2
"2022-07-30",26.7
"2022-07-31",25.5
"2022-08-01",21.6
"2022-08-02",23.3
"2022-08-03",20.05
"2022-08-04",18.3
"2022-08-05",19.95
"2022-08-06",21.9
"2022-08-07",24.25
"2022-08-08",19.95
"2022-08-09",21.75
"2022-08-10",18.2
"2022-08-11",20.05
"2022-08-12",17.5
"2022-08-13",19.2
"2022-08-14",20.6
"2022-08-15",21.45
"2022-08-16",22.6
"2022-08-17",24.95
"2022-08-18",25.45
"2022-08-19",21.6
"2022-08-20",20.25
"2022-08-21",22.5
"2022-08-22",22.15
"2022-08-23",22.3
"2022-08-24",22.85
"2022-08-25",23.45
"2022-08-26",21.45
"2022-08-27",17.15
"2022-08-28",18.95
"2022-08-29",22
"2022-08-30",24.75
"2022-08-31",22.25
"2022-09-01",21.45
"2022-09-02",21.1
"2022-09-03",18.45
"2022-09-04",20.6
"2022-09-05",19.45
"2022-09-06",21
"2022-09-07",19.6
"2022-09-08",17.2
"2022-09-09",21
"2022-09-10",22.75
"2022-09-11",19.95
"2022-09-12",18.75
"2022-09-13",17.35
"2022-09-14",17.6
"2022-09-15",17.4
"2022-09-16",15.85
"2022-09-17",14.4
"2022-09-18",17.45
"2022-09-19",17.9
"2022-09-20",18.45
"2022-09-21",17.45
"2022-09-22",15.95
"2022-09-23",16.25
"2022-09-24",18.15
"2022-09-25",19.65
"2022-09-26",21.1
"2022-09-27",17.65
"2022-09-28",16.65
"2022-09-29",16.2
"2022-09-30",14.7
"2022-10-01",19.6
"2022-10-02",20.1
"2022-10-03",18.2
"2022-10-04",15.9
"2022-10-05",15.1
"2022-10-06",15.8
"2022-10-07",17.4
"2022-10-08",18.45
"2022-10-09",18.1
"2022-10-10",17.6
"2022-10-11",15.2
"2022-10-12",16
"2022-10-13",16.6
"2022-10-14",16.95
"2022-10-15",18.45
"2022-10-16",14.5
"2022-10-17",14.55
"2022-10-18",14.5
"2022-10-19",15.25
"2022-10-20",14.5
"2022-10-21",11.6
"2022-10-22",10.3
"2022-10-23",10.05
"2022-10-24",10.05
"2022-10-25",9.7
"2022-10-26",9.25
"2022-10-27",9.85
"2022-10-28",10.85
"2022-10-29",14.15
"2022-10-30",13.25
"2022-10-31",11.15
"2022-11-01",7.25
"2022-11-02",4.95
"2022-11-03",5.55
"2022-11-04",11.5
"2022-11-05",8.7
"2022-11-06",4.15
"2022-11-07",4.25
"2022-11-08",4.65
"2022-11-09",4.55
"2022-11-10",4.8
"2022-11-11",4.75
"2022-11-12",4.5
"2022-11-13",2.75
"2022-11-14",4.75
"2022-11-15",4.85
"2022-11-16",3.9
"2022-11-17",2.5
"2022-11-18",3.35
"2022-11-19",1.85
"2022-11-20",2.8
"2022-11-21",6.3
"2022-11-22",7.7
"2022-11-23",5.6
"2022-11-24",4.95
"2022-11-25",5.3
"2022-11-26",5.3
"2022-11-27",6.25
"2022-11-28",4.1
"2022-11-29",4.7
"2022-11-30",5.15
"2022-12-01",1.5
"2022-12-02",3.4
"2022-12-03",3.35
"2022-12-04",2.75
"2022-12-05",1.3
"2022-12-06",3.1
"2022-12-07",3.7
"2022-12-08",4.6
"2022-12-09",5.65
"2022-12-10",7.1
"2022-12-11",5.15
"2022-12-12",3.65
"2022-12-13",2
"2022-12-14",2.3
"2022-12-15",1.3
"2022-12-16",1.1
"2022-12-17",1.35
"2022-12-18",3.55
"2022-12-19",4.3
"2022-12-20",5.75
"2022-12-21",1.75
"2022-12-22",-2.6
"2022-12-23",-0.05
"2022-12-24",7.4
"2022-12-25",11.85
"2022-12-26",13
"2022-12-27",9.2
"2022-12-28",7.05
"2022-12-29",8.1
"2022-12-30",8.7
"2022-12-31",7.6
"2023-01-01",4
"2023-01-02",3.95
"2023-01-03",4.4
"2023-01-04",7
"2023-01-05",9.1
"2023-01-06",7.9
"2023-01-07",8.8
"2023-01-08",7.4
"2023-01-09",6.5
"2023-01-10",5.2
"2023-01-11",7.1
"2023-01-12",11.4
"2023-01-13",9.4
"2023-01-14",9.95
"2023-01-15",6.75
"2023-01-16",6.25
"2023-01-17",6.7
"2023-01-18",4.9
"2023-01-19",3.9
"2023-01-20",2.15
"2023-01-21",3.4
"2023-01-22",3.35
"2023-01-23",3.35
"2023-01-24",1.8
"2023-01-25",3.45
"2023-01-26",4.85
"2023-01-27",6.7
"2023-01-28",4.55
"2023-01-29",0.05
"2023-01-30",-0.8
"2023-01-31",0.4
"2023-02-01",3.35
"2023-02-02",2.1
"2023-02-03",5.7
"2023-02-04",7.45
"2023-02-05",5.85
"2023-02-06",5.7
"2023-02-07",4.9
"2023-02-08",4.95
"2023-02-09",7.1
"2023-02-10",6.85
"2023-02-11",3.7
"2023-02-12",4.35
"2023-02-13",3
"2023-02-14",0.95
"2023-02-15",1.65
"2023-02-16",2.8
"2023-02-17",5.05
"2023-02-18",5.5
"2023-02-19",6.25
"2023-02-20",6.5
"2023-02-21",2.65
"2023-02-22",1.4
"2023-02-23",-0.45
"2023-02-24",6.85
"2023-02-25",7.45
"2023-02-26",4.35
"2023-02-27",4.9
"2023-02-28",7.65
"2023-03-01",3.6
"2023-03-02",4.3
"2023-03-03",3.95
"2023-03-04",3.15
"2023-03-05",3.65
"2023-03-06",5.5
"2023-03-07",4.35
"2023-03-08",4.2
"2023-03-09",5.55
"2023-03-10",5.1
"2023-03-11",7.05
"2023-03-12",7.85
"2023-03-13",5.35
"2023-03-14",4.65
"2023-03-15",6.2
"2023-03-16",7.3
"2023-03-17",7.95
"2023-03-18",9.25
"2023-03-19",7.55
"2023-03-20",5.85
"2023-03-21",8.8
"2023-03-22",9.35
"2023-03-23",4.8
"2023-03-24",4.3
"2023-03-25",3.75
"2023-03-26",3.8
"2023-03-27",4
"2023-03-28",6.1
"2023-03-29",8
"2023-03-30",7.2
"2023-03-31",6.65
"2023-04-01",6.55
"2023-04-02",4.6
"2023-04-03",5.1
"2023-04-04",5.4
"2023-04-05",7.4
"2023-04-06",10.5
"2023-04-07",9.85
"2023-04-08",10.6
"2023-04-09",10.8
"2023-04-10",7.45
"2023-04-11",6.7
"2023-04-12",5.65
"2023-04-13",7.6
"2023-04-14",9.1
"2023-04-15",9.9
"2023-04-16",7.3
"2023-04-17",6
"2023-04-18",6.15
"2023-04-19",6.05
"2023-04-20",7.05
"2023-04-21",10.45
"2023-04-22",15.05
"2023-04-23",10.15
"2023-04-24",9.4
"2023-04-25",11.9
"2023-04-26",15.7
"2023-04-27",17.95
"2023-04-28",20.2
"2023-04-29",18.2
"2023-04-30",12.65
"2023-05-01",12.15
"2023-05-02",13.5
"2023-05-03",14.9
"2023-05-04",11.85
"2023-05-05",11.5
"2023-05-06",11.05
"2023-05-07",11.25
"2023-05-08",10.1
"2023-05-09",13
"2023-05-10",15.25
"2023-05-11",16.6
"2023-05-12",19.3
"2023-05-13",22.35
"2023-05-14",23.25
"2023-05-15",20.65
"2023-05-16",19.85
"2023-05-17",21.35
"2023-05-18",18.45
"2023-05-19",19.3
"2023-05-20",19.1
"2023-05-21",14.25
"2023-05-22",12.65
"2023-05-23",12.4
"2023-05-24",15.05
"2023-05-25",18.1
"2023-05-26",19.05
"2023-05-27",15.4
"2023-05-28",16.15
"2023-05-29",16.95
"2023-05-30",13.25
"2023-05-31",12.2
"2023-06-01",13.35
"2023-06-02",14.9
"2023-06-03",15.95
"2023-06-04",17.1
"2023-06-05",19
"2023-06-06",20.7
"2023-06-07",18.15
"2023-06-08",16.95
"2023-06-09",16.3
"2023-06-10",18.55
"2023-06-11",19.55
"2023-06-12",20.8
"2023-06-13",17.15
"2023-06-14",14
"2023-06-15",16.4
"2023-06-16",19.35
"2023-06-17",15.6
"2023-06-18",12.45
"2023-06-19",12.3
"2023-06-20",13.15
"2023-06-21",16.65
"2023-06-22",20.75
"2023-06-23",17.6
"2023-06-24",18.55
"2023-06-25",18.6
"2023-06-26",18.75
"2023-06-27",19.45
"2023-06-28",20.55
"2023-06-29",21.7
"2023-06-30",21.35
"2023-07-01",21.05
"2023-07-02",21.35
"2023-07-03",21.95
"2023-07-04",24
"2023-07-05",23.95
"2023-07-06",20.6
"2023-07-07",18.55
"2023-07-08",18.25
"2023-07-09",18.8
"2023-07-10",17.9
"2023-07-11",20.05
"2023-07-12",21.3
"2023-07-13",22.25
"2023-07-14",24
"2023-07-15",24.95
"2023-07-16",22.9
"2023-07-17",19.95
"2023-07-18",22.25
"2023-07-19",22.55
"2023-07-20",21.35
"2023-07-21",22.2
"2023-07-22",22.7
"2023-07-23",21
"2023-07-24",19.7
"2023-07-25",19.9
"2023-07-26",20.1
"2023-07-27",19.8
"2023-07-28",19.7
"2023-07-29",19.3
"2023-07-30",19.2
"2023-07-31",20.1
"2023-08-01",21.2
"2023-08-02",21.3
"2023-08-03",21.75
"2023-08-04",22.85
"2023-08-05",22.35
"2023-08-06",23.2
"2023-08-07",21.55
"2023-08-08",21.95
"2023-08-09",21.6
"2023-08-10",21
"2023-08-11",22.1
"2023-08-12",23.6
"2023-08-13",27.5
"2023-08-14",28.55
"2023-08-15",29.15
"2023-08-16",29.1
"2023-08-17",24.05
"2023-08-18",20.5
"2023-08-19",20.45
"2023-08-20",21.1
"2023-08-21",19.15
"2023-08-22",17.45
"2023-08-23",18.8
"2023-08-24",21.65
"2023-08-25",22.75
"2023-08-26",21.4
"2023-08-27",19.4
"2023-08-28",17.95
"2023-08-29",18.95
"2023-08-30",20.1
"2023-08-31",16.15
"2023-09-01",19.9
"2023-09-02",20.7
"2023-09-03",17.75
"2023-09-04",14.5
"2023-09-05",15.8
"2023-09-06",16.85
"2023-09-07",16.65
"2023-09-08",17.6
"2023-09-09",19.45
"2023-09-10",18.6
"2023-09-11",16.7
"2023-09-12",18.2
"2023-09-13",19.15
"2023-09-14",20.45
"2023-09-15",21.65
"2023-09-16",18.45
"2023-09-17",16.9
"2023-09-18",15.15
"2023-09-19",15.2
"2023-09-20",13.9
"2023-09-21",14.7
"2023-09-22",15.95
"2023-09-23",14.8
"2023-09-24",13.75
"2023-09-25",15.35
"2023-09-26",15.35
"2023-09-27",14.35
"2023-09-28",14.9
"2023-09-29",13.85
"2023-09-30",12.65
"2023-10-01",12.85
"2023-10-02",13
"2023-10-03",15.15
"2023-10-04",16
"2023-10-05",17.5
"2023-10-06",20.4
"2023-10-07",18.85
"2023-10-08",17.55
"2023-10-09",13.65
"2023-10-10",13.7
"2023-10-11",12.85
"2023-10-12",13.5
"2023-10-13",12.1
"2023-10-14",13.35
"2023-10-15",16.1
"2023-10-16",14.1
"2023-10-17",13.95
"2023-10-18",13.7
"2023-10-19",13.95
"2023-10-20",14.1
"2023-10-21",13.85
"2023-10-22",14.05
"2023-10-23",11.1
"2023-10-24",8.65
"2023-10-25",7.2
"2023-10-26",7
"2023-10-27",5.15
"2023-10-28",4.85
"2023-10-29",5.65
"2023-10-30",5.95
"2023-10-31",7.75
"2023-11-01",10.65
"2023-11-02",14.9
"2023-11-03",14.85
"2023-11-04",12.7
"2023-11-05",12.2
"2023-11-06",10.35
"2023-11-07",8.15
"2023-11-08",5.9
"2023-11-09",7.05
"2023-11-10",8.05
"2023-11-11",9.5
"2023-11-12",10.4
"2023-11-13",8.55
"2023-11-14",7.1
"2023-11-15",9.35
"2023-11-16",7.4
"2023-11-17",7.4
"2023-11-18",7.95
"2023-11-19",5.85
"2023-11-20",3.45
"2023-11-21",6.85
"2023-11-22",7.35
"2023-11-23",3.85
"2023-11-24",2.8
"2023-11-25",1.9
"2023-11-26",1.65
"2023-11-27",0.9
"2023-11-28",-0.1
"2023-11-29",1.05
"2023-11-30",5.35
"2023-12-01",8.7
"2023-12-02",10.5
"2023-12-03",12.4
"2023-12-04",14.4
"2023-12-05",13.9
"2023-12-06",9.2
"2023-12-07",5.75
"2023-12-08",4.5
"2023-12-09",4.6
"2023-12-10",9.65
"2023-12-11",8.55
"2023-12-12",5.55
"2023-12-13",3.45
"2023-12-14",5.6
"2023-12-15",3.55
"2023-12-16",2.6
"2023-12-17",2.6
"2023-12-18",5.2
"2023-12-19",9.75
"2023-12-20",7.4
"2023-12-21",5.15
"2023-12-22",3.4
"2023-12-23",2.65
"2023-12-24",5.75
"2023-12-25",9.5
"2023-12-26",9.1
"2023-12-27",7.65
"2023-12-28",9.05
"2023-12-29",9.75
"2023-12-30",8.65
"2023-12-31",4.5
"2024-01-01",4.4
"2024-01-02",4.85
"2024-01-03",6.25
"2024-01-04",5.1
"2024-01-05",5.05
"2024-01-06",4.25
"2024-01-07",5.15
"2024-01-08",6.85
"2024-01-09",4.9
"2024-01-10",3.8
"2024-01-11",4.2
"2024-01-12",0.95
"2024-01-13",-5.6
"2024-01-14",-4.85
"2024-01-15",-4.75
"2024-01-16",-1.85
"2024-01-17",4.95
"2024-01-18",4.15
"2024-01-19",2.15
"2024-01-20",3.8
"2024-01-21",8.8
"2024-01-22",10
"2024-01-23",9.1
"2024-01-24",9.6
"2024-01-25",9.05
"2024-01-26",10.3
"2024-01-27",13.55
"2024-01-28",13.4
"2024-01-29",11.05
"2024-01-30",12.25
"2024-01-31",11.85
"2024-02-01",10.85
"2024-02-02",7.15
"2024-02-03",4.95
"2024-02-04",4.4
"2024-02-05",7.55
"2024-02-06",7.85
"2024-02-07",7
"2024-02-08",6.65
"2024-02-09",5.9
"2024-02-10",8.2
"2024-02-11",9.25
"2024-02-12",5.9
"2024-02-13",4.85
"2024-02-14",5.85
"2024-02-15",7.1
"2024-02-16",6.2
"2024-02-17",5.95
"2024-02-18",8.35
"2024-02-19",8.2
"2024-02-20",8.9
"2024-02-21",8.65
"2024-02-22",9.1
"2024-02-23",7.1
"2024-02-24",10.3
"2024-02-25",7.6
"2024-02-26",7.45
"2024-02-27",9.6
"2024-02-28",10
"2024-02-29",9.25
"2024-03-01",3.55
"2024-03-02",3.1
"2024-03-03",2.95
"2024-03-04",3.15
"2024-03-05",3.35
"2024-03-06",3.25
"2024-03-07",4.4
"2024-03-08",7.5
"2024-03-09",8.3
"2024-03-10",7.85
"2024-03-11",7.35
"2024-03-12",7.3
"2024-03-13",6.4
"2024-03-14",8.15
"2024-03-15",11.4
"2024-03-16",13.15
"2024-03-17",11.75
"2024-03-18",13.4
"2024-03-19",10.75
"2024-03-20",11.15
"2024-03-21",12.45
"2024-03-22",10.1
"2024-03-23",8.05
"2024-03-24",8.85
"2024-03-25",9
"2024-03-26",10.3
"2024-03-27",9.6
"2024-03-28",6.6
"2024-03-29",9.3
"2024-03-30",10.7
"2024-03-31",9.85
"2024-04-01",12.5
"2024-04-02",14.9
"2024-04-03",7.1
"2024-04-04",5.1
"2024-04-05",5.7
"2024-04-06",8.05
"2024-04-07",9.6
"2024-04-08",10.15
"2024-04-09",10.25
"2024-04-10",10.95
"2024-04-11",11.2
"2024-04-12",12.5
"2024-04-13",10.75
"2024-04-14",12.4
"2024-04-15",10
"2024-04-16",7.75
"2024-04-17",9.05
"2024-04-18",10.85
"2024-04-19",13.15
"2024-04-20",11.45
"2024-04-21",9.3
"2024-04-22",11.8
"2024-04-23",13.75
"2024-04-24",11.45
"2024-04-25",11.8
"2024-04-26",10.8
"2024-04-27",10.55
"2024-04-28",10.5
"2024-04-29",8.75
"2024-04-30",8.35
"2024-05-01",8.5
"2024-05-02",10.6
"2024-05-03",8.8
"2024-05-04",8.05
"2024-05-05",9.9
"2024-05-06",9.55
"2024-05-07",9.55
"2024-05-08",11.15
"2024-05-09",17.1
"2024-05-10",20.45
"2024-05-11",20.4
"2024-05-12",18.1
"2024-05-13",16.55
"2024-05-14",17.2
"2024-05-15",18.25
"2024-05-16",15.1
"2024-05-17",12.95
"2024-05-18",11.4
"2024-05-19",10.3
"2024-05-20",11.55
"2024-05-21",11.65
"2024-05-22",11.65
"2024-05-23",13.35
"2024-05-24",14.25
"2024-05-25",10.85
"2024-05-26",13.6
"2024-05-27",15.3
"2024-05-28",13.65
"2024-05-29",12.5
"2024-05-30",13.25
"2024-05-31",15.95
"2024-06-01",16.5
"2024-06-02",14.65
"2024-06-03",14.2
"2024-06-04",16.4
"2024-06-05",16.7
"2024-06-06",18.85
"2024-06-07",20.2
"2024-06-08",19.2
"2024-06-09",18.1
"2024-06-10",18.1
"2024-06-11",15.3
"2024-06-12",15.45
"2024-06-13",15.15
"2024-06-14",13.6
"2024-06-15",11.6
"2024-06-16",10.9
"2024-06-17",12
"2024-06-18",14.4
"2024-06-19",18.2
"2024-06-20",20.5
"2024-06-21",20.95
"2024-06-22",19.85
"2024-06-23",16.45
"2024-06-24",17.9
"2024-06-25",20.25
"2024-06-26",16.95
"2024-06-27",15.85
"2024-06-28",18.45
"2024-06-29",19.45
"2024-06-30",20.5
"2024-07-01",19.5
"2024-07-02",18.3
"2024-07-03",17.6
"2024-07-04",22.75
"2024-07-05",25
"2024-07-06",25.65
"2024-07-07",26.05
"2024-07-08",27.4
"2024-07-09",27.65
"2024-07-10",24.15
"2024-07-11",21.1
"2024-07-12",21.5
"2024-07-13",23.55
"2024-07-14",23.3
"2024-07-15",22.65
"2024-07-16",24
"2024-07-17",20.45
"2024-07-18",21.05
"2024-07-19",22.95
"2024-07-20",23.5
"2024-07-21",19.85
"2024-07-22",19.4
"2024-07-23",19.65
"2024-07-24",19.6
"2024-07-25",17.55
"2024-07-26",19.15
"2024-07-27",18.75
"2024-07-28",19.15
"2024-07-29",18.6
"2024-07-30",20.25
"2024-07-31",23.05
"2024-08-01",25.05
"2024-08-02",23.55
"2024-08-03",21.05
"2024-08-04",23.15
"2024-08-05",20.7
"2024-08-06",17.85
"2024-08-07",21.55
"2024-08-08",23.25
"2024-08-09",22.35
"2024-08-10",21.05
"2024-08-11",20.5
"2024-08-12",18.1
"2024-08-13",17.05
"2024-08-14",17.6
"2024-08-15",19.95
"2024-08-16",21.2
"2024-08-17",19.4
"2024-08-18",19
"2024-08-19",18.65
"2024-08-20",18.15
"2024-08-21",18.35
"2024-08-22",15.45
"2024-08-23",14.15
"2024-08-24",16.45
"2024-08-25",18.2
"2024-08-26",20.05
"2024-08-27",16.1
"2024-08-28",16.75
"2024-08-29",20.9
"2024-08-30",22.5
"2024-08-31",22.35
"2024-09-01",19.15
"2024-09-02",15.7
"2024-09-03",18.5
"2024-09-04",21.45
"2024-09-05",24.3
"2024-09-06",23
"2024-09-07",21.65
"2024-09-08",20.35
"2024-09-09",19.7
"2024-09-10",19.4
"2024-09-11",15.05
"2024-09-12",15
"2024-09-13",16.15
"2024-09-14",17.5
"2024-09-15",15.15
"2024-09-16",16.15
"2024-09-17",13.7
"2024-09-18",16.35
"2024-09-19",16.65
"2024-09-20",14.9
"2024-09-21",15.75
"2024-09-22",17.4
"2024-09-23",19.6
"2024-09-24",22.9
"2024-09-25",13.2
"2024-09-26",14.7
"2024-09-27",15.5
"2024-09-28",16.1
"2024-09-29",12.65
"2024-09-30",14.2
"2024-10-01",16.05
"2024-10-02",13.3
"2024-10-03",13.5
"2024-10-04",11
"2024-10-05",12.65
"2024-10-06",14.7
"2024-10-07",16.25
"2024-10-08",16.15
"2024-10-09",12.6
"2024-10-10",12
"2024-10-11",13.4
"2024-10-12",16.3
"2024-10-13",15.75
"2024-10-14",15.9
"2024-10-15",15.45
"2024-10-16",11.95
"2024-10-17",9.65
"2024-10-18",8.8
"2024-10-19",15.85
"2024-10-20",13.6
"2024-10-21",9.85
"2024-10-22",9.2
"2024-10-23",7.8
"2024-10-24",6.9
"2024-10-25",8.35
"2024-10-26",16.9
"2024-10-27",11.95
"2024-10-28",8.8
"2024-10-29",8.7
"2024-10-30",7.85
"2024-10-31",9
"2024-11-01",10.25
"2024-11-02",8.75
"2024-11-03",9.25
"2024-11-04",8.7
"2024-11-05",7.6
"2024-11-06",5.9
"2024-11-07",7.2
"2024-11-08",6.85
"2024-11-09",9.45
"2024-11-10",9.75
"2024-11-11",9.5
"2024-11-12",10.35
"2024-11-13",9.95
"2024-11-14",8.05
"2024-11-15",5.75
"2024-11-16",5.3
"2024-11-17",7.6
"2024-11-18",5.05
"2024-11-19",7.35
"2024-11-20",6.55
"2024-11-21",7.85
"2024-11-22",9.5
"2024-11-23",6
"2024-11-24",8.85
"2024-11-25",6.25
"2024-11-26",6.25
"2024-11-27",3.4
"2024-11-28",3.15
"2024-11-29",3
"2024-11-30",1
"2024-12-01",0.2
"2024-12-02",-0.05
"2024-12-03",0.5
"2024-12-04",0.3
"2024-12-05",0.7
"2024-12-06",2.2
"2024-12-07",6.45
"2024-12-08",4.85
"2024-12-09",2.4
"2024-12-10",2
"2024-12-11",1.65
"2024-12-12",5.35
"2024-12-13",6.9
"2024-12-14",6.2
"2024-12-15",6.8
"2024-12-16",8.45
"2024-12-17",11.95
"2024-12-18",10.7
"2024-12-19",9.25
"2024-12-20",8.65
"2024-12-21",8.8
"2024-12-22",8.05
"2024-12-23",7.35
"2024-12-24",7.05
"2024-12-25",8.4
"2024-12-26",9.7
"2024-12-27",9.9
"2024-12-28",10
"2024-12-29",8.85
"2024-12-30",4.4
"2024-12-31",3.05
"2025-01-01",6.85
"2025-01-02",8.2
"2025-01-03",9.05
"2025-01-04",8.3
"2025-01-05",9.9
"2025-01-06",7
"2025-01-07",4.15
"2025-01-08",5.75
"2025-01-09",4.45
"2025-01-10",7.7
"2025-01-11",6.5
"2025-01-12",5.1
"2025-01-13",3.1
"2025-01-14",2.75
"2025-01-15",2.6
"2025-01-16",2.3
"2025-01-17",2.2
"2025-01-18",1.6
"2025-01-19",0.85
"2025-01-20",1.5
"2025-01-21",2.35
"2025-01-22",2.05
"2025-01-23",2.05
"2025-01-24",2.25
"2025-01-25",3.15
"2025-01-26",2.45
"2025-01-27",2.45
"2025-01-28",2.35
"2025-01-29",3.35
"2025-01-30",2.9
"2025-01-31",8.5
"2025-02-01",5.75
"2025-02-02",3.95
"2025-02-03",2.4
"2025-02-04",1.85
"2025-02-05",3.75
"2025-02-06",3.1
"2025-02-07",3.9
"2025-02-08",4.95
"2025-02-09",3.65
"2025-02-10",1.3
"2025-02-11",0.3
"2025-02-12",0.55
"2025-02-13",1
"2025-02-14",3.9
"2025-02-15",6.4
"2025-02-16",9.5
"2025-02-17",8.75
"2025-02-18",8.9
"2025-02-19",8.55
"2025-02-20",7.95
"2025-02-21",8.4
"2025-02-22",9.05
"2025-02-23",6.7
"2025-02-24",6.3
"2025-02-25",4.8
"2025-02-26",4.35
"2025-02-27",5.2
"2025-02-28",5.55
"2025-03-01",6.2
"2025-03-02",9.5
"2025-03-03",9.35
"2025-03-04",8.35
"2025-03-05",7.5
"2025-03-06",7.4
"2025-03-07",8.05
"2025-03-08",10.6
"2025-03-09",9.55
"2025-03-10",8.05
"2025-03-11",9.2
"2025-03-12",6.9
"2025-03-13",4.8
"2025-03-14",6.55
"2025-03-15",7.35
"2025-03-16",5.3
"2025-03-17",6.85
"2025-03-18",6.85
"2025-03-19",7.9
"2025-03-20",7.85
"2025-03-21",8.25
"2025-03-22",9.15
"2025-03-23",14.35
"2025-03-24",16.45
"2025-03-25",15.9
"2025-03-26",16.55
"2025-03-27",12.15
"2025-03-28",8.45
"2025-03-29",8.95
"2025-03-30",8.65
"2025-03-31",7.25
"2025-04-01",7.65
"2025-04-02",6.3
"2025-04-03",7.4
"2025-04-04",9.15
"2025-04-05",12.8
"2025-04-06",10.9
"2025-04-07",10.8
"2025-04-08",10.4
"2025-04-09",12.1
"2025-04-10",12.5
"2025-04-11",9.5
"2025-04-12",7.8
"2025-04-13",9.65
"2025-04-14",12.55
"2025-04-15",12.8
"2025-04-16",11.4
"2025-04-17",11.1
"2025-04-18",12.45
"2025-04-19",10.25
"2025-04-20",8.65
"2025-04-21",8.75
"2025-04-22",9.15
"2025-04-23",10.95
"2025-04-24",12.35
"2025-04-25",12.8
"2025-04-26",11.7
"2025-04-27",11.3
"2025-04-28",13.45
"2025-04-29",10.8
"2025-04-30",10
"2025-05-01",13.9
"2025-05-02",13.6
"2025-05-03",8.5
"2025-05-04",9.1
"2025-05-05",12.6
"2025-05-06",15.45
"2025-05-07",13.15
"2025-05-08",11.7
"2025-05-09",13.25
"2025-05-10",12.65
"2025-05-11",11.8
"2025-05-12",10.45
"2025-05-13",12.35
"2025-05-14",11.95
"2025-05-15",10.25
"2025-05-16",12.4
"2025-05-17",11.45
"2025-05-18",10.25
"2025-05-19",12
"2025-05-20",10
"2025-05-21",10.45
"2025-05-22",11.6
"2025-05-23",12.75
"2025-05-24",14.45
"2025-05-25",12.65
"2025-05-26",12.25
"2025-05-27",15.15
"2025-05-28",16.1
"2025-05-29",14.05
"2025-05-30",16.75
"2025-05-31",13.3
"2025-06-01",13.15
"2025-06-02",14.1
"2025-06-03",14.5
"2025-06-04",14.5
"2025-06-05",16.3
"2025-06-06",19.15
"2025-06-07",20.45
"2025-06-08",22.3
"2025-06-09",22.4
"2025-06-10",18.6
"2025-06-11",14.7
"2025-06-12",14.3
"2025-06-13",10.8
"2025-06-14",11.9
"2025-06-15",13.8
"2025-06-16",15.05
"2025-06-17",16
"2025-06-18",13.7
"2025-06-19",13.85
"2025-06-20",12.2
"2025-06-21",10.4
"2025-06-22",14.2
"2025-06-23",16.85
"2025-06-24",18.8
"2025-06-25",15.95
"2025-06-26",17.65
"2025-06-27",17.85
"2025-06-28",18.7
"2025-06-29",21.2
"2025-06-30",23.55
"2025-07-01",21.05
"2025-07-02",18.25
"2025-07-03",16.75
"2025-07-04",15.35
"2025-07-05",16.05
"2025-07-06",19.45
"2025-07-07",21.5
"2025-07-08",21.45
"2025-07-09",19.45
"2025-07-10",20
"2025-07-11",21.2
"2025-07-12",22.65
"2025-07-13",25.25
"2025-07-14",19.95
"2025-07-15",20.15
"2025-07-16",23.2
"2025-07-17",20.35
"2025-07-18",19.95
"2025-07-19",18.85
"2025-07-20",17.3
"2025-07-21",16.75
"2025-07-22",18.7
"2025-07-23",21.4
"2025-07-24",19.4
"2025-07-25",18.15
"2025-07-26",17.05
"2025-07-27",16.95
"2025-07-28",18.45
"2025-07-29",21.15
"2025-07-30",20.35
"2025-07-31",20.65
"2025-08-01",20.25
"2025-08-02",18.55
"2025-08-03",16.05
"2025-08-04",15.9
"2025-08-05",17.5
"2025-08-06",18.6
"2025-08-07",15.5
"2025-08-08",17.45
"2025-08-09",19.85
"2025-08-10",24.8
"2025-08-11",26.6
"2025-08-12",24.95
"2025-08-13",21.9
"2025-08-14",21
"2025-08-15",20.15
"2025-08-16",19.3
"2025-08-17",19
"2025-08-18",17.2
"2025-08-19",17.5
"2025-08-20",19.3
"2025-08-21",19.95
"2025-08-22",23.9
"2025-08-23",24.45
"2025-08-24",24.4
"2025-08-25",24
"2025-08-26",23.55
"2025-08-27",22.55
"2025-08-28",21.4
"2025-08-29",19.75
"2025-08-30",17.95
"2025-08-31",19.5
"2025-09-01",18.1
"2025-09-02",20.55
"2025-09-03",21.2
"2025-09-04",22.45
"2025-09-05",20.85
"2025-09-06",17.8
"2025-09-07",18.65
"2025-09-08",17
"2025-09-09",17
"2025-09-10",16
"2025-09-11",15.3
"2025-09-12",14.75
"2025-09-13",16.4
"2025-09-14",13.7
"2025-09-15",13.7
"2025-09-16",18.7
"2025-09-17",17.55
"2025-09-18",16.5
"2025-09-19",17.4
"2025-09-20",16.9
"2025-09-21",13.55
"2025-09-22",14.55
"2025-09-23",17.65
"2025-09-24",18.8
"2025-09-25",15.5
"2025-09-26",13.9
"2025-09-27",15.55
"2025-09-28",16.05
"2025-09-29",12
"2025-09-30",13.05
"2025-10-01",12.8
"2025-10-02",12.9
"2025-10-03",13.25
"2025-10-04",13.85
"2025-10-05",13.6
"2025-10-06",15.35
"2025-10-07",15.8
"2025-10-08",9.25
"2025-10-09",8.9
"2025-10-10",11.75
"2025-10-11",11
"2025-10-12",8.35
"2025-10-13",8.8
"2025-10-14",8.9
"2025-10-15",9.1
"2025-10-16",9.2
"2025-10-17",10.65
"2025-10-18",10.5
"2025-10-19",9.7
"2025-10-20",9.35
"2025-10-21",8.55
"2025-10-22",9.8
"2025-10-23",11.4
"2025-10-24",10.2
"2025-10-25",8.45
"2025-10-26",7.4
"2025-10-27",8.15
"2025-10-28",10
"2025-10-29",8.35
"2025-10-30",5.95
"2025-10-31",10.25
"2025-11-01",10.5
"2025-11-02",8.5
"2025-11-03",8.45
"2025-11-04",10.65
"2025-11-05",12.85
"2025-11-06",11.15
"2025-11-07",8.35
"2025-11-08",5.95
"2025-11-09",7.35
"2025-11-10",9.5
"2025-11-11",9.7
"2025-11-12",10.15
"2025-11-13",10.75
"2025-11-14",11.85
"2025-11-15",10.75
"2025-11-16",8.8
"2025-11-17",4.45
"2025-11-18",2.55
"2025-11-19",2.85
"2025-11-20",5.25
"2025-11-21",2.65
"2025-11-22",2.25
"2025-11-23",5.15
"2025-11-24",5.6
"2025-11-25",4.65
"2025-11-26",8
"2025-11-27",9.3
"2025-11-28",7.4
"2025-11-29",3.8
"2025-11-30",4.2
"2025-12-01",3.25
"2025-12-02",6.95
"2025-12-03",5.35
"2025-12-04",8.05
"2025-12-05",11.8
"2025-12-06",11.25
"2025-12-07",11.85
"2025-12-08",13.25
"2025-12-09",12.6
"2025-12-10",14.5
"2025-12-11",10.95
"2025-12-12",7.4
"2025-12-13",4.25
"2025-12-14",7.5
"2025-12-15",13.05
"2025-12-16",12
"2025-12-17",8.1
"2025-12-18",9.8
"2025-12-19",6.5
"2025-12-20",6.6
"2025-12-21",7
"2025-12-22",8.35
"2025-12-23",6.7
"2025-12-24",7.15
"2025-12-25",8.3
"2025-12-26",6.65
"2025-12-27",4.8
"2025-12-28",2.6
"2025-12-29",3.6
"2025-12-30",3.25
"2025-12-31",1.1
"2026-01-01",6.25
"2026-01-02",9.1
"2026-01-03",7.8
"2026-01-04",6.1
"2026-01-05",3.7
"2026-01-06",4.25
"2026-01-07",3.45
"2026-01-08",2.8
"2026-01-09",3.55
"2026-01-10",5.2
"2026-01-11",7.1
"2026-01-12",4.7
"2026-01-13",3.15
"2026-01-14",1.6
"2026-01-15",4.65
"2026-01-16",5.25
"2026-01-17",4.4
"2026-01-18",3
"2026-01-19",2.95
"2026-01-20",1.3
"2026-01-21",1.25
"2026-01-22",0.55
"2026-01-23",2.85
"2026-01-24",0.65
"2026-01-25",-0.1
"2026-01-26",2.75
"2026-01-27",3.25
"2026-01-28",9.4
"2026-01-29",8.4
"2026-01-30",9.5
"2026-01-31",6.25
"2026-02-01",8.1
"2026-02-02",7.8
"2026-02-03",5.3
"2026-02-04",6.05
"2026-02-05",5.55
"2026-02-06",6.05
"2026-02-07",6.65
"2026-02-08",7
"2026-02-09",6
"2026-02-10",2.8
"2026-02-11",4.6
"2026-02-12",5.4
"2026-02-13",4.9
"2026-02-14",5.3
"2026-02-15",4.85
"2026-02-16",2.65
"2026-02-17",2.15
"2026-02-18",2.15
"2026-02-19",1.5
"2026-02-20",2.65
"2026-02-21",7.6
"2026-02-22",8.15
"2026-02-23",5.9
"2026-02-24",5.5
"2026-02-25",4
"2026-02-26",3.55
"2026-02-27",4.25
"2026-02-28",4.75
"2026-03-01",5.5
"2026-03-02",9.65
"2026-03-03",10.4
"2026-03-04",8.4
"2026-03-05",7.1
"2026-03-06",8.55
"2026-03-07",12.1
"2026-03-08",8.7
"2026-03-09",5.4
"2026-03-10",4.9
"2026-03-11",8.5
"2026-03-12",10.55
"2026-03-13",10.85
"2026-03-14",5.15
"2026-03-15",4.6
"2026-03-16",14.05
"2026-03-17",12.75
"2026-03-18",12.85
"2026-03-19",15.1
"2026-03-20",13.2
"2026-03-21",7.1
"2026-03-22",7.4
"2026-03-23",8.25
"2026-03-24",10.5
"2026-03-25",6.4
"2026-03-26",5.7
"2026-03-27",8.45
"2026-03-28",9.4
"2026-03-29",8.35
"2026-03-30",7.7
"2026-03-31",10.4
"2026-04-01",7
"2026-04-02",7.1
"2026-04-03",8
"2026-04-04",11.15
"2026-04-05",14.75
"2026-04-06",15.2
"2026-04-07",10.6
"2026-04-08",11.6
"2026-04-09",13
"2026-04-10",14.7
"2026-04-11",10.95
"2026-04-12",9.75